Date,Month,Season,Temperature,DayType,Event,TimeSlot,LocationType,Product,UnitsSold,Sales
2022-01-01,1,Winter,23.4901424590337,Weekend,Summer Vacation,Evening,Rural,Vanilla,158,6320
2022-01-01,1,Winter,23.4901424590337,Weekend,Summer Vacation,Evening,Rural,Chocolate,196,9800
2022-01-01,1,Winter,23.4901424590337,Weekend,Summer Vacation,Evening,Rural,Strawberry,159,7155
2022-01-01,1,Winter,23.4901424590337,Weekend,Summer Vacation,Evening,Rural,Butterscotch,167,9185
2022-01-01,1,Winter,23.4901424590337,Weekend,Summer Vacation,Evening,Rural,Coffee,120,7200
2022-01-02,1,Winter,20.285859502737576,Weekend,None,Afternoon,Urban,Vanilla,96,3840
2022-01-02,1,Winter,20.285859502737576,Weekend,None,Afternoon,Urban,Chocolate,117,5850
2022-01-02,1,Winter,20.285859502737576,Weekend,None,Afternoon,Urban,Strawberry,104,4680
2022-01-02,1,Winter,20.285859502737576,Weekend,None,Afternoon,Urban,Butterscotch,108,5940
2022-01-02,1,Winter,20.285859502737576,Weekend,None,Afternoon,Urban,Coffee,67,4020
2022-01-03,1,Winter,26.39694630676466,Weekday,None,Evening,Urban,Vanilla,135,5400
2022-01-03,1,Winter,26.39694630676466,Weekday,None,Evening,Urban,Chocolate,168,8400
2022-01-03,1,Winter,26.39694630676466,Weekday,None,Evening,Urban,Strawberry,117,5265
2022-01-03,1,Winter,26.39694630676466,Weekday,None,Evening,Urban,Butterscotch,144,7920
2022-01-03,1,Winter,26.39694630676466,Weekday,None,Evening,Urban,Coffee,125,7500
2022-01-04,1,Winter,22.873102003786546,Weekday,None,Morning,Urban,Vanilla,89,3560
2022-01-04,1,Winter,22.873102003786546,Weekday,None,Morning,Urban,Chocolate,130,6500
2022-01-04,1,Winter,22.873102003786546,Weekday,None,Morning,Urban,Strawberry,70,3150
2022-01-04,1,Winter,22.873102003786546,Weekday,None,Morning,Urban,Butterscotch,111,6105
2022-01-04,1,Winter,22.873102003786546,Weekday,None,Morning,Urban,Coffee,49,2940
2022-01-05,1,Winter,18.015441853304708,Weekday,None,Evening,Rural,Vanilla,91,3640
2022-01-05,1,Winter,18.015441853304708,Weekday,None,Evening,Rural,Chocolate,110,5500
2022-01-05,1,Winter,18.015441853304708,Weekday,None,Evening,Rural,Strawberry,93,4185
2022-01-05,1,Winter,18.015441853304708,Weekday,None,Evening,Rural,Butterscotch,82,4510
2022-01-05,1,Winter,18.015441853304708,Weekday,None,Evening,Rural,Coffee,47,2820
2022-01-06,1,Winter,24.321101250501044,Weekday,None,Afternoon,Urban,Vanilla,94,3760
2022-01-06,1,Winter,24.321101250501044,Weekday,None,Afternoon,Urban,Chocolate,128,6400
2022-01-06,1,Winter,24.321101250501044,Weekday,None,Afternoon,Urban,Strawberry,86,3870
2022-01-06,1,Winter,24.321101250501044,Weekday,None,Afternoon,Urban,Butterscotch,103,5665
2022-01-06,1,Winter,24.321101250501044,Weekday,None,Afternoon,Urban,Coffee,91,5460
2022-01-07,1,Winter,25.092998567487854,Weekday,None,Morning,Rural,Vanilla,94,3760
2022-01-07,1,Winter,25.092998567487854,Weekday,None,Morning,Rural,Chocolate,73,3650
2022-01-07,1,Winter,25.092998567487854,Weekday,None,Morning,Rural,Strawberry,88,3960
2022-01-07,1,Winter,25.092998567487854,Weekday,None,Morning,Rural,Butterscotch,85,4675
2022-01-07,1,Winter,25.092998567487854,Weekday,None,Morning,Rural,Coffee,58,3480
2022-01-08,1,Winter,25.539149034102103,Weekend,None,Night,Urban,Vanilla,113,4520
2022-01-08,1,Winter,25.539149034102103,Weekend,None,Night,Urban,Chocolate,157,7850
2022-01-08,1,Winter,25.539149034102103,Weekend,None,Night,Urban,Strawberry,104,4680
2022-01-08,1,Winter,25.539149034102103,Weekend,None,Night,Urban,Butterscotch,144,7920
2022-01-08,1,Winter,25.539149034102103,Weekend,None,Night,Urban,Coffee,124,7440
2022-01-09,1,Winter,21.892521882670145,Weekend,Diwali,Afternoon,Urban,Vanilla,174,6960
2022-01-09,1,Winter,21.892521882670145,Weekend,Diwali,Afternoon,Urban,Chocolate,159,7950
2022-01-09,1,Winter,21.892521882670145,Weekend,Diwali,Afternoon,Urban,Strawberry,151,6795
2022-01-09,1,Winter,21.892521882670145,Weekend,Diwali,Afternoon,Urban,Butterscotch,179,9845
2022-01-09,1,Winter,21.892521882670145,Weekend,Diwali,Afternoon,Urban,Coffee,120,7200
2022-01-10,1,Winter,20.396750638979483,Weekday,Navratri,Afternoon,Rural,Vanilla,78,3120
2022-01-10,1,Winter,20.396750638979483,Weekday,Navratri,Afternoon,Rural,Chocolate,109,5450
2022-01-10,1,Winter,20.396750638979483,Weekday,Navratri,Afternoon,Rural,Strawberry,83,3735
2022-01-10,1,Winter,20.396750638979483,Weekday,Navratri,Afternoon,Rural,Butterscotch,125,6875
2022-01-10,1,Winter,20.396750638979483,Weekday,Navratri,Afternoon,Rural,Coffee,85,5100
2022-01-11,1,Winter,20.410719388698883,Weekday,None,Evening,Rural,Vanilla,103,4120
2022-01-11,1,Winter,20.410719388698883,Weekday,None,Evening,Rural,Chocolate,110,5500
2022-01-11,1,Winter,20.410719388698883,Weekday,None,Evening,Rural,Strawberry,96,4320
2022-01-11,1,Winter,20.410719388698883,Weekday,None,Evening,Rural,Butterscotch,102,5610
2022-01-11,1,Winter,20.410719388698883,Weekday,None,Evening,Rural,Coffee,71,4260
2022-01-12,1,Winter,25.821200860418667,Weekday,None,Morning,Rural,Vanilla,78,3120
2022-01-12,1,Winter,25.821200860418667,Weekday,None,Morning,Rural,Chocolate,77,3850
2022-01-12,1,Winter,25.821200860418667,Weekday,None,Morning,Rural,Strawberry,67,3015
2022-01-12,1,Winter,25.821200860418667,Weekday,None,Morning,Rural,Butterscotch,85,4675
2022-01-12,1,Winter,25.821200860418667,Weekday,None,Morning,Rural,Coffee,53,3180
2022-01-13,1,Winter,21.516142865001974,Weekday,None,Evening,Urban,Vanilla,130,5200
2022-01-13,1,Winter,21.516142865001974,Weekday,None,Evening,Urban,Chocolate,149,7450
2022-01-13,1,Winter,21.516142865001974,Weekday,None,Evening,Urban,Strawberry,86,3870
2022-01-13,1,Winter,21.516142865001974,Weekday,None,Evening,Urban,Butterscotch,120,6600
2022-01-13,1,Winter,21.516142865001974,Weekday,None,Evening,Urban,Coffee,84,5040
2022-01-14,1,Winter,22.307043047649,Weekday,None,Morning,Urban,Vanilla,90,3600
2022-01-14,1,Winter,22.307043047649,Weekday,None,Morning,Urban,Chocolate,113,5650
2022-01-14,1,Winter,22.307043047649,Weekday,None,Morning,Urban,Strawberry,91,4095
2022-01-14,1,Winter,22.307043047649,Weekday,None,Morning,Urban,Butterscotch,106,5830
2022-01-14,1,Winter,22.307043047649,Weekday,None,Morning,Urban,Coffee,60,3600
2022-01-15,1,Winter,25.42846844354506,Weekend,None,Evening,Urban,Vanilla,167,6680
2022-01-15,1,Winter,25.42846844354506,Weekend,None,Evening,Urban,Chocolate,208,10400
2022-01-15,1,Winter,25.42846844354506,Weekend,None,Evening,Urban,Strawberry,161,7245
2022-01-15,1,Winter,25.42846844354506,Weekend,None,Evening,Urban,Butterscotch,158,8690
2022-01-15,1,Winter,25.42846844354506,Weekend,None,Evening,Urban,Coffee,126,7560
2022-01-16,1,Winter,20.51970255339002,Weekend,None,Morning,Urban,Vanilla,125,5000
2022-01-16,1,Winter,20.51970255339002,Weekend,None,Morning,Urban,Chocolate,110,5500
2022-01-16,1,Winter,20.51970255339002,Weekend,None,Morning,Urban,Strawberry,101,4545
2022-01-16,1,Winter,20.51970255339002,Weekend,None,Morning,Urban,Butterscotch,106,5830
2022-01-16,1,Winter,20.51970255339002,Weekend,None,Morning,Urban,Coffee,96,5760
2022-01-17,1,Winter,19.241727297298592,Weekday,None,Morning,Rural,Vanilla,85,3400
2022-01-17,1,Winter,19.241727297298592,Weekday,None,Morning,Rural,Chocolate,69,3450
2022-01-17,1,Winter,19.241727297298592,Weekday,None,Morning,Rural,Strawberry,64,2880
2022-01-17,1,Winter,19.241727297298592,Weekday,None,Morning,Rural,Butterscotch,84,4620
2022-01-17,1,Winter,19.241727297298592,Weekday,None,Morning,Rural,Coffee,58,3480
2022-01-18,1,Winter,26.091659573251317,Weekday,None,Morning,Urban,Vanilla,146,5840
2022-01-18,1,Winter,26.091659573251317,Weekday,None,Morning,Urban,Chocolate,133,6650
2022-01-18,1,Winter,26.091659573251317,Weekday,None,Morning,Urban,Strawberry,109,4905
2022-01-18,1,Winter,26.091659573251317,Weekday,None,Morning,Urban,Butterscotch,100,5500
2022-01-18,1,Winter,26.091659573251317,Weekday,None,Morning,Urban,Coffee,66,3960
2022-01-19,1,Winter,23.565824696850694,Weekday,None,Evening,Rural,Vanilla,110,4400
2022-01-19,1,Winter,23.565824696850694,Weekday,None,Evening,Rural,Chocolate,130,6500
2022-01-19,1,Winter,23.565824696850694,Weekday,None,Evening,Rural,Strawberry,107,4815
2022-01-19,1,Winter,23.565824696850694,Weekday,None,Evening,Rural,Butterscotch,118,6490
2022-01-19,1,Winter,23.565824696850694,Weekday,None,Evening,Rural,Coffee,66,3960
2022-01-20,1,Winter,25.148042176962598,Weekday,None,Evening,Urban,Vanilla,155,6200
2022-01-20,1,Winter,25.148042176962598,Weekday,None,Evening,Urban,Chocolate,179,8950
2022-01-20,1,Winter,25.148042176962598,Weekday,None,Evening,Urban,Strawberry,109,4905
2022-01-20,1,Winter,25.148042176962598,Weekday,None,Evening,Urban,Butterscotch,163,8965
2022-01-20,1,Winter,25.148042176962598,Weekday,None,Evening,Urban,Coffee,114,6840
2022-01-21,1,Winter,24.46618047998347,Weekday,None,Afternoon,Urban,Vanilla,131,5240
2022-01-21,1,Winter,24.46618047998347,Weekday,None,Afternoon,Urban,Chocolate,137,6850
2022-01-21,1,Winter,24.46618047998347,Weekday,None,Afternoon,Urban,Strawberry,89,4005
2022-01-21,1,Winter,24.46618047998347,Weekday,None,Afternoon,Urban,Butterscotch,131,7205
2022-01-21,1,Winter,24.46618047998347,Weekday,None,Afternoon,Urban,Coffee,90,5400
2022-01-22,1,Winter,30.203266477185224,Weekend,None,Afternoon,Urban,Vanilla,142,5680
2022-01-22,1,Winter,30.203266477185224,Weekend,None,Afternoon,Urban,Chocolate,152,7600
2022-01-22,1,Winter,30.203266477185224,Weekend,None,Afternoon,Urban,Strawberry,133,5985
2022-01-22,1,Winter,30.203266477185224,Weekend,None,Afternoon,Urban,Butterscotch,151,8305
2022-01-22,1,Winter,30.203266477185224,Weekend,None,Afternoon,Urban,Coffee,123,7380
2022-01-23,1,Winter,23.419712873720634,Weekend,None,Night,Rural,Vanilla,94,3760
2022-01-23,1,Winter,23.419712873720634,Weekend,None,Night,Rural,Chocolate,129,6450
2022-01-23,1,Winter,23.419712873720634,Weekend,None,Night,Rural,Strawberry,80,3600
2022-01-23,1,Winter,23.419712873720634,Weekend,None,Night,Rural,Butterscotch,90,4950
2022-01-23,1,Winter,23.419712873720634,Weekend,None,Night,Rural,Coffee,68,4080
2022-01-24,1,Winter,24.13032772109186,Weekday,Christmas,Evening,Urban,Vanilla,168,6720
2022-01-24,1,Winter,24.13032772109186,Weekday,Christmas,Evening,Urban,Chocolate,201,10050
2022-01-24,1,Winter,24.13032772109186,Weekday,Christmas,Evening,Urban,Strawberry,133,5985
2022-01-24,1,Winter,24.13032772109186,Weekday,Christmas,Evening,Urban,Butterscotch,189,10395
2022-01-24,1,Winter,24.13032772109186,Weekday,Christmas,Evening,Urban,Coffee,142,8520
2022-01-25,1,Winter,25.24915372952583,Weekday,None,Afternoon,Urban,Vanilla,121,4840
2022-01-25,1,Winter,25.24915372952583,Weekday,None,Afternoon,Urban,Chocolate,131,6550
2022-01-25,1,Winter,25.24915372952583,Weekday,None,Afternoon,Urban,Strawberry,99,4455
2022-01-25,1,Winter,25.24915372952583,Weekday,None,Afternoon,Urban,Butterscotch,116,6380
2022-01-25,1,Winter,25.24915372952583,Weekday,None,Afternoon,Urban,Coffee,97,5820
2022-01-26,1,Winter,26.312068985000582,Weekday,None,Evening,Urban,Vanilla,139,5560
2022-01-26,1,Winter,26.312068985000582,Weekday,None,Evening,Urban,Chocolate,161,8050
2022-01-26,1,Winter,26.312068985000582,Weekday,None,Evening,Urban,Strawberry,136,6120
2022-01-26,1,Winter,26.312068985000582,Weekday,None,Evening,Urban,Butterscotch,141,7755
2022-01-26,1,Winter,26.312068985000582,Weekday,None,Evening,Urban,Coffee,107,6420
2022-01-27,1,Winter,20.54390935651269,Weekday,None,Evening,Urban,Vanilla,122,4880
2022-01-27,1,Winter,20.54390935651269,Weekday,None,Evening,Urban,Chocolate,139,6950
2022-01-27,1,Winter,20.54390935651269,Weekday,None,Evening,Urban,Strawberry,110,4950
2022-01-27,1,Winter,20.54390935651269,Weekday,None,Evening,Urban,Butterscotch,120,6600
2022-01-27,1,Winter,20.54390935651269,Weekday,None,Evening,Urban,Coffee,92,5520
2022-01-28,1,Winter,26.681140423398638,Weekday,Navratri,Evening,Urban,Vanilla,176,7040
2022-01-28,1,Winter,26.681140423398638,Weekday,Navratri,Evening,Urban,Chocolate,210,10500
2022-01-28,1,Winter,26.681140423398638,Weekday,Navratri,Evening,Urban,Strawberry,147,6615
2022-01-28,1,Winter,26.681140423398638,Weekday,Navratri,Evening,Urban,Butterscotch,224,12320
2022-01-28,1,Winter,26.681140423398638,Weekday,Navratri,Evening,Urban,Coffee,149,8940
2022-01-29,1,Winter,15.924572240027178,Weekend,None,Afternoon,Rural,Vanilla,75,3000
2022-01-29,1,Winter,15.924572240027178,Weekend,None,Afternoon,Rural,Chocolate,75,3750
2022-01-29,1,Winter,15.924572240027178,Weekend,None,Afternoon,Rural,Strawberry,90,4050
2022-01-29,1,Winter,15.924572240027178,Weekend,None,Afternoon,Rural,Butterscotch,75,4125
2022-01-29,1,Winter,15.924572240027178,Weekend,None,Afternoon,Rural,Coffee,53,3180
2022-01-30,1,Winter,22.953301097311357,Weekend,None,Evening,Rural,Vanilla,99,3960
2022-01-30,1,Winter,22.953301097311357,Weekend,None,Evening,Rural,Chocolate,180,9000
2022-01-30,1,Winter,22.953301097311357,Weekend,None,Evening,Rural,Strawberry,126,5670
2022-01-30,1,Winter,22.953301097311357,Weekend,None,Evening,Rural,Butterscotch,113,6215
2022-01-30,1,Winter,22.953301097311357,Weekend,None,Evening,Rural,Coffee,91,5460
2022-01-31,1,Winter,25.800733447559868,Weekday,Holi,Morning,Urban,Vanilla,131,5240
2022-01-31,1,Winter,25.800733447559868,Weekday,Holi,Morning,Urban,Chocolate,167,8350
2022-01-31,1,Winter,25.800733447559868,Weekday,Holi,Morning,Urban,Strawberry,156,7020
2022-01-31,1,Winter,25.800733447559868,Weekday,Holi,Morning,Urban,Butterscotch,156,8580
2022-01-31,1,Winter,25.800733447559868,Weekday,Holi,Morning,Urban,Coffee,99,5940
2022-02-01,2,Winter,18.11517257656042,Weekday,None,Afternoon,Urban,Vanilla,82,3280
2022-02-01,2,Winter,18.11517257656042,Weekday,None,Afternoon,Urban,Chocolate,94,4700
2022-02-01,2,Winter,18.11517257656042,Weekday,None,Afternoon,Urban,Strawberry,77,3465
2022-02-01,2,Winter,18.11517257656042,Weekday,None,Afternoon,Urban,Butterscotch,114,6270
2022-02-01,2,Winter,18.11517257656042,Weekday,None,Afternoon,Urban,Coffee,45,2700
2022-02-02,2,Winter,25.48949125646488,Weekday,Navratri,Afternoon,Urban,Vanilla,141,5640
2022-02-02,2,Winter,25.48949125646488,Weekday,Navratri,Afternoon,Urban,Chocolate,166,8300
2022-02-02,2,Winter,25.48949125646488,Weekday,Navratri,Afternoon,Urban,Strawberry,128,5760
2022-02-02,2,Winter,25.48949125646488,Weekday,Navratri,Afternoon,Urban,Butterscotch,165,9075
2022-02-02,2,Winter,25.48949125646488,Weekday,Navratri,Afternoon,Urban,Coffee,115,6900
2022-02-03,2,Winter,16.307869052534027,Weekday,None,Evening,Urban,Vanilla,128,5120
2022-02-03,2,Winter,16.307869052534027,Weekday,None,Evening,Urban,Chocolate,128,6400
2022-02-03,2,Winter,16.307869052534027,Weekday,None,Evening,Urban,Strawberry,106,4770
2022-02-03,2,Winter,16.307869052534027,Weekday,None,Evening,Urban,Butterscotch,124,6820
2022-02-03,2,Winter,16.307869052534027,Weekday,None,Evening,Urban,Coffee,77,4620
2022-02-04,2,Winter,21.375633248928175,Weekday,None,Morning,Rural,Vanilla,61,2440
2022-02-04,2,Winter,21.375633248928175,Weekday,None,Morning,Rural,Chocolate,73,3650
2022-02-04,2,Winter,21.375633248928175,Weekday,None,Morning,Rural,Strawberry,56,2520
2022-02-04,2,Winter,21.375633248928175,Weekday,None,Morning,Rural,Butterscotch,90,4950
2022-02-04,2,Winter,21.375633248928175,Weekday,None,Morning,Rural,Coffee,77,4620
2022-02-05,2,Winter,23.08604173582741,Weekend,Summer Vacation,Afternoon,Rural,Vanilla,137,5480
2022-02-05,2,Winter,23.08604173582741,Weekend,Summer Vacation,Afternoon,Rural,Chocolate,166,8300
2022-02-05,2,Winter,23.08604173582741,Weekend,Summer Vacation,Afternoon,Rural,Strawberry,125,5625
2022-02-05,2,Winter,23.08604173582741,Weekend,Summer Vacation,Afternoon,Rural,Butterscotch,141,7755
2022-02-05,2,Winter,23.08604173582741,Weekend,Summer Vacation,Afternoon,Rural,Coffee,105,6300
2022-02-06,2,Winter,25.832994687365275,Weekend,None,Night,Urban,Vanilla,118,4720
2022-02-06,2,Winter,25.832994687365275,Weekend,None,Night,Urban,Chocolate,176,8800
2022-02-06,2,Winter,25.832994687365275,Weekend,None,Night,Urban,Strawberry,108,4860
2022-02-06,2,Winter,25.832994687365275,Weekend,None,Night,Urban,Butterscotch,134,7370
2022-02-06,2,Winter,25.832994687365275,Weekend,None,Night,Urban,Coffee,105,6300
2022-02-07,2,Winter,22.036439527219677,Weekday,None,Afternoon,Rural,Vanilla,85,3400
2022-02-07,2,Winter,22.036439527219677,Weekday,None,Afternoon,Rural,Chocolate,90,4500
2022-02-07,2,Winter,22.036439527219677,Weekday,None,Afternoon,Rural,Strawberry,62,2790
2022-02-07,2,Winter,22.036439527219677,Weekday,None,Afternoon,Rural,Butterscotch,79,4345
2022-02-07,2,Winter,22.036439527219677,Weekday,None,Afternoon,Rural,Coffee,65,3900
2022-02-08,2,Winter,19.545337950299583,Weekday,None,Afternoon,Urban,Vanilla,120,4800
2022-02-08,2,Winter,19.545337950299583,Weekday,None,Afternoon,Urban,Chocolate,117,5850
2022-02-08,2,Winter,19.545337950299583,Weekday,None,Afternoon,Urban,Strawberry,89,4005
2022-02-08,2,Winter,19.545337950299583,Weekday,None,Afternoon,Urban,Butterscotch,87,4785
2022-02-08,2,Winter,19.545337950299583,Weekday,None,Afternoon,Urban,Coffee,70,4200
2022-02-09,2,Winter,15.72994675410916,Weekday,Summer Vacation,Afternoon,Rural,Vanilla,113,4520
2022-02-09,2,Winter,15.72994675410916,Weekday,Summer Vacation,Afternoon,Rural,Chocolate,110,5500
2022-02-09,2,Winter,15.72994675410916,Weekday,Summer Vacation,Afternoon,Rural,Strawberry,70,3150
2022-02-09,2,Winter,15.72994675410916,Weekday,Summer Vacation,Afternoon,Rural,Butterscotch,83,4565
2022-02-09,2,Winter,15.72994675410916,Weekday,Summer Vacation,Afternoon,Rural,Coffee,73,4380
2022-02-10,2,Winter,22.73489971332617,Weekday,None,Evening,Urban,Vanilla,120,4800
2022-02-10,2,Winter,22.73489971332617,Weekday,None,Evening,Urban,Chocolate,171,8550
2022-02-10,2,Winter,22.73489971332617,Weekday,None,Evening,Urban,Strawberry,108,4860
2022-02-10,2,Winter,22.73489971332617,Weekday,None,Evening,Urban,Butterscotch,131,7205
2022-02-10,2,Winter,22.73489971332617,Weekday,None,Evening,Urban,Coffee,122,7320
2022-02-11,2,Winter,15.888772195083583,Weekday,None,Morning,Rural,Vanilla,76,3040
2022-02-11,2,Winter,15.888772195083583,Weekday,None,Morning,Rural,Chocolate,62,3100
2022-02-11,2,Winter,15.888772195083583,Weekday,None,Morning,Rural,Strawberry,43,1935
2022-02-11,2,Winter,15.888772195083583,Weekday,None,Morning,Rural,Butterscotch,62,3410
2022-02-11,2,Winter,15.888772195083583,Weekday,None,Morning,Rural,Coffee,29,1740
2022-02-12,2,Winter,23.558039542723517,Weekend,None,Afternoon,Rural,Vanilla,118,4720
2022-02-12,2,Winter,23.558039542723517,Weekend,None,Afternoon,Rural,Chocolate,109,5450
2022-02-12,2,Winter,23.558039542723517,Weekend,None,Afternoon,Rural,Strawberry,92,4140
2022-02-12,2,Winter,23.558039542723517,Weekend,None,Afternoon,Rural,Butterscotch,106,5830
2022-02-12,2,Winter,23.558039542723517,Weekend,None,Afternoon,Rural,Coffee,91,5460
2022-02-13,2,Winter,23.420882163182693,Weekend,None,Evening,Urban,Vanilla,151,6040
2022-02-13,2,Winter,23.420882163182693,Weekend,None,Evening,Urban,Chocolate,212,10600
2022-02-13,2,Winter,23.420882163182693,Weekend,None,Evening,Urban,Strawberry,123,5535
2022-02-13,2,Winter,23.420882163182693,Weekend,None,Evening,Urban,Butterscotch,178,9790
2022-02-13,2,Winter,23.420882163182693,Weekend,None,Evening,Urban,Coffee,122,7320
2022-02-14,2,Winter,28.56940879965302,Weekday,None,Afternoon,Urban,Vanilla,103,4120
2022-02-14,2,Winter,28.56940879965302,Weekday,None,Afternoon,Urban,Chocolate,154,7700
2022-02-14,2,Winter,28.56940879965302,Weekday,None,Afternoon,Urban,Strawberry,76,3420
2022-02-14,2,Winter,28.56940879965302,Weekday,None,Afternoon,Urban,Butterscotch,98,5390
2022-02-14,2,Winter,28.56940879965302,Weekday,None,Afternoon,Urban,Coffee,98,5880
2022-02-15,2,Winter,23.714042530980365,Weekday,None,Night,Urban,Vanilla,115,4600
2022-02-15,2,Winter,23.714042530980365,Weekday,None,Night,Urban,Chocolate,101,5050
2022-02-15,2,Winter,23.714042530980365,Weekday,None,Night,Urban,Strawberry,118,5310
2022-02-15,2,Winter,23.714042530980365,Weekday,None,Night,Urban,Butterscotch,128,7040
2022-02-15,2,Winter,23.714042530980365,Weekday,None,Night,Urban,Coffee,73,4380
2022-02-16,2,Winter,16.860596412727368,Weekday,None,Evening,Rural,Vanilla,105,4200
2022-02-16,2,Winter,16.860596412727368,Weekday,None,Evening,Rural,Chocolate,65,3250
2022-02-16,2,Winter,16.860596412727368,Weekday,None,Evening,Rural,Strawberry,63,2835
2022-02-16,2,Winter,16.860596412727368,Weekday,None,Evening,Rural,Butterscotch,92,5060
2022-02-16,2,Winter,16.860596412727368,Weekday,None,Evening,Rural,Coffee,67,4020
2022-02-17,2,Winter,22.77816792699908,Weekday,None,Night,Rural,Vanilla,77,3080
2022-02-17,2,Winter,22.77816792699908,Weekday,None,Night,Rural,Chocolate,81,4050
2022-02-17,2,Winter,22.77816792699908,Weekday,None,Night,Rural,Strawberry,75,3375
2022-02-17,2,Winter,22.77816792699908,Weekday,None,Night,Rural,Butterscotch,64,3520
2022-02-17,2,Winter,22.77816792699908,Weekday,None,Night,Rural,Coffee,56,3360
2022-02-18,2,Winter,22.360886895135696,Weekday,None,Evening,Urban,Vanilla,134,5360
2022-02-18,2,Winter,22.360886895135696,Weekday,None,Evening,Urban,Chocolate,140,7000
2022-02-18,2,Winter,22.360886895135696,Weekday,None,Evening,Urban,Strawberry,109,4905
2022-02-18,2,Winter,22.360886895135696,Weekday,None,Evening,Urban,Butterscotch,143,7865
2022-02-18,2,Winter,22.360886895135696,Weekday,None,Evening,Urban,Coffee,132,7920
2022-02-19,2,Winter,22.344584404641687,Weekend,None,Evening,Rural,Vanilla,145,5800
2022-02-19,2,Winter,22.344584404641687,Weekend,None,Evening,Rural,Chocolate,142,7100
2022-02-19,2,Winter,22.344584404641687,Weekend,None,Evening,Rural,Strawberry,124,5580
2022-02-19,2,Winter,22.344584404641687,Weekend,None,Evening,Rural,Butterscotch,143,7865
2022-02-19,2,Winter,22.344584404641687,Weekend,None,Evening,Rural,Coffee,118,7080
2022-02-20,2,Winter,19.105229618259685,Weekend,None,Morning,Urban,Vanilla,117,4680
2022-02-20,2,Winter,19.105229618259685,Weekend,None,Morning,Urban,Chocolate,102,5100
2022-02-20,2,Winter,19.105229618259685,Weekend,None,Morning,Urban,Strawberry,118,5310
2022-02-20,2,Winter,19.105229618259685,Weekend,None,Morning,Urban,Butterscotch,131,7205
2022-02-20,2,Winter,19.105229618259685,Weekend,None,Morning,Urban,Coffee,83,4980
2022-02-21,2,Winter,22.600403257520266,Weekday,None,Afternoon,Rural,Vanilla,40,1600
2022-02-21,2,Winter,22.600403257520266,Weekday,None,Afternoon,Rural,Chocolate,61,3050
2022-02-21,2,Winter,22.600403257520266,Weekday,None,Afternoon,Rural,Strawberry,64,2880
2022-02-21,2,Winter,22.600403257520266,Weekday,None,Afternoon,Rural,Butterscotch,85,4675
2022-02-21,2,Winter,22.600403257520266,Weekday,None,Afternoon,Rural,Coffee,57,3420
2022-02-22,2,Winter,15.79767369988037,Weekday,Navratri,Afternoon,Urban,Vanilla,111,4440
2022-02-22,2,Winter,15.79767369988037,Weekday,Navratri,Afternoon,Urban,Chocolate,118,5900
2022-02-22,2,Winter,15.79767369988037,Weekday,Navratri,Afternoon,Urban,Strawberry,108,4860
2022-02-22,2,Winter,15.79767369988037,Weekday,Navratri,Afternoon,Urban,Butterscotch,134,7370
2022-02-22,2,Winter,15.79767369988037,Weekday,Navratri,Afternoon,Urban,Coffee,85,5100
2022-02-23,2,Winter,28.16527782586442,Weekday,Holi,Afternoon,Urban,Vanilla,144,5760
2022-02-23,2,Winter,28.16527782586442,Weekday,Holi,Afternoon,Urban,Chocolate,171,8550
2022-02-23,2,Winter,28.16527782586442,Weekday,Holi,Afternoon,Urban,Strawberry,122,5490
2022-02-23,2,Winter,28.16527782586442,Weekday,Holi,Afternoon,Urban,Butterscotch,162,8910
2022-02-23,2,Winter,28.16527782586442,Weekday,Holi,Afternoon,Urban,Coffee,104,6240
2022-02-24,2,Winter,20.339052083958453,Weekday,Holi,Evening,Urban,Vanilla,138,5520
2022-02-24,2,Winter,20.339052083958453,Weekday,Holi,Evening,Urban,Chocolate,194,9700
2022-02-24,2,Winter,20.339052083958453,Weekday,Holi,Evening,Urban,Strawberry,158,7110
2022-02-24,2,Winter,20.339052083958453,Weekday,Holi,Evening,Urban,Butterscotch,184,10120
2022-02-24,2,Winter,20.339052083958453,Weekday,Holi,Evening,Urban,Coffee,115,6900
2022-02-25,2,Winter,19.79076348322706,Weekday,None,Afternoon,Urban,Vanilla,98,3920
2022-02-25,2,Winter,19.79076348322706,Weekday,None,Afternoon,Urban,Chocolate,84,4200
2022-02-25,2,Winter,19.79076348322706,Weekday,None,Afternoon,Urban,Strawberry,100,4500
2022-02-25,2,Winter,19.79076348322706,Weekday,None,Afternoon,Urban,Butterscotch,122,6710
2022-02-25,2,Winter,19.79076348322706,Weekday,None,Afternoon,Urban,Coffee,67,4020
2022-02-26,2,Winter,23.7296708891673,Weekend,Christmas,Evening,Urban,Vanilla,190,7600
2022-02-26,2,Winter,23.7296708891673,Weekend,Christmas,Evening,Urban,Chocolate,246,12300
2022-02-26,2,Winter,23.7296708891673,Weekend,Christmas,Evening,Urban,Strawberry,130,5850
2022-02-26,2,Winter,23.7296708891673,Weekend,Christmas,Evening,Urban,Butterscotch,192,10560
2022-02-26,2,Winter,23.7296708891673,Weekend,Christmas,Evening,Urban,Coffee,135,8100
2022-02-27,2,Winter,21.439284632318774,Weekend,None,Afternoon,Urban,Vanilla,113,4520
2022-02-27,2,Winter,21.439284632318774,Weekend,None,Afternoon,Urban,Chocolate,162,8100
2022-02-27,2,Winter,21.439284632318774,Weekend,None,Afternoon,Urban,Strawberry,116,5220
2022-02-27,2,Winter,21.439284632318774,Weekend,None,Afternoon,Urban,Butterscotch,125,6875
2022-02-27,2,Winter,21.439284632318774,Weekend,None,Afternoon,Urban,Coffee,113,6780
2022-02-28,2,Winter,22.232104922942856,Weekday,None,Evening,Urban,Vanilla,113,4520
2022-02-28,2,Winter,22.232104922942856,Weekday,None,Evening,Urban,Chocolate,146,7300
2022-02-28,2,Winter,22.232104922942856,Weekday,None,Evening,Urban,Strawberry,104,4680
2022-02-28,2,Winter,22.232104922942856,Weekday,None,Evening,Urban,Butterscotch,160,8800
2022-02-28,2,Winter,22.232104922942856,Weekday,None,Evening,Urban,Coffee,81,4860
2022-03-01,3,Summer,32.25866725919493,Weekday,None,Evening,Rural,Vanilla,185,7400
2022-03-01,3,Summer,32.25866725919493,Weekday,None,Evening,Rural,Chocolate,196,9800
2022-03-01,3,Summer,32.25866725919493,Weekday,None,Evening,Rural,Strawberry,147,6615
2022-03-01,3,Summer,32.25866725919493,Weekday,None,Evening,Rural,Butterscotch,180,9900
2022-03-01,3,Summer,32.25866725919493,Weekday,None,Evening,Rural,Coffee,124,7440
2022-03-02,3,Summer,38.14556488383448,Weekday,Summer Vacation,Night,Urban,Vanilla,206,8240
2022-03-02,3,Summer,38.14556488383448,Weekday,Summer Vacation,Night,Urban,Chocolate,269,13450
2022-03-02,3,Summer,38.14556488383448,Weekday,Summer Vacation,Night,Urban,Strawberry,196,8820
2022-03-02,3,Summer,38.14556488383448,Weekday,Summer Vacation,Night,Urban,Butterscotch,244,13420
2022-03-02,3,Summer,38.14556488383448,Weekday,Summer Vacation,Night,Urban,Coffee,179,10740
2022-03-03,3,Summer,35.827994610187105,Weekday,None,Night,Urban,Vanilla,169,6760
2022-03-03,3,Summer,35.827994610187105,Weekday,None,Night,Urban,Chocolate,187,9350
2022-03-03,3,Summer,35.827994610187105,Weekday,None,Night,Urban,Strawberry,167,7515
2022-03-03,3,Summer,35.827994610187105,Weekday,None,Night,Urban,Butterscotch,185,10175
2022-03-03,3,Summer,35.827994610187105,Weekday,None,Night,Urban,Coffee,150,9000
2022-03-04,3,Summer,35.71022253037245,Weekday,Summer Vacation,Afternoon,Urban,Vanilla,185,7400
2022-03-04,3,Summer,35.71022253037245,Weekday,Summer Vacation,Afternoon,Urban,Chocolate,231,11550
2022-03-04,3,Summer,35.71022253037245,Weekday,Summer Vacation,Afternoon,Urban,Strawberry,202,9090
2022-03-04,3,Summer,35.71022253037245,Weekday,Summer Vacation,Afternoon,Urban,Butterscotch,216,11880
2022-03-04,3,Summer,35.71022253037245,Weekday,Summer Vacation,Afternoon,Urban,Coffee,173,10380
2022-03-05,3,Summer,46.351332270467154,Weekend,Summer Vacation,Afternoon,Urban,Vanilla,239,9560
2022-03-05,3,Summer,46.351332270467154,Weekend,Summer Vacation,Afternoon,Urban,Chocolate,331,16550
2022-03-05,3,Summer,46.351332270467154,Weekend,Summer Vacation,Afternoon,Urban,Strawberry,228,10260
2022-03-05,3,Summer,46.351332270467154,Weekend,Summer Vacation,Afternoon,Urban,Butterscotch,302,16610
2022-03-05,3,Summer,46.351332270467154,Weekend,Summer Vacation,Afternoon,Urban,Coffee,194,11640
2022-03-06,3,Summer,39.58941253374585,Weekend,None,Afternoon,Urban,Vanilla,230,9200
2022-03-06,3,Summer,39.58941253374585,Weekend,None,Afternoon,Urban,Chocolate,253,12650
2022-03-06,3,Summer,39.58941253374585,Weekend,None,Afternoon,Urban,Strawberry,189,8505
2022-03-06,3,Summer,39.58941253374585,Weekend,None,Afternoon,Urban,Butterscotch,236,12980
2022-03-06,3,Summer,39.58941253374585,Weekend,None,Afternoon,Urban,Coffee,190,11400
2022-03-07,3,Summer,37.6404472419032,Weekday,Summer Vacation,Afternoon,Rural,Vanilla,194,7760
2022-03-07,3,Summer,37.6404472419032,Weekday,Summer Vacation,Afternoon,Rural,Chocolate,237,11850
2022-03-07,3,Summer,37.6404472419032,Weekday,Summer Vacation,Afternoon,Rural,Strawberry,167,7515
2022-03-07,3,Summer,37.6404472419032,Weekday,Summer Vacation,Afternoon,Rural,Butterscotch,216,11880
2022-03-07,3,Summer,37.6404472419032,Weekday,Summer Vacation,Afternoon,Rural,Coffee,185,11100
2022-03-08,3,Summer,40.61337411029508,Weekday,None,Evening,Urban,Vanilla,216,8640
2022-03-08,3,Summer,40.61337411029508,Weekday,None,Evening,Urban,Chocolate,256,12800
2022-03-08,3,Summer,40.61337411029508,Weekday,None,Evening,Urban,Strawberry,166,7470
2022-03-08,3,Summer,40.61337411029508,Weekday,None,Evening,Urban,Butterscotch,259,14245
2022-03-08,3,Summer,40.61337411029508,Weekday,None,Evening,Urban,Coffee,164,9840
2022-03-09,3,Summer,33.25924418976942,Weekday,None,Afternoon,Rural,Vanilla,145,5800
2022-03-09,3,Summer,33.25924418976942,Weekday,None,Afternoon,Rural,Chocolate,177,8850
2022-03-09,3,Summer,33.25924418976942,Weekday,None,Afternoon,Rural,Strawberry,141,6345
2022-03-09,3,Summer,33.25924418976942,Weekday,None,Afternoon,Rural,Butterscotch,137,7535
2022-03-09,3,Summer,33.25924418976942,Weekday,None,Afternoon,Rural,Coffee,132,7920
2022-03-10,3,Summer,39.01548922248324,Weekday,None,Evening,Urban,Vanilla,210,8400
2022-03-10,3,Summer,39.01548922248324,Weekday,None,Evening,Urban,Chocolate,253,12650
2022-03-10,3,Summer,39.01548922248324,Weekday,None,Evening,Urban,Strawberry,201,9045
2022-03-10,3,Summer,39.01548922248324,Weekday,None,Evening,Urban,Butterscotch,222,12210
2022-03-10,3,Summer,39.01548922248324,Weekday,None,Evening,Urban,Coffee,161,9660
2022-03-11,3,Summer,42.52931393737887,Weekday,None,Afternoon,Rural,Vanilla,178,7120
2022-03-11,3,Summer,42.52931393737887,Weekday,None,Afternoon,Rural,Chocolate,203,10150
2022-03-11,3,Summer,42.52931393737887,Weekday,None,Afternoon,Rural,Strawberry,140,6300
2022-03-11,3,Summer,42.52931393737887,Weekday,None,Afternoon,Rural,Butterscotch,183,10065
2022-03-11,3,Summer,42.52931393737887,Weekday,None,Afternoon,Rural,Coffee,143,8580
2022-03-12,3,Summer,40.270965849936054,Weekend,None,Evening,Rural,Vanilla,201,8040
2022-03-12,3,Summer,40.270965849936054,Weekend,None,Evening,Rural,Chocolate,234,11700
2022-03-12,3,Summer,40.270965849936054,Weekend,None,Evening,Rural,Strawberry,198,8910
2022-03-12,3,Summer,40.270965849936054,Weekend,None,Evening,Rural,Butterscotch,221,12155
2022-03-12,3,Summer,40.270965849936054,Weekend,None,Evening,Rural,Coffee,164,9840
2022-03-13,3,Summer,38.51178261074259,Weekend,None,Evening,Urban,Vanilla,248,9920
2022-03-13,3,Summer,38.51178261074259,Weekend,None,Evening,Urban,Chocolate,286,14300
2022-03-13,3,Summer,38.51178261074259,Weekend,None,Evening,Urban,Strawberry,195,8775
2022-03-13,3,Summer,38.51178261074259,Weekend,None,Evening,Urban,Butterscotch,295,16225
2022-03-13,3,Summer,38.51178261074259,Weekend,None,Evening,Urban,Coffee,190,11400
2022-03-14,3,Summer,38.32818438381468,Weekday,None,Night,Urban,Vanilla,195,7800
2022-03-14,3,Summer,38.32818438381468,Weekday,None,Night,Urban,Chocolate,225,11250
2022-03-14,3,Summer,38.32818438381468,Weekday,None,Night,Urban,Strawberry,149,6705
2022-03-14,3,Summer,38.32818438381468,Weekday,None,Night,Urban,Butterscotch,183,10065
2022-03-14,3,Summer,38.32818438381468,Weekday,None,Night,Urban,Coffee,176,10560
2022-03-15,3,Summer,38.55165005571547,Weekday,Summer Vacation,Evening,Rural,Vanilla,227,9080
2022-03-15,3,Summer,38.55165005571547,Weekday,Summer Vacation,Evening,Rural,Chocolate,271,13550
2022-03-15,3,Summer,38.55165005571547,Weekday,Summer Vacation,Evening,Rural,Strawberry,219,9855
2022-03-15,3,Summer,38.55165005571547,Weekday,Summer Vacation,Evening,Rural,Butterscotch,222,12210
2022-03-15,3,Summer,38.55165005571547,Weekday,Summer Vacation,Evening,Rural,Coffee,203,12180
2022-03-16,3,Summer,37.52597630426303,Weekday,None,Morning,Rural,Vanilla,151,6040
2022-03-16,3,Summer,37.52597630426303,Weekday,None,Morning,Rural,Chocolate,201,10050
2022-03-16,3,Summer,37.52597630426303,Weekday,None,Morning,Rural,Strawberry,107,4815
2022-03-16,3,Summer,37.52597630426303,Weekday,None,Morning,Rural,Butterscotch,169,9295
2022-03-16,3,Summer,37.52597630426303,Weekday,None,Morning,Rural,Coffee,135,8100
2022-03-17,3,Summer,41.810376639727146,Weekday,None,Afternoon,Urban,Vanilla,183,7320
2022-03-17,3,Summer,41.810376639727146,Weekday,None,Afternoon,Urban,Chocolate,230,11500
2022-03-17,3,Summer,41.810376639727146,Weekday,None,Afternoon,Urban,Strawberry,171,7695
2022-03-17,3,Summer,41.810376639727146,Weekday,None,Afternoon,Urban,Butterscotch,174,9570
2022-03-17,3,Summer,41.810376639727146,Weekday,None,Afternoon,Urban,Coffee,155,9300
2022-03-18,3,Summer,37.307196409373965,Weekday,Diwali,Evening,Urban,Vanilla,257,10280
2022-03-18,3,Summer,37.307196409373965,Weekday,Diwali,Evening,Urban,Chocolate,281,14050
2022-03-18,3,Summer,37.307196409373965,Weekday,Diwali,Evening,Urban,Strawberry,229,10305
2022-03-18,3,Summer,37.307196409373965,Weekday,Diwali,Evening,Urban,Butterscotch,259,14245
2022-03-18,3,Summer,37.307196409373965,Weekday,Diwali,Evening,Urban,Coffee,195,11700
2022-03-19,3,Summer,38.00209735267153,Weekend,None,Morning,Urban,Vanilla,206,8240
2022-03-19,3,Summer,38.00209735267153,Weekend,None,Morning,Urban,Chocolate,247,12350
2022-03-19,3,Summer,38.00209735267153,Weekend,None,Morning,Urban,Strawberry,181,8145
2022-03-19,3,Summer,38.00209735267153,Weekend,None,Morning,Urban,Butterscotch,215,11825
2022-03-19,3,Summer,38.00209735267153,Weekend,None,Morning,Urban,Coffee,155,9300
2022-03-20,3,Summer,37.901740189352005,Weekend,None,Morning,Urban,Vanilla,195,7800
2022-03-20,3,Summer,37.901740189352005,Weekend,None,Morning,Urban,Chocolate,265,13250
2022-03-20,3,Summer,37.901740189352005,Weekend,None,Morning,Urban,Strawberry,143,6435
2022-03-20,3,Summer,37.901740189352005,Weekend,None,Morning,Urban,Butterscotch,192,10560
2022-03-20,3,Summer,37.901740189352005,Weekend,None,Morning,Urban,Coffee,144,8640
2022-03-21,3,Summer,34.46741490417519,Weekday,None,Night,Urban,Vanilla,176,7040
2022-03-21,3,Summer,34.46741490417519,Weekday,None,Night,Urban,Chocolate,186,9300
2022-03-21,3,Summer,34.46741490417519,Weekday,None,Night,Urban,Strawberry,144,6480
2022-03-21,3,Summer,34.46741490417519,Weekday,None,Night,Urban,Butterscotch,174,9570
2022-03-21,3,Summer,34.46741490417519,Weekday,None,Night,Urban,Coffee,165,9900
2022-03-22,3,Summer,40.80703517944238,Weekday,None,Afternoon,Urban,Vanilla,211,8440
2022-03-22,3,Summer,40.80703517944238,Weekday,None,Afternoon,Urban,Chocolate,232,11600
2022-03-22,3,Summer,40.80703517944238,Weekday,None,Afternoon,Urban,Strawberry,171,7695
2022-03-22,3,Summer,40.80703517944238,Weekday,None,Afternoon,Urban,Butterscotch,219,12045
2022-03-22,3,Summer,40.80703517944238,Weekday,None,Afternoon,Urban,Coffee,138,8280
2022-03-23,3,Summer,36.94795541636364,Weekday,None,Evening,Urban,Vanilla,207,8280
2022-03-23,3,Summer,36.94795541636364,Weekday,None,Evening,Urban,Chocolate,247,12350
2022-03-23,3,Summer,36.94795541636364,Weekday,None,Evening,Urban,Strawberry,207,9315
2022-03-23,3,Summer,36.94795541636364,Weekday,None,Evening,Urban,Butterscotch,215,11825
2022-03-23,3,Summer,36.94795541636364,Weekday,None,Evening,Urban,Coffee,177,10620
2022-03-24,3,Summer,39.77930377390515,Weekday,None,Morning,Urban,Vanilla,184,7360
2022-03-24,3,Summer,39.77930377390515,Weekday,None,Morning,Urban,Chocolate,202,10100
2022-03-24,3,Summer,39.77930377390515,Weekday,None,Morning,Urban,Strawberry,196,8820
2022-03-24,3,Summer,39.77930377390515,Weekday,None,Morning,Urban,Butterscotch,189,10395
2022-03-24,3,Summer,39.77930377390515,Weekday,None,Morning,Urban,Coffee,139,8340
2022-03-25,3,Summer,41.94729952484648,Weekday,None,Evening,Urban,Vanilla,199,7960
2022-03-25,3,Summer,41.94729952484648,Weekday,None,Evening,Urban,Chocolate,239,11950
2022-03-25,3,Summer,41.94729952484648,Weekday,None,Evening,Urban,Strawberry,228,10260
2022-03-25,3,Summer,41.94729952484648,Weekday,None,Evening,Urban,Butterscotch,251,13805
2022-03-25,3,Summer,41.94729952484648,Weekday,None,Evening,Urban,Coffee,179,10740
2022-03-26,3,Summer,36.36524273957315,Weekend,None,Evening,Rural,Vanilla,210,8400
2022-03-26,3,Summer,36.36524273957315,Weekend,None,Evening,Rural,Chocolate,239,11950
2022-03-26,3,Summer,36.36524273957315,Weekend,None,Evening,Rural,Strawberry,203,9135
2022-03-26,3,Summer,36.36524273957315,Weekend,None,Evening,Rural,Butterscotch,256,14080
2022-03-26,3,Summer,36.36524273957315,Weekend,None,Evening,Rural,Coffee,173,10380
2022-03-27,3,Summer,36.13143649069615,Weekend,None,Night,Rural,Vanilla,167,6680
2022-03-27,3,Summer,36.13143649069615,Weekend,None,Night,Rural,Chocolate,199,9950
2022-03-27,3,Summer,36.13143649069615,Weekend,None,Night,Rural,Strawberry,144,6480
2022-03-27,3,Summer,36.13143649069615,Weekend,None,Night,Rural,Butterscotch,193,10615
2022-03-27,3,Summer,36.13143649069615,Weekend,None,Night,Rural,Coffee,124,7440
2022-03-28,3,Summer,39.224758267143415,Weekday,None,Evening,Urban,Vanilla,192,7680
2022-03-28,3,Summer,39.224758267143415,Weekday,None,Evening,Urban,Chocolate,285,14250
2022-03-28,3,Summer,39.224758267143415,Weekday,None,Evening,Urban,Strawberry,219,9855
2022-03-28,3,Summer,39.224758267143415,Weekday,None,Evening,Urban,Butterscotch,224,12320
2022-03-28,3,Summer,39.224758267143415,Weekday,None,Evening,Urban,Coffee,181,10860
2022-03-29,3,Summer,37.5256955297894,Weekday,Holi,Evening,Urban,Vanilla,259,10360
2022-03-29,3,Summer,37.5256955297894,Weekday,Holi,Evening,Urban,Chocolate,304,15200
2022-03-29,3,Summer,37.5256955297894,Weekday,Holi,Evening,Urban,Strawberry,211,9495
2022-03-29,3,Summer,37.5256955297894,Weekday,Holi,Evening,Urban,Butterscotch,275,15125
2022-03-29,3,Summer,37.5256955297894,Weekday,Holi,Evening,Urban,Coffee,186,11160
2022-03-30,3,Summer,36.16544659102416,Weekday,None,Afternoon,Urban,Vanilla,157,6280
2022-03-30,3,Summer,36.16544659102416,Weekday,None,Afternoon,Urban,Chocolate,222,11100
2022-03-30,3,Summer,36.16544659102416,Weekday,None,Afternoon,Urban,Strawberry,134,6030
2022-03-30,3,Summer,36.16544659102416,Weekday,None,Afternoon,Urban,Butterscotch,227,12485
2022-03-30,3,Summer,36.16544659102416,Weekday,None,Afternoon,Urban,Coffee,138,8280
2022-03-31,3,Summer,38.285962420843155,Weekday,None,Morning,Urban,Vanilla,187,7480
2022-03-31,3,Summer,38.285962420843155,Weekday,None,Morning,Urban,Chocolate,213,10650
2022-03-31,3,Summer,38.285962420843155,Weekday,None,Morning,Urban,Strawberry,168,7560
2022-03-31,3,Summer,38.285962420843155,Weekday,None,Morning,Urban,Butterscotch,241,13255
2022-03-31,3,Summer,38.285962420843155,Weekday,None,Morning,Urban,Coffee,146,8760
2022-04-01,4,Summer,41.44781997885703,Weekday,None,Morning,Urban,Vanilla,183,7320
2022-04-01,4,Summer,41.44781997885703,Weekday,None,Morning,Urban,Chocolate,262,13100
2022-04-01,4,Summer,41.44781997885703,Weekday,None,Morning,Urban,Strawberry,174,7830
2022-04-01,4,Summer,41.44781997885703,Weekday,None,Morning,Urban,Butterscotch,190,10450
2022-04-01,4,Summer,41.44781997885703,Weekday,None,Morning,Urban,Coffee,149,8940
2022-04-02,4,Summer,39.49921286033633,Weekend,None,Afternoon,Urban,Vanilla,216,8640
2022-04-02,4,Summer,39.49921286033633,Weekend,None,Afternoon,Urban,Chocolate,239,11950
2022-04-02,4,Summer,39.49921286033633,Weekend,None,Afternoon,Urban,Strawberry,183,8235
2022-04-02,4,Summer,39.49921286033633,Weekend,None,Afternoon,Urban,Butterscotch,228,12540
2022-04-02,4,Summer,39.49921286033633,Weekend,None,Afternoon,Urban,Coffee,176,10560
2022-04-03,4,Summer,38.53310300279976,Weekend,None,Evening,Rural,Vanilla,190,7600
2022-04-03,4,Summer,38.53310300279976,Weekend,None,Evening,Rural,Chocolate,272,13600
2022-04-03,4,Summer,38.53310300279976,Weekend,None,Evening,Rural,Strawberry,205,9225
2022-04-03,4,Summer,38.53310300279976,Weekend,None,Evening,Rural,Butterscotch,224,12320
2022-04-03,4,Summer,38.53310300279976,Weekend,None,Evening,Rural,Coffee,177,10620
2022-04-04,4,Summer,33.42034441490676,Weekday,Holi,Night,Rural,Vanilla,179,7160
2022-04-04,4,Summer,33.42034441490676,Weekday,Holi,Night,Rural,Chocolate,222,11100
2022-04-04,4,Summer,33.42034441490676,Weekday,Holi,Night,Rural,Strawberry,165,7425
2022-04-04,4,Summer,33.42034441490676,Weekday,Holi,Night,Rural,Butterscotch,202,11110
2022-04-04,4,Summer,33.42034441490676,Weekday,Holi,Night,Rural,Coffee,125,7500
2022-04-05,4,Summer,34.75683037877521,Weekday,None,Night,Rural,Vanilla,165,6600
2022-04-05,4,Summer,34.75683037877521,Weekday,None,Night,Rural,Chocolate,196,9800
2022-04-05,4,Summer,34.75683037877521,Weekday,None,Night,Rural,Strawberry,133,5985
2022-04-05,4,Summer,34.75683037877521,Weekday,None,Night,Rural,Butterscotch,157,8635
2022-04-05,4,Summer,34.75683037877521,Weekday,None,Night,Rural,Coffee,132,7920
2022-04-06,4,Summer,33.78452023290662,Weekday,None,Morning,Urban,Vanilla,178,7120
2022-04-06,4,Summer,33.78452023290662,Weekday,None,Morning,Urban,Chocolate,224,11200
2022-04-06,4,Summer,33.78452023290662,Weekday,None,Morning,Urban,Strawberry,140,6300
2022-04-06,4,Summer,33.78452023290662,Weekday,None,Morning,Urban,Butterscotch,185,10175
2022-04-06,4,Summer,33.78452023290662,Weekday,None,Morning,Urban,Coffee,130,7800
2022-04-07,4,Summer,42.3409336530612,Weekday,None,Evening,Urban,Vanilla,229,9160
2022-04-07,4,Summer,42.3409336530612,Weekday,None,Evening,Urban,Chocolate,252,12600
2022-04-07,4,Summer,42.3409336530612,Weekday,None,Evening,Urban,Strawberry,213,9585
2022-04-07,4,Summer,42.3409336530612,Weekday,None,Evening,Urban,Butterscotch,260,14300
2022-04-07,4,Summer,42.3409336530612,Weekday,None,Evening,Urban,Coffee,182,10920
2022-04-08,4,Summer,41.66951285177437,Weekday,None,Evening,Urban,Vanilla,214,8560
2022-04-08,4,Summer,41.66951285177437,Weekday,None,Evening,Urban,Chocolate,263,13150
2022-04-08,4,Summer,41.66951285177437,Weekday,None,Evening,Urban,Strawberry,224,10080
2022-04-08,4,Summer,41.66951285177437,Weekday,None,Evening,Urban,Butterscotch,271,14905
2022-04-08,4,Summer,41.66951285177437,Weekday,None,Evening,Urban,Coffee,172,10320
2022-04-09,4,Summer,36.739439548712426,Weekend,None,Afternoon,Urban,Vanilla,195,7800
2022-04-09,4,Summer,36.739439548712426,Weekend,None,Afternoon,Urban,Chocolate,211,10550
2022-04-09,4,Summer,36.739439548712426,Weekend,None,Afternoon,Urban,Strawberry,162,7290
2022-04-09,4,Summer,36.739439548712426,Weekend,None,Afternoon,Urban,Butterscotch,204,11220
2022-04-09,4,Summer,36.739439548712426,Weekend,None,Afternoon,Urban,Coffee,170,10200
2022-04-10,4,Summer,37.50283084056016,Weekend,None,Night,Rural,Vanilla,165,6600
2022-04-10,4,Summer,37.50283084056016,Weekend,None,Night,Rural,Chocolate,196,9800
2022-04-10,4,Summer,37.50283084056016,Weekend,None,Night,Rural,Strawberry,165,7425
2022-04-10,4,Summer,37.50283084056016,Weekend,None,Night,Rural,Butterscotch,197,10835
2022-04-10,4,Summer,37.50283084056016,Weekend,None,Night,Rural,Coffee,149,8940
2022-04-11,4,Summer,38.86750593172346,Weekday,None,Afternoon,Urban,Vanilla,223,8920
2022-04-11,4,Summer,38.86750593172346,Weekday,None,Afternoon,Urban,Chocolate,232,11600
2022-04-11,4,Summer,38.86750593172346,Weekday,None,Afternoon,Urban,Strawberry,158,7110
2022-04-11,4,Summer,38.86750593172346,Weekday,None,Afternoon,Urban,Butterscotch,197,10835
2022-04-11,4,Summer,38.86750593172346,Weekday,None,Afternoon,Urban,Coffee,146,8760
2022-04-12,4,Summer,36.879802194870294,Weekday,Summer Vacation,Evening,Rural,Vanilla,203,8120
2022-04-12,4,Summer,36.879802194870294,Weekday,Summer Vacation,Evening,Rural,Chocolate,256,12800
2022-04-12,4,Summer,36.879802194870294,Weekday,Summer Vacation,Evening,Rural,Strawberry,208,9360
2022-04-12,4,Summer,36.879802194870294,Weekday,Summer Vacation,Evening,Rural,Butterscotch,245,13475
2022-04-12,4,Summer,36.879802194870294,Weekday,Summer Vacation,Evening,Rural,Coffee,153,9180
2022-04-13,4,Summer,42.642515603990184,Weekday,None,Night,Urban,Vanilla,224,8960
2022-04-13,4,Summer,42.642515603990184,Weekday,None,Night,Urban,Chocolate,245,12250
2022-04-13,4,Summer,42.642515603990184,Weekday,None,Night,Urban,Strawberry,194,8730
2022-04-13,4,Summer,42.642515603990184,Weekday,None,Night,Urban,Butterscotch,204,11220
2022-04-13,4,Summer,42.642515603990184,Weekday,None,Night,Urban,Coffee,159,9540
2022-04-14,4,Summer,32.75435904512742,Weekday,None,Evening,Urban,Vanilla,179,7160
2022-04-14,4,Summer,32.75435904512742,Weekday,None,Evening,Urban,Chocolate,230,11500
2022-04-14,4,Summer,32.75435904512742,Weekday,None,Evening,Urban,Strawberry,181,8145
2022-04-14,4,Summer,32.75435904512742,Weekday,None,Evening,Urban,Butterscotch,217,11935
2022-04-14,4,Summer,32.75435904512742,Weekday,None,Evening,Urban,Coffee,176,10560
2022-04-15,4,Summer,45.58079727762087,Weekday,None,Afternoon,Rural,Vanilla,173,6920
2022-04-15,4,Summer,45.58079727762087,Weekday,None,Afternoon,Rural,Chocolate,193,9650
2022-04-15,4,Summer,45.58079727762087,Weekday,None,Afternoon,Rural,Strawberry,170,7650
2022-04-15,4,Summer,45.58079727762087,Weekday,None,Afternoon,Rural,Butterscotch,203,11165
2022-04-15,4,Summer,45.58079727762087,Weekday,None,Afternoon,Rural,Coffee,149,8940
2022-04-16,4,Summer,40.7989899279517,Weekend,None,Evening,Rural,Vanilla,223,8920
2022-04-16,4,Summer,40.7989899279517,Weekend,None,Evening,Rural,Chocolate,276,13800
2022-04-16,4,Summer,40.7989899279517,Weekend,None,Evening,Rural,Strawberry,213,9585
2022-04-16,4,Summer,40.7989899279517,Weekend,None,Evening,Rural,Butterscotch,259,14245
2022-04-16,4,Summer,40.7989899279517,Weekend,None,Evening,Rural,Coffee,183,10980
2022-04-17,4,Summer,37.49864575904944,Weekend,Summer Vacation,Evening,Urban,Vanilla,269,10760
2022-04-17,4,Summer,37.49864575904944,Weekend,Summer Vacation,Evening,Urban,Chocolate,327,16350
2022-04-17,4,Summer,37.49864575904944,Weekend,Summer Vacation,Evening,Urban,Strawberry,246,11070
2022-04-17,4,Summer,37.49864575904944,Weekend,Summer Vacation,Evening,Urban,Butterscotch,290,15950
2022-04-17,4,Summer,37.49864575904944,Weekend,Summer Vacation,Evening,Urban,Coffee,214,12840
2022-04-18,4,Summer,40.45325808762815,Weekday,None,Evening,Rural,Vanilla,174,6960
2022-04-18,4,Summer,40.45325808762815,Weekday,None,Evening,Rural,Chocolate,245,12250
2022-04-18,4,Summer,40.45325808762815,Weekday,None,Evening,Rural,Strawberry,209,9405
2022-04-18,4,Summer,40.45325808762815,Weekday,None,Evening,Rural,Butterscotch,211,11605
2022-04-18,4,Summer,40.45325808762815,Weekday,None,Evening,Rural,Coffee,160,9600
2022-04-19,4,Summer,38.74815105113227,Weekday,None,Afternoon,Rural,Vanilla,184,7360
2022-04-19,4,Summer,38.74815105113227,Weekday,None,Afternoon,Rural,Chocolate,196,9800
2022-04-19,4,Summer,38.74815105113227,Weekday,None,Afternoon,Rural,Strawberry,151,6795
2022-04-19,4,Summer,38.74815105113227,Weekday,None,Afternoon,Rural,Butterscotch,174,9570
2022-04-19,4,Summer,38.74815105113227,Weekday,None,Afternoon,Rural,Coffee,122,7320
2022-04-20,4,Summer,36.91112816309388,Weekday,None,Afternoon,Urban,Vanilla,183,7320
2022-04-20,4,Summer,36.91112816309388,Weekday,None,Afternoon,Urban,Chocolate,208,10400
2022-04-20,4,Summer,36.91112816309388,Weekday,None,Afternoon,Urban,Strawberry,168,7560
2022-04-20,4,Summer,36.91112816309388,Weekday,None,Afternoon,Urban,Butterscotch,222,12210
2022-04-20,4,Summer,36.91112816309388,Weekday,None,Afternoon,Urban,Coffee,143,8580
2022-04-21,4,Summer,36.334401419920404,Weekday,None,Night,Urban,Vanilla,207,8280
2022-04-21,4,Summer,36.334401419920404,Weekday,None,Night,Urban,Chocolate,196,9800
2022-04-21,4,Summer,36.334401419920404,Weekday,None,Night,Urban,Strawberry,158,7110
2022-04-21,4,Summer,36.334401419920404,Weekday,None,Night,Urban,Butterscotch,206,11330
2022-04-21,4,Summer,36.334401419920404,Weekday,None,Night,Urban,Coffee,158,9480
2022-04-22,4,Summer,41.365559568280545,Weekday,Summer Vacation,Night,Urban,Vanilla,248,9920
2022-04-22,4,Summer,41.365559568280545,Weekday,Summer Vacation,Night,Urban,Chocolate,284,14200
2022-04-22,4,Summer,41.365559568280545,Weekday,Summer Vacation,Night,Urban,Strawberry,204,9180
2022-04-22,4,Summer,41.365559568280545,Weekday,Summer Vacation,Night,Urban,Butterscotch,279,15345
2022-04-22,4,Summer,41.365559568280545,Weekday,Summer Vacation,Night,Urban,Coffee,167,10020
2022-04-23,4,Summer,33.42342448722579,Weekend,None,Afternoon,Rural,Vanilla,154,6160
2022-04-23,4,Summer,33.42342448722579,Weekend,None,Afternoon,Rural,Chocolate,187,9350
2022-04-23,4,Summer,33.42342448722579,Weekend,None,Afternoon,Rural,Strawberry,138,6210
2022-04-23,4,Summer,33.42342448722579,Weekend,None,Afternoon,Rural,Butterscotch,182,10010
2022-04-23,4,Summer,33.42342448722579,Weekend,None,Afternoon,Rural,Coffee,128,7680
2022-04-24,4,Summer,40.851508265847876,Weekend,Summer Vacation,Night,Urban,Vanilla,242,9680
2022-04-24,4,Summer,40.851508265847876,Weekend,Summer Vacation,Night,Urban,Chocolate,302,15100
2022-04-24,4,Summer,40.851508265847876,Weekend,Summer Vacation,Night,Urban,Strawberry,229,10305
2022-04-24,4,Summer,40.851508265847876,Weekend,Summer Vacation,Night,Urban,Butterscotch,280,15400
2022-04-24,4,Summer,40.851508265847876,Weekend,Summer Vacation,Night,Urban,Coffee,204,12240
2022-04-25,4,Summer,39.92816827960263,Weekday,None,Morning,Urban,Vanilla,209,8360
2022-04-25,4,Summer,39.92816827960263,Weekday,None,Morning,Urban,Chocolate,246,12300
2022-04-25,4,Summer,39.92816827960263,Weekday,None,Morning,Urban,Strawberry,178,8010
2022-04-25,4,Summer,39.92816827960263,Weekday,None,Morning,Urban,Butterscotch,193,10615
2022-04-25,4,Summer,39.92816827960263,Weekday,None,Morning,Urban,Coffee,151,9060
2022-04-26,4,Summer,39.124933815019126,Weekday,None,Afternoon,Urban,Vanilla,176,7040
2022-04-26,4,Summer,39.124933815019126,Weekday,None,Afternoon,Urban,Chocolate,226,11300
2022-04-26,4,Summer,39.124933815019126,Weekday,None,Afternoon,Urban,Strawberry,158,7110
2022-04-26,4,Summer,39.124933815019126,Weekday,None,Afternoon,Urban,Butterscotch,218,11990
2022-04-26,4,Summer,39.124933815019126,Weekday,None,Afternoon,Urban,Coffee,140,8400
2022-04-27,4,Summer,36.66144970035566,Weekday,None,Morning,Urban,Vanilla,151,6040
2022-04-27,4,Summer,36.66144970035566,Weekday,None,Morning,Urban,Chocolate,253,12650
2022-04-27,4,Summer,36.66144970035566,Weekday,None,Morning,Urban,Strawberry,154,6930
2022-04-27,4,Summer,36.66144970035566,Weekday,None,Morning,Urban,Butterscotch,213,11715
2022-04-27,4,Summer,36.66144970035566,Weekday,None,Morning,Urban,Coffee,127,7620
2022-04-28,4,Summer,39.11639417327948,Weekday,Christmas,Evening,Urban,Vanilla,259,10360
2022-04-28,4,Summer,39.11639417327948,Weekday,Christmas,Evening,Urban,Chocolate,302,15100
2022-04-28,4,Summer,39.11639417327948,Weekday,Christmas,Evening,Urban,Strawberry,209,9405
2022-04-28,4,Summer,39.11639417327948,Weekday,Christmas,Evening,Urban,Butterscotch,300,16500
2022-04-28,4,Summer,39.11639417327948,Weekday,Christmas,Evening,Urban,Coffee,215,12900
2022-04-29,4,Summer,37.33710747851101,Weekday,Navratri,Evening,Urban,Vanilla,247,9880
2022-04-29,4,Summer,37.33710747851101,Weekday,Navratri,Evening,Urban,Chocolate,292,14600
2022-04-29,4,Summer,37.33710747851101,Weekday,Navratri,Evening,Urban,Strawberry,221,9945
2022-04-29,4,Summer,37.33710747851101,Weekday,Navratri,Evening,Urban,Butterscotch,269,14795
2022-04-29,4,Summer,37.33710747851101,Weekday,Navratri,Evening,Urban,Coffee,186,11160
2022-04-30,4,Summer,38.5862308549899,Weekend,None,Evening,Urban,Vanilla,219,8760
2022-04-30,4,Summer,38.5862308549899,Weekend,None,Evening,Urban,Chocolate,303,15150
2022-04-30,4,Summer,38.5862308549899,Weekend,None,Evening,Urban,Strawberry,226,10170
2022-04-30,4,Summer,38.5862308549899,Weekend,None,Evening,Urban,Butterscotch,260,14300
2022-04-30,4,Summer,38.5862308549899,Weekend,None,Evening,Urban,Coffee,178,10680
2022-05-01,5,Summer,40.09466994084077,Weekend,None,Evening,Rural,Vanilla,221,8840
2022-05-01,5,Summer,40.09466994084077,Weekend,None,Evening,Rural,Chocolate,260,13000
2022-05-01,5,Summer,40.09466994084077,Weekend,None,Evening,Rural,Strawberry,208,9360
2022-05-01,5,Summer,40.09466994084077,Weekend,None,Evening,Rural,Butterscotch,233,12815
2022-05-01,5,Summer,40.09466994084077,Weekend,None,Evening,Rural,Coffee,191,11460
2022-05-02,5,Summer,39.20403088107437,Weekday,Navratri,Morning,Rural,Vanilla,230,9200
2022-05-02,5,Summer,39.20403088107437,Weekday,Navratri,Morning,Rural,Chocolate,227,11350
2022-05-02,5,Summer,39.20403088107437,Weekday,Navratri,Morning,Rural,Strawberry,170,7650
2022-05-02,5,Summer,39.20403088107437,Weekday,Navratri,Morning,Rural,Butterscotch,212,11660
2022-05-02,5,Summer,39.20403088107437,Weekday,Navratri,Morning,Rural,Coffee,164,9840
2022-05-03,5,Summer,39.5685064641065,Weekday,None,Evening,Urban,Vanilla,210,8400
2022-05-03,5,Summer,39.5685064641065,Weekday,None,Evening,Urban,Chocolate,248,12400
2022-05-03,5,Summer,39.5685064641065,Weekday,None,Evening,Urban,Strawberry,208,9360
2022-05-03,5,Summer,39.5685064641065,Weekday,None,Evening,Urban,Butterscotch,223,12265
2022-05-03,5,Summer,39.5685064641065,Weekday,None,Evening,Urban,Coffee,183,10980
2022-05-04,5,Summer,36.49323285141763,Weekday,None,Afternoon,Urban,Vanilla,182,7280
2022-05-04,5,Summer,36.49323285141763,Weekday,None,Afternoon,Urban,Chocolate,221,11050
2022-05-04,5,Summer,36.49323285141763,Weekday,None,Afternoon,Urban,Strawberry,171,7695
2022-05-04,5,Summer,36.49323285141763,Weekday,None,Afternoon,Urban,Butterscotch,190,10450
2022-05-04,5,Summer,36.49323285141763,Weekday,None,Afternoon,Urban,Coffee,167,10020
2022-05-05,5,Summer,34.322703010992974,Weekday,None,Morning,Rural,Vanilla,126,5040
2022-05-05,5,Summer,34.322703010992974,Weekday,None,Morning,Rural,Chocolate,154,7700
2022-05-05,5,Summer,34.322703010992974,Weekday,None,Morning,Rural,Strawberry,163,7335
2022-05-05,5,Summer,34.322703010992974,Weekday,None,Morning,Rural,Butterscotch,161,8855
2022-05-05,5,Summer,34.322703010992974,Weekday,None,Morning,Rural,Coffee,145,8700
2022-05-06,5,Summer,33.10114315837405,Weekday,None,Night,Urban,Vanilla,160,6400
2022-05-06,5,Summer,33.10114315837405,Weekday,None,Night,Urban,Chocolate,225,11250
2022-05-06,5,Summer,33.10114315837405,Weekday,None,Night,Urban,Strawberry,173,7785
2022-05-06,5,Summer,33.10114315837405,Weekday,None,Night,Urban,Butterscotch,176,9680
2022-05-06,5,Summer,33.10114315837405,Weekday,None,Night,Urban,Coffee,141,8460
2022-05-07,5,Summer,39.48209055884821,Weekend,None,Afternoon,Urban,Vanilla,212,8480
2022-05-07,5,Summer,39.48209055884821,Weekend,None,Afternoon,Urban,Chocolate,254,12700
2022-05-07,5,Summer,39.48209055884821,Weekend,None,Afternoon,Urban,Strawberry,183,8235
2022-05-07,5,Summer,39.48209055884821,Weekend,None,Afternoon,Urban,Butterscotch,204,11220
2022-05-07,5,Summer,39.48209055884821,Weekend,None,Afternoon,Urban,Coffee,166,9960
2022-05-08,5,Summer,37.52980880533242,Weekend,None,Afternoon,Urban,Vanilla,218,8720
2022-05-08,5,Summer,37.52980880533242,Weekend,None,Afternoon,Urban,Chocolate,237,11850
2022-05-08,5,Summer,37.52980880533242,Weekend,None,Afternoon,Urban,Strawberry,165,7425
2022-05-08,5,Summer,37.52980880533242,Weekend,None,Afternoon,Urban,Butterscotch,203,11165
2022-05-08,5,Summer,37.52980880533242,Weekend,None,Afternoon,Urban,Coffee,179,10740
2022-05-09,5,Summer,36.596896396064324,Weekday,None,Evening,Rural,Vanilla,189,7560
2022-05-09,5,Summer,36.596896396064324,Weekday,None,Evening,Rural,Chocolate,190,9500
2022-05-09,5,Summer,36.596896396064324,Weekday,None,Evening,Rural,Strawberry,170,7650
2022-05-09,5,Summer,36.596896396064324,Weekday,None,Evening,Rural,Butterscotch,199,10945
2022-05-09,5,Summer,36.596896396064324,Weekday,None,Evening,Rural,Coffee,166,9960
2022-05-10,5,Summer,39.946772631520986,Weekday,Summer Vacation,Afternoon,Rural,Vanilla,178,7120
2022-05-10,5,Summer,39.946772631520986,Weekday,Summer Vacation,Afternoon,Rural,Chocolate,234,11700
2022-05-10,5,Summer,39.946772631520986,Weekday,Summer Vacation,Afternoon,Rural,Strawberry,211,9495
2022-05-10,5,Summer,39.946772631520986,Weekday,Summer Vacation,Afternoon,Rural,Butterscotch,225,12375
2022-05-10,5,Summer,39.946772631520986,Weekday,Summer Vacation,Afternoon,Rural,Coffee,166,9960
2022-05-11,5,Summer,41.09085036209552,Weekday,None,Morning,Urban,Vanilla,196,7840
2022-05-11,5,Summer,41.09085036209552,Weekday,None,Morning,Urban,Chocolate,232,11600
2022-05-11,5,Summer,41.09085036209552,Weekday,None,Morning,Urban,Strawberry,163,7335
2022-05-11,5,Summer,41.09085036209552,Weekday,None,Morning,Urban,Butterscotch,210,11550
2022-05-11,5,Summer,41.09085036209552,Weekday,None,Morning,Urban,Coffee,139,8340
2022-05-12,5,Summer,37.430016838452865,Weekday,Summer Vacation,Morning,Urban,Vanilla,224,8960
2022-05-12,5,Summer,37.430016838452865,Weekday,Summer Vacation,Morning,Urban,Chocolate,274,13700
2022-05-12,5,Summer,37.430016838452865,Weekday,Summer Vacation,Morning,Urban,Strawberry,200,9000
2022-05-12,5,Summer,37.430016838452865,Weekday,Summer Vacation,Morning,Urban,Butterscotch,253,13915
2022-05-12,5,Summer,37.430016838452865,Weekday,Summer Vacation,Morning,Urban,Coffee,130,7800
2022-05-13,5,Summer,44.265124114342186,Weekday,None,Morning,Urban,Vanilla,200,8000
2022-05-13,5,Summer,44.265124114342186,Weekday,None,Morning,Urban,Chocolate,229,11450
2022-05-13,5,Summer,44.265124114342186,Weekday,None,Morning,Urban,Strawberry,192,8640
2022-05-13,5,Summer,44.265124114342186,Weekday,None,Morning,Urban,Butterscotch,227,12485
2022-05-13,5,Summer,44.265124114342186,Weekday,None,Morning,Urban,Coffee,152,9120
2022-05-14,5,Summer,41.21926203623094,Weekend,None,Evening,Urban,Vanilla,241,9640
2022-05-14,5,Summer,41.21926203623094,Weekend,None,Evening,Urban,Chocolate,294,14700
2022-05-14,5,Summer,41.21926203623094,Weekend,None,Evening,Urban,Strawberry,224,10080
2022-05-14,5,Summer,41.21926203623094,Weekend,None,Evening,Urban,Butterscotch,304,16720
2022-05-14,5,Summer,41.21926203623094,Weekend,None,Evening,Urban,Coffee,194,11640
2022-05-15,5,Summer,38.6032971401449,Weekend,None,Night,Urban,Vanilla,221,8840
2022-05-15,5,Summer,38.6032971401449,Weekend,None,Night,Urban,Chocolate,230,11500
2022-05-15,5,Summer,38.6032971401449,Weekend,None,Night,Urban,Strawberry,195,8775
2022-05-15,5,Summer,38.6032971401449,Weekend,None,Night,Urban,Butterscotch,210,11550
2022-05-15,5,Summer,38.6032971401449,Weekend,None,Night,Urban,Coffee,189,11340
2022-05-16,5,Summer,35.685115032749366,Weekday,Holi,Night,Urban,Vanilla,216,8640
2022-05-16,5,Summer,35.685115032749366,Weekday,Holi,Night,Urban,Chocolate,253,12650
2022-05-16,5,Summer,35.685115032749366,Weekday,Holi,Night,Urban,Strawberry,195,8775
2022-05-16,5,Summer,35.685115032749366,Weekday,Holi,Night,Urban,Butterscotch,238,13090
2022-05-16,5,Summer,35.685115032749366,Weekday,Holi,Night,Urban,Coffee,175,10500
2022-05-17,5,Summer,42.84113380717594,Weekday,None,Afternoon,Rural,Vanilla,180,7200
2022-05-17,5,Summer,42.84113380717594,Weekday,None,Afternoon,Rural,Chocolate,223,11150
2022-05-17,5,Summer,42.84113380717594,Weekday,None,Afternoon,Rural,Strawberry,164,7380
2022-05-17,5,Summer,42.84113380717594,Weekday,None,Afternoon,Rural,Butterscotch,201,11055
2022-05-17,5,Summer,42.84113380717594,Weekday,None,Afternoon,Rural,Coffee,148,8880
2022-05-18,5,Summer,41.86926958512612,Weekday,Diwali,Evening,Urban,Vanilla,256,10240
2022-05-18,5,Summer,41.86926958512612,Weekday,Diwali,Evening,Urban,Chocolate,296,14800
2022-05-18,5,Summer,41.86926958512612,Weekday,Diwali,Evening,Urban,Strawberry,212,9540
2022-05-18,5,Summer,41.86926958512612,Weekday,Diwali,Evening,Urban,Butterscotch,310,17050
2022-05-18,5,Summer,41.86926958512612,Weekday,Diwali,Evening,Urban,Coffee,195,11700
2022-05-19,5,Summer,35.02582295163108,Weekday,None,Afternoon,Urban,Vanilla,142,5680
2022-05-19,5,Summer,35.02582295163108,Weekday,None,Afternoon,Urban,Chocolate,212,10600
2022-05-19,5,Summer,35.02582295163108,Weekday,None,Afternoon,Urban,Strawberry,147,6615
2022-05-19,5,Summer,35.02582295163108,Weekday,None,Afternoon,Urban,Butterscotch,208,11440
2022-05-19,5,Summer,35.02582295163108,Weekday,None,Afternoon,Urban,Coffee,163,9780
2022-05-20,5,Summer,31.252712815832183,Weekday,None,Evening,Rural,Vanilla,158,6320
2022-05-20,5,Summer,31.252712815832183,Weekday,None,Evening,Rural,Chocolate,181,9050
2022-05-20,5,Summer,31.252712815832183,Weekday,None,Evening,Rural,Strawberry,127,5715
2022-05-20,5,Summer,31.252712815832183,Weekday,None,Evening,Rural,Butterscotch,200,11000
2022-05-20,5,Summer,31.252712815832183,Weekday,None,Evening,Rural,Coffee,171,10260
2022-05-21,5,Summer,42.15281845553155,Weekend,None,Evening,Rural,Vanilla,229,9160
2022-05-21,5,Summer,42.15281845553155,Weekend,None,Evening,Rural,Chocolate,261,13050
2022-05-21,5,Summer,42.15281845553155,Weekend,None,Evening,Rural,Strawberry,205,9225
2022-05-21,5,Summer,42.15281845553155,Weekend,None,Evening,Rural,Butterscotch,240,13200
2022-05-21,5,Summer,42.15281845553155,Weekend,None,Evening,Rural,Coffee,185,11100
2022-05-22,5,Summer,37.89894041927385,Weekend,None,Afternoon,Urban,Vanilla,189,7560
2022-05-22,5,Summer,37.89894041927385,Weekend,None,Afternoon,Urban,Chocolate,247,12350
2022-05-22,5,Summer,37.89894041927385,Weekend,None,Afternoon,Urban,Strawberry,204,9180
2022-05-22,5,Summer,37.89894041927385,Weekend,None,Afternoon,Urban,Butterscotch,237,13035
2022-05-22,5,Summer,37.89894041927385,Weekend,None,Afternoon,Urban,Coffee,139,8340
2022-05-23,5,Summer,35.03111559028899,Weekday,Summer Vacation,Morning,Urban,Vanilla,224,8960
2022-05-23,5,Summer,35.03111559028899,Weekday,Summer Vacation,Morning,Urban,Chocolate,237,11850
2022-05-23,5,Summer,35.03111559028899,Weekday,Summer Vacation,Morning,Urban,Strawberry,197,8865
2022-05-23,5,Summer,35.03111559028899,Weekday,Summer Vacation,Morning,Urban,Butterscotch,258,14190
2022-05-23,5,Summer,35.03111559028899,Weekday,Summer Vacation,Morning,Urban,Coffee,171,10260
2022-05-24,5,Summer,38.48142862099654,Weekday,None,Night,Urban,Vanilla,171,6840
2022-05-24,5,Summer,38.48142862099654,Weekday,None,Night,Urban,Chocolate,225,11250
2022-05-24,5,Summer,38.48142862099654,Weekday,None,Night,Urban,Strawberry,187,8415
2022-05-24,5,Summer,38.48142862099654,Weekday,None,Night,Urban,Butterscotch,205,11275
2022-05-24,5,Summer,38.48142862099654,Weekday,None,Night,Urban,Coffee,141,8460
2022-05-25,5,Summer,38.36689250909685,Weekday,None,Night,Rural,Vanilla,168,6720
2022-05-25,5,Summer,38.36689250909685,Weekday,None,Night,Rural,Chocolate,199,9950
2022-05-25,5,Summer,38.36689250909685,Weekday,None,Night,Rural,Strawberry,124,5580
2022-05-25,5,Summer,38.36689250909685,Weekday,None,Night,Rural,Butterscotch,193,10615
2022-05-25,5,Summer,38.36689250909685,Weekday,None,Night,Rural,Coffee,123,7380
2022-05-26,5,Summer,37.17403032948371,Weekday,None,Evening,Urban,Vanilla,222,8880
2022-05-26,5,Summer,37.17403032948371,Weekday,None,Evening,Urban,Chocolate,249,12450
2022-05-26,5,Summer,37.17403032948371,Weekday,None,Evening,Urban,Strawberry,209,9405
2022-05-26,5,Summer,37.17403032948371,Weekday,None,Evening,Urban,Butterscotch,222,12210
2022-05-26,5,Summer,37.17403032948371,Weekday,None,Evening,Urban,Coffee,173,10380
2022-05-27,5,Summer,35.49395884022073,Weekday,None,Afternoon,Urban,Vanilla,208,8320
2022-05-27,5,Summer,35.49395884022073,Weekday,None,Afternoon,Urban,Chocolate,206,10300
2022-05-27,5,Summer,35.49395884022073,Weekday,None,Afternoon,Urban,Strawberry,165,7425
2022-05-27,5,Summer,35.49395884022073,Weekday,None,Afternoon,Urban,Butterscotch,212,11660
2022-05-27,5,Summer,35.49395884022073,Weekday,None,Afternoon,Urban,Coffee,165,9900
2022-05-28,5,Summer,33.38915611992104,Weekend,None,Evening,Urban,Vanilla,224,8960
2022-05-28,5,Summer,33.38915611992104,Weekend,None,Evening,Urban,Chocolate,252,12600
2022-05-28,5,Summer,33.38915611992104,Weekend,None,Evening,Urban,Strawberry,222,9990
2022-05-28,5,Summer,33.38915611992104,Weekend,None,Evening,Urban,Butterscotch,267,14685
2022-05-28,5,Summer,33.38915611992104,Weekend,None,Evening,Urban,Coffee,167,10020
2022-05-29,5,Summer,39.706949237555826,Weekend,Navratri,Morning,Urban,Vanilla,268,10720
2022-05-29,5,Summer,39.706949237555826,Weekend,Navratri,Morning,Urban,Chocolate,276,13800
2022-05-29,5,Summer,39.706949237555826,Weekend,Navratri,Morning,Urban,Strawberry,209,9405
2022-05-29,5,Summer,39.706949237555826,Weekend,Navratri,Morning,Urban,Butterscotch,259,14245
2022-05-29,5,Summer,39.706949237555826,Weekend,Navratri,Morning,Urban,Coffee,192,11520
2022-05-30,5,Summer,35.72287865837406,Weekday,None,Afternoon,Rural,Vanilla,152,6080
2022-05-30,5,Summer,35.72287865837406,Weekday,None,Afternoon,Rural,Chocolate,187,9350
2022-05-30,5,Summer,35.72287865837406,Weekday,None,Afternoon,Rural,Strawberry,149,6705
2022-05-30,5,Summer,35.72287865837406,Weekday,None,Afternoon,Rural,Butterscotch,137,7535
2022-05-30,5,Summer,35.72287865837406,Weekday,None,Afternoon,Rural,Coffee,127,7620
2022-05-31,5,Summer,41.68300697741988,Weekday,None,Evening,Rural,Vanilla,181,7240
2022-05-31,5,Summer,41.68300697741988,Weekday,None,Evening,Rural,Chocolate,236,11800
2022-05-31,5,Summer,41.68300697741988,Weekday,None,Evening,Rural,Strawberry,205,9225
2022-05-31,5,Summer,41.68300697741988,Weekday,None,Evening,Rural,Butterscotch,221,12155
2022-05-31,5,Summer,41.68300697741988,Weekday,None,Evening,Rural,Coffee,149,8940
2022-06-01,6,Summer,35.02792283408689,Weekday,None,Morning,Urban,Vanilla,184,7360
2022-06-01,6,Summer,35.02792283408689,Weekday,None,Morning,Urban,Chocolate,199,9950
2022-06-01,6,Summer,35.02792283408689,Weekday,None,Morning,Urban,Strawberry,176,7920
2022-06-01,6,Summer,35.02792283408689,Weekday,None,Morning,Urban,Butterscotch,208,11440
2022-06-01,6,Summer,35.02792283408689,Weekday,None,Morning,Urban,Coffee,149,8940
2022-06-02,6,Summer,34.72306170598226,Weekday,None,Night,Rural,Vanilla,144,5760
2022-06-02,6,Summer,34.72306170598226,Weekday,None,Night,Rural,Chocolate,180,9000
2022-06-02,6,Summer,34.72306170598226,Weekday,None,Night,Rural,Strawberry,152,6840
2022-06-02,6,Summer,34.72306170598226,Weekday,None,Night,Rural,Butterscotch,152,8360
2022-06-02,6,Summer,34.72306170598226,Weekday,None,Night,Rural,Coffee,122,7320
2022-06-03,6,Summer,36.41759202915843,Weekday,None,Evening,Rural,Vanilla,189,7560
2022-06-03,6,Summer,36.41759202915843,Weekday,None,Evening,Rural,Chocolate,209,10450
2022-06-03,6,Summer,36.41759202915843,Weekday,None,Evening,Rural,Strawberry,145,6525
2022-06-03,6,Summer,36.41759202915843,Weekday,None,Evening,Rural,Butterscotch,175,9625
2022-06-03,6,Summer,36.41759202915843,Weekday,None,Evening,Rural,Coffee,155,9300
2022-06-04,6,Summer,34.68990018147838,Weekend,None,Evening,Urban,Vanilla,191,7640
2022-06-04,6,Summer,34.68990018147838,Weekend,None,Evening,Urban,Chocolate,272,13600
2022-06-04,6,Summer,34.68990018147838,Weekend,None,Evening,Urban,Strawberry,201,9045
2022-06-04,6,Summer,34.68990018147838,Weekend,None,Evening,Urban,Butterscotch,240,13200
2022-06-04,6,Summer,34.68990018147838,Weekend,None,Evening,Urban,Coffee,186,11160
2022-06-05,6,Summer,36.68423838122811,Weekend,None,Night,Rural,Vanilla,192,7680
2022-06-05,6,Summer,36.68423838122811,Weekend,None,Night,Rural,Chocolate,200,10000
2022-06-05,6,Summer,36.68423838122811,Weekend,None,Night,Rural,Strawberry,172,7740
2022-06-05,6,Summer,36.68423838122811,Weekend,None,Night,Rural,Butterscotch,189,10395
2022-06-05,6,Summer,36.68423838122811,Weekend,None,Night,Rural,Coffee,128,7680
2022-06-06,6,Summer,39.609529530711214,Weekday,None,Night,Urban,Vanilla,175,7000
2022-06-06,6,Summer,39.609529530711214,Weekday,None,Night,Urban,Chocolate,223,11150
2022-06-06,6,Summer,39.609529530711214,Weekday,None,Night,Urban,Strawberry,172,7740
2022-06-06,6,Summer,39.609529530711214,Weekday,None,Night,Urban,Butterscotch,244,13420
2022-06-06,6,Summer,39.609529530711214,Weekday,None,Night,Urban,Coffee,146,8760
2022-06-07,6,Summer,36.04876089587002,Weekday,Summer Vacation,Afternoon,Urban,Vanilla,221,8840
2022-06-07,6,Summer,36.04876089587002,Weekday,Summer Vacation,Afternoon,Urban,Chocolate,246,12300
2022-06-07,6,Summer,36.04876089587002,Weekday,Summer Vacation,Afternoon,Urban,Strawberry,189,8505
2022-06-07,6,Summer,36.04876089587002,Weekday,Summer Vacation,Afternoon,Urban,Butterscotch,235,12925
2022-06-07,6,Summer,36.04876089587002,Weekday,Summer Vacation,Afternoon,Urban,Coffee,178,10680
2022-06-08,6,Summer,37.788503665822724,Weekday,None,Evening,Urban,Vanilla,220,8800
2022-06-08,6,Summer,37.788503665822724,Weekday,None,Evening,Urban,Chocolate,260,13000
2022-06-08,6,Summer,37.788503665822724,Weekday,None,Evening,Urban,Strawberry,180,8100
2022-06-08,6,Summer,37.788503665822724,Weekday,None,Evening,Urban,Butterscotch,242,13310
2022-06-08,6,Summer,37.788503665822724,Weekday,None,Evening,Urban,Coffee,151,9060
2022-06-09,6,Summer,35.10044892219502,Weekday,None,Evening,Urban,Vanilla,211,8440
2022-06-09,6,Summer,35.10044892219502,Weekday,None,Evening,Urban,Chocolate,248,12400
2022-06-09,6,Summer,35.10044892219502,Weekday,None,Evening,Urban,Strawberry,179,8055
2022-06-09,6,Summer,35.10044892219502,Weekday,None,Evening,Urban,Butterscotch,216,11880
2022-06-09,6,Summer,35.10044892219502,Weekday,None,Evening,Urban,Coffee,159,9540
2022-06-10,6,Summer,36.835469544376316,Weekday,None,Night,Urban,Vanilla,183,7320
2022-06-10,6,Summer,36.835469544376316,Weekday,None,Night,Urban,Chocolate,193,9650
2022-06-10,6,Summer,36.835469544376316,Weekday,None,Night,Urban,Strawberry,176,7920
2022-06-10,6,Summer,36.835469544376316,Weekday,None,Night,Urban,Butterscotch,206,11330
2022-06-10,6,Summer,36.835469544376316,Weekday,None,Night,Urban,Coffee,178,10680
2022-06-11,6,Summer,34.86808148000522,Weekend,None,Afternoon,Rural,Vanilla,166,6640
2022-06-11,6,Summer,34.86808148000522,Weekend,None,Afternoon,Rural,Chocolate,185,9250
2022-06-11,6,Summer,34.86808148000522,Weekend,None,Afternoon,Rural,Strawberry,125,5625
2022-06-11,6,Summer,34.86808148000522,Weekend,None,Afternoon,Rural,Butterscotch,194,10670
2022-06-11,6,Summer,34.86808148000522,Weekend,None,Afternoon,Rural,Coffee,147,8820
2022-06-12,6,Summer,36.270468797819845,Weekend,None,Afternoon,Urban,Vanilla,159,6360
2022-06-12,6,Summer,36.270468797819845,Weekend,None,Afternoon,Urban,Chocolate,240,12000
2022-06-12,6,Summer,36.270468797819845,Weekend,None,Afternoon,Urban,Strawberry,162,7290
2022-06-12,6,Summer,36.270468797819845,Weekend,None,Afternoon,Urban,Butterscotch,203,11165
2022-06-12,6,Summer,36.270468797819845,Weekend,None,Afternoon,Urban,Coffee,158,9480
2022-06-13,6,Summer,32.119525975118506,Weekday,None,Morning,Rural,Vanilla,172,6880
2022-06-13,6,Summer,32.119525975118506,Weekday,None,Morning,Rural,Chocolate,162,8100
2022-06-13,6,Summer,32.119525975118506,Weekday,None,Morning,Rural,Strawberry,113,5085
2022-06-13,6,Summer,32.119525975118506,Weekday,None,Morning,Rural,Butterscotch,152,8360
2022-06-13,6,Summer,32.119525975118506,Weekday,None,Morning,Rural,Coffee,138,8280
2022-06-14,6,Summer,33.88429657120593,Weekday,None,Evening,Urban,Vanilla,177,7080
2022-06-14,6,Summer,33.88429657120593,Weekday,None,Evening,Urban,Chocolate,259,12950
2022-06-14,6,Summer,33.88429657120593,Weekday,None,Evening,Urban,Strawberry,164,7380
2022-06-14,6,Summer,33.88429657120593,Weekday,None,Evening,Urban,Butterscotch,197,10835
2022-06-14,6,Summer,33.88429657120593,Weekday,None,Evening,Urban,Coffee,155,9300
2022-06-15,6,Summer,37.73497202297271,Weekday,None,Evening,Urban,Vanilla,227,9080
2022-06-15,6,Summer,37.73497202297271,Weekday,None,Evening,Urban,Chocolate,275,13750
2022-06-15,6,Summer,37.73497202297271,Weekday,None,Evening,Urban,Strawberry,215,9675
2022-06-15,6,Summer,37.73497202297271,Weekday,None,Evening,Urban,Butterscotch,235,12925
2022-06-15,6,Summer,37.73497202297271,Weekday,None,Evening,Urban,Coffee,159,9540
2022-06-16,6,Summer,39.37991642881735,Weekday,Holi,Evening,Urban,Vanilla,242,9680
2022-06-16,6,Summer,39.37991642881735,Weekday,Holi,Evening,Urban,Chocolate,307,15350
2022-06-16,6,Summer,39.37991642881735,Weekday,Holi,Evening,Urban,Strawberry,221,9945
2022-06-16,6,Summer,39.37991642881735,Weekday,Holi,Evening,Urban,Butterscotch,266,14630
2022-06-16,6,Summer,39.37991642881735,Weekday,Holi,Evening,Urban,Coffee,221,13260
2022-06-17,6,Summer,35.05724767111911,Weekday,Summer Vacation,Evening,Rural,Vanilla,195,7800
2022-06-17,6,Summer,35.05724767111911,Weekday,Summer Vacation,Evening,Rural,Chocolate,275,13750
2022-06-17,6,Summer,35.05724767111911,Weekday,Summer Vacation,Evening,Rural,Strawberry,204,9180
2022-06-17,6,Summer,35.05724767111911,Weekday,Summer Vacation,Evening,Rural,Butterscotch,251,13805
2022-06-17,6,Summer,35.05724767111911,Weekday,Summer Vacation,Evening,Rural,Coffee,160,9600
2022-06-18,6,Summer,33.73456799977447,Weekend,None,Morning,Urban,Vanilla,213,8520
2022-06-18,6,Summer,33.73456799977447,Weekend,None,Morning,Urban,Chocolate,239,11950
2022-06-18,6,Summer,33.73456799977447,Weekend,None,Morning,Urban,Strawberry,190,8550
2022-06-18,6,Summer,33.73456799977447,Weekend,None,Morning,Urban,Butterscotch,201,11055
2022-06-18,6,Summer,33.73456799977447,Weekend,None,Morning,Urban,Coffee,153,9180
2022-06-19,6,Summer,42.36685607024335,Weekend,None,Evening,Rural,Vanilla,249,9960
2022-06-19,6,Summer,42.36685607024335,Weekend,None,Evening,Rural,Chocolate,261,13050
2022-06-19,6,Summer,42.36685607024335,Weekend,None,Evening,Rural,Strawberry,187,8415
2022-06-19,6,Summer,42.36685607024335,Weekend,None,Evening,Rural,Butterscotch,228,12540
2022-06-19,6,Summer,42.36685607024335,Weekend,None,Evening,Rural,Coffee,148,8880
2022-06-20,6,Summer,44.16862138982097,Weekday,Summer Vacation,Afternoon,Rural,Vanilla,195,7800
2022-06-20,6,Summer,44.16862138982097,Weekday,Summer Vacation,Afternoon,Rural,Chocolate,258,12900
2022-06-20,6,Summer,44.16862138982097,Weekday,Summer Vacation,Afternoon,Rural,Strawberry,188,8460
2022-06-20,6,Summer,44.16862138982097,Weekday,Summer Vacation,Afternoon,Rural,Butterscotch,213,11715
2022-06-20,6,Summer,44.16862138982097,Weekday,Summer Vacation,Afternoon,Rural,Coffee,183,10980
2022-06-21,6,Summer,38.912378512009425,Weekday,None,Night,Rural,Vanilla,165,6600
2022-06-21,6,Summer,38.912378512009425,Weekday,None,Night,Rural,Chocolate,190,9500
2022-06-21,6,Summer,38.912378512009425,Weekday,None,Night,Rural,Strawberry,169,7605
2022-06-21,6,Summer,38.912378512009425,Weekday,None,Night,Rural,Butterscotch,185,10175
2022-06-21,6,Summer,38.912378512009425,Weekday,None,Night,Rural,Coffee,140,8400
2022-06-22,6,Summer,39.98864380600224,Weekday,None,Evening,Urban,Vanilla,237,9480
2022-06-22,6,Summer,39.98864380600224,Weekday,None,Evening,Urban,Chocolate,262,13100
2022-06-22,6,Summer,39.98864380600224,Weekday,None,Evening,Urban,Strawberry,196,8820
2022-06-22,6,Summer,39.98864380600224,Weekday,None,Evening,Urban,Butterscotch,254,13970
2022-06-22,6,Summer,39.98864380600224,Weekday,None,Evening,Urban,Coffee,184,11040
2022-06-23,6,Summer,38.09143655079699,Weekday,None,Evening,Rural,Vanilla,166,6640
2022-06-23,6,Summer,38.09143655079699,Weekday,None,Evening,Rural,Chocolate,230,11500
2022-06-23,6,Summer,38.09143655079699,Weekday,None,Evening,Rural,Strawberry,209,9405
2022-06-23,6,Summer,38.09143655079699,Weekday,None,Evening,Rural,Butterscotch,216,11880
2022-06-23,6,Summer,38.09143655079699,Weekday,None,Evening,Rural,Coffee,125,7500
2022-06-24,6,Summer,40.260024863313596,Weekday,Summer Vacation,Evening,Urban,Vanilla,261,10440
2022-06-24,6,Summer,40.260024863313596,Weekday,Summer Vacation,Evening,Urban,Chocolate,303,15150
2022-06-24,6,Summer,40.260024863313596,Weekday,Summer Vacation,Evening,Urban,Strawberry,229,10305
2022-06-24,6,Summer,40.260024863313596,Weekday,Summer Vacation,Evening,Urban,Butterscotch,293,16115
2022-06-24,6,Summer,40.260024863313596,Weekday,Summer Vacation,Evening,Urban,Coffee,190,11400
2022-06-25,6,Summer,41.86394742140581,Weekend,None,Evening,Urban,Vanilla,239,9560
2022-06-25,6,Summer,41.86394742140581,Weekend,None,Evening,Urban,Chocolate,276,13800
2022-06-25,6,Summer,41.86394742140581,Weekend,None,Evening,Urban,Strawberry,227,10215
2022-06-25,6,Summer,41.86394742140581,Weekend,None,Evening,Urban,Butterscotch,288,15840
2022-06-25,6,Summer,41.86394742140581,Weekend,None,Evening,Urban,Coffee,187,11220
2022-06-26,6,Summer,37.59794849998125,Weekend,None,Morning,Rural,Vanilla,178,7120
2022-06-26,6,Summer,37.59794849998125,Weekend,None,Morning,Rural,Chocolate,191,9550
2022-06-26,6,Summer,37.59794849998125,Weekend,None,Morning,Rural,Strawberry,143,6435
2022-06-26,6,Summer,37.59794849998125,Weekend,None,Morning,Rural,Butterscotch,188,10340
2022-06-26,6,Summer,37.59794849998125,Weekend,None,Morning,Rural,Coffee,129,7740
2022-06-27,6,Summer,35.548443600173016,Weekday,None,Night,Rural,Vanilla,120,4800
2022-06-27,6,Summer,35.548443600173016,Weekday,None,Night,Rural,Chocolate,160,8000
2022-06-27,6,Summer,35.548443600173016,Weekday,None,Night,Rural,Strawberry,110,4950
2022-06-27,6,Summer,35.548443600173016,Weekday,None,Night,Rural,Butterscotch,143,7865
2022-06-27,6,Summer,35.548443600173016,Weekday,None,Night,Rural,Coffee,140,8400
2022-06-28,6,Summer,36.34442556232266,Weekday,None,Morning,Urban,Vanilla,217,8680
2022-06-28,6,Summer,36.34442556232266,Weekday,None,Morning,Urban,Chocolate,242,12100
2022-06-28,6,Summer,36.34442556232266,Weekday,None,Morning,Urban,Strawberry,189,8505
2022-06-28,6,Summer,36.34442556232266,Weekday,None,Morning,Urban,Butterscotch,221,12155
2022-06-28,6,Summer,36.34442556232266,Weekday,None,Morning,Urban,Coffee,157,9420
2022-06-29,6,Summer,36.12563135919784,Weekday,Navratri,Evening,Rural,Vanilla,230,9200
2022-06-29,6,Summer,36.12563135919784,Weekday,Navratri,Evening,Rural,Chocolate,259,12950
2022-06-29,6,Summer,36.12563135919784,Weekday,Navratri,Evening,Rural,Strawberry,189,8505
2022-06-29,6,Summer,36.12563135919784,Weekday,Navratri,Evening,Rural,Butterscotch,250,13750
2022-06-29,6,Summer,36.12563135919784,Weekday,Navratri,Evening,Rural,Coffee,189,11340
2022-06-30,6,Summer,38.26522065887554,Weekday,None,Morning,Urban,Vanilla,206,8240
2022-06-30,6,Summer,38.26522065887554,Weekday,None,Morning,Urban,Chocolate,209,10450
2022-06-30,6,Summer,38.26522065887554,Weekday,None,Morning,Urban,Strawberry,164,7380
2022-06-30,6,Summer,38.26522065887554,Weekday,None,Morning,Urban,Butterscotch,210,11550
2022-06-30,6,Summer,38.26522065887554,Weekday,None,Morning,Urban,Coffee,127,7620
2022-07-01,7,Monsoon,29.37969567242493,Weekday,None,Evening,Urban,Vanilla,156,6240
2022-07-01,7,Monsoon,29.37969567242493,Weekday,None,Evening,Urban,Chocolate,174,8700
2022-07-01,7,Monsoon,29.37969567242493,Weekday,None,Evening,Urban,Strawberry,118,5310
2022-07-01,7,Monsoon,29.37969567242493,Weekday,None,Evening,Urban,Butterscotch,157,8635
2022-07-01,7,Monsoon,29.37969567242493,Weekday,None,Evening,Urban,Coffee,134,8040
2022-07-02,7,Monsoon,32.769172611869216,Weekend,None,Afternoon,Urban,Vanilla,171,6840
2022-07-02,7,Monsoon,32.769172611869216,Weekend,None,Afternoon,Urban,Chocolate,170,8500
2022-07-02,7,Monsoon,32.769172611869216,Weekend,None,Afternoon,Urban,Strawberry,145,6525
2022-07-02,7,Monsoon,32.769172611869216,Weekend,None,Afternoon,Urban,Butterscotch,134,7370
2022-07-02,7,Monsoon,32.769172611869216,Weekend,None,Afternoon,Urban,Coffee,121,7260
2022-07-03,7,Monsoon,31.065927894305613,Weekend,None,Afternoon,Rural,Vanilla,115,4600
2022-07-03,7,Monsoon,31.065927894305613,Weekend,None,Afternoon,Rural,Chocolate,124,6200
2022-07-03,7,Monsoon,31.065927894305613,Weekend,None,Afternoon,Rural,Strawberry,63,2835
2022-07-03,7,Monsoon,31.065927894305613,Weekend,None,Afternoon,Rural,Butterscotch,129,7095
2022-07-03,7,Monsoon,31.065927894305613,Weekend,None,Afternoon,Rural,Coffee,121,7260
2022-07-04,7,Monsoon,32.32251842909574,Weekday,None,Afternoon,Rural,Vanilla,95,3800
2022-07-04,7,Monsoon,32.32251842909574,Weekday,None,Afternoon,Rural,Chocolate,128,6400
2022-07-04,7,Monsoon,32.32251842909574,Weekday,None,Afternoon,Rural,Strawberry,83,3735
2022-07-04,7,Monsoon,32.32251842909574,Weekday,None,Afternoon,Rural,Butterscotch,117,6435
2022-07-04,7,Monsoon,32.32251842909574,Weekday,None,Afternoon,Rural,Coffee,83,4980
2022-07-05,7,Monsoon,27.047249457433256,Weekday,None,Night,Urban,Vanilla,97,3880
2022-07-05,7,Monsoon,27.047249457433256,Weekday,None,Night,Urban,Chocolate,147,7350
2022-07-05,7,Monsoon,27.047249457433256,Weekday,None,Night,Urban,Strawberry,87,3915
2022-07-05,7,Monsoon,27.047249457433256,Weekday,None,Night,Urban,Butterscotch,144,7920
2022-07-05,7,Monsoon,27.047249457433256,Weekday,None,Night,Urban,Coffee,84,5040
2022-07-06,7,Monsoon,28.957265411303126,Weekday,None,Morning,Urban,Vanilla,105,4200
2022-07-06,7,Monsoon,28.957265411303126,Weekday,None,Morning,Urban,Chocolate,141,7050
2022-07-06,7,Monsoon,28.957265411303126,Weekday,None,Morning,Urban,Strawberry,88,3960
2022-07-06,7,Monsoon,28.957265411303126,Weekday,None,Morning,Urban,Butterscotch,102,5610
2022-07-06,7,Monsoon,28.957265411303126,Weekday,None,Morning,Urban,Coffee,78,4680
2022-07-07,7,Monsoon,29.494154755612605,Weekday,Holi,Night,Urban,Vanilla,154,6160
2022-07-07,7,Monsoon,29.494154755612605,Weekday,Holi,Night,Urban,Chocolate,160,8000
2022-07-07,7,Monsoon,29.494154755612605,Weekday,Holi,Night,Urban,Strawberry,130,5850
2022-07-07,7,Monsoon,29.494154755612605,Weekday,Holi,Night,Urban,Butterscotch,180,9900
2022-07-07,7,Monsoon,29.494154755612605,Weekday,Holi,Night,Urban,Coffee,103,6180
2022-07-08,7,Monsoon,29.58711586433326,Weekday,None,Night,Urban,Vanilla,98,3920
2022-07-08,7,Monsoon,29.58711586433326,Weekday,None,Night,Urban,Chocolate,130,6500
2022-07-08,7,Monsoon,29.58711586433326,Weekday,None,Night,Urban,Strawberry,102,4590
2022-07-08,7,Monsoon,29.58711586433326,Weekday,None,Night,Urban,Butterscotch,124,6820
2022-07-08,7,Monsoon,29.58711586433326,Weekday,None,Night,Urban,Coffee,86,5160
2022-07-09,7,Monsoon,30.265923503019653,Weekend,Summer Vacation,Evening,Urban,Vanilla,199,7960
2022-07-09,7,Monsoon,30.265923503019653,Weekend,Summer Vacation,Evening,Urban,Chocolate,253,12650
2022-07-09,7,Monsoon,30.265923503019653,Weekend,Summer Vacation,Evening,Urban,Strawberry,195,8775
2022-07-09,7,Monsoon,30.265923503019653,Weekend,Summer Vacation,Evening,Urban,Butterscotch,229,12595
2022-07-09,7,Monsoon,30.265923503019653,Weekend,Summer Vacation,Evening,Urban,Coffee,159,9540
2022-07-10,7,Monsoon,27.34481955870256,Weekend,Summer Vacation,Evening,Urban,Vanilla,198,7920
2022-07-10,7,Monsoon,27.34481955870256,Weekend,Summer Vacation,Evening,Urban,Chocolate,229,11450
2022-07-10,7,Monsoon,27.34481955870256,Weekend,Summer Vacation,Evening,Urban,Strawberry,207,9315
2022-07-10,7,Monsoon,27.34481955870256,Weekend,Summer Vacation,Evening,Urban,Butterscotch,243,13365
2022-07-10,7,Monsoon,27.34481955870256,Weekend,Summer Vacation,Evening,Urban,Coffee,142,8520
2022-07-11,7,Monsoon,27.578479792901643,Weekday,None,Evening,Urban,Vanilla,143,5720
2022-07-11,7,Monsoon,27.578479792901643,Weekday,None,Evening,Urban,Chocolate,161,8050
2022-07-11,7,Monsoon,27.578479792901643,Weekday,None,Evening,Urban,Strawberry,116,5220
2022-07-11,7,Monsoon,27.578479792901643,Weekday,None,Evening,Urban,Butterscotch,149,8195
2022-07-11,7,Monsoon,27.578479792901643,Weekday,None,Evening,Urban,Coffee,99,5940
2022-07-12,7,Monsoon,29.245340631989592,Weekday,None,Night,Urban,Vanilla,142,5680
2022-07-12,7,Monsoon,29.245340631989592,Weekday,None,Night,Urban,Chocolate,135,6750
2022-07-12,7,Monsoon,29.245340631989592,Weekday,None,Night,Urban,Strawberry,113,5085
2022-07-12,7,Monsoon,29.245340631989592,Weekday,None,Night,Urban,Butterscotch,134,7370
2022-07-12,7,Monsoon,29.245340631989592,Weekday,None,Night,Urban,Coffee,93,5580
2022-07-13,7,Monsoon,28.87791314906001,Weekday,None,Evening,Rural,Vanilla,110,4400
2022-07-13,7,Monsoon,28.87791314906001,Weekday,None,Evening,Rural,Chocolate,150,7500
2022-07-13,7,Monsoon,28.87791314906001,Weekday,None,Evening,Rural,Strawberry,98,4410
2022-07-13,7,Monsoon,28.87791314906001,Weekday,None,Evening,Rural,Butterscotch,127,6985
2022-07-13,7,Monsoon,28.87791314906001,Weekday,None,Evening,Rural,Coffee,114,6840
2022-07-14,7,Monsoon,29.226540821075528,Weekday,None,Evening,Urban,Vanilla,126,5040
2022-07-14,7,Monsoon,29.226540821075528,Weekday,None,Evening,Urban,Chocolate,195,9750
2022-07-14,7,Monsoon,29.226540821075528,Weekday,None,Evening,Urban,Strawberry,140,6300
2022-07-14,7,Monsoon,29.226540821075528,Weekday,None,Evening,Urban,Butterscotch,173,9515
2022-07-14,7,Monsoon,29.226540821075528,Weekday,None,Evening,Urban,Coffee,115,6900
2022-07-15,7,Monsoon,26.561770777361566,Weekday,None,Evening,Urban,Vanilla,141,5640
2022-07-15,7,Monsoon,26.561770777361566,Weekday,None,Evening,Urban,Chocolate,162,8100
2022-07-15,7,Monsoon,26.561770777361566,Weekday,None,Evening,Urban,Strawberry,119,5355
2022-07-15,7,Monsoon,26.561770777361566,Weekday,None,Evening,Urban,Butterscotch,139,7645
2022-07-15,7,Monsoon,26.561770777361566,Weekday,None,Evening,Urban,Coffee,118,7080
2022-07-16,7,Monsoon,33.12504983848629,Weekend,None,Night,Urban,Vanilla,133,5320
2022-07-16,7,Monsoon,33.12504983848629,Weekend,None,Night,Urban,Chocolate,187,9350
2022-07-16,7,Monsoon,33.12504983848629,Weekend,None,Night,Urban,Strawberry,134,6030
2022-07-16,7,Monsoon,33.12504983848629,Weekend,None,Night,Urban,Butterscotch,168,9240
2022-07-16,7,Monsoon,33.12504983848629,Weekend,None,Night,Urban,Coffee,118,7080
2022-07-17,7,Monsoon,31.297466965858877,Weekend,None,Night,Urban,Vanilla,165,6600
2022-07-17,7,Monsoon,31.297466965858877,Weekend,None,Night,Urban,Chocolate,190,9500
2022-07-17,7,Monsoon,31.297466965858877,Weekend,None,Night,Urban,Strawberry,168,7560
2022-07-17,7,Monsoon,31.297466965858877,Weekend,None,Night,Urban,Butterscotch,166,9130
2022-07-17,7,Monsoon,31.297466965858877,Weekend,None,Night,Urban,Coffee,120,7200
2022-07-18,7,Monsoon,29.388768603154674,Weekday,None,Night,Urban,Vanilla,112,4480
2022-07-18,7,Monsoon,29.388768603154674,Weekday,None,Night,Urban,Chocolate,168,8400
2022-07-18,7,Monsoon,29.388768603154674,Weekday,None,Night,Urban,Strawberry,111,4995
2022-07-18,7,Monsoon,29.388768603154674,Weekday,None,Night,Urban,Butterscotch,125,6875
2022-07-18,7,Monsoon,29.388768603154674,Weekday,None,Night,Urban,Coffee,65,3900
2022-07-19,7,Monsoon,28.669201963712975,Weekday,None,Evening,Urban,Vanilla,165,6600
2022-07-19,7,Monsoon,28.669201963712975,Weekday,None,Evening,Urban,Chocolate,160,8000
2022-07-19,7,Monsoon,28.669201963712975,Weekday,None,Evening,Urban,Strawberry,123,5535
2022-07-19,7,Monsoon,28.669201963712975,Weekday,None,Evening,Urban,Butterscotch,173,9515
2022-07-19,7,Monsoon,28.669201963712975,Weekday,None,Evening,Urban,Coffee,125,7500
2022-07-20,7,Monsoon,28.52213580166061,Weekday,None,Afternoon,Urban,Vanilla,110,4400
2022-07-20,7,Monsoon,28.52213580166061,Weekday,None,Afternoon,Urban,Chocolate,150,7500
2022-07-20,7,Monsoon,28.52213580166061,Weekday,None,Afternoon,Urban,Strawberry,122,5490
2022-07-20,7,Monsoon,28.52213580166061,Weekday,None,Afternoon,Urban,Butterscotch,104,5720
2022-07-20,7,Monsoon,28.52213580166061,Weekday,None,Afternoon,Urban,Coffee,111,6660
2022-07-21,7,Monsoon,28.79395359720557,Weekday,Summer Vacation,Evening,Rural,Vanilla,174,6960
2022-07-21,7,Monsoon,28.79395359720557,Weekday,Summer Vacation,Evening,Rural,Chocolate,169,8450
2022-07-21,7,Monsoon,28.79395359720557,Weekday,Summer Vacation,Evening,Rural,Strawberry,158,7110
2022-07-21,7,Monsoon,28.79395359720557,Weekday,Summer Vacation,Evening,Rural,Butterscotch,165,9075
2022-07-21,7,Monsoon,28.79395359720557,Weekday,Summer Vacation,Evening,Rural,Coffee,128,7680
2022-07-22,7,Monsoon,29.566575743092283,Weekday,None,Evening,Urban,Vanilla,144,5760
2022-07-22,7,Monsoon,29.566575743092283,Weekday,None,Evening,Urban,Chocolate,199,9950
2022-07-22,7,Monsoon,29.566575743092283,Weekday,None,Evening,Urban,Strawberry,149,6705
2022-07-22,7,Monsoon,29.566575743092283,Weekday,None,Evening,Urban,Butterscotch,134,7370
2022-07-22,7,Monsoon,29.566575743092283,Weekday,None,Evening,Urban,Coffee,120,7200
2022-07-23,7,Monsoon,31.057365221392786,Weekend,None,Night,Rural,Vanilla,98,3920
2022-07-23,7,Monsoon,31.057365221392786,Weekend,None,Night,Rural,Chocolate,151,7550
2022-07-23,7,Monsoon,31.057365221392786,Weekend,None,Night,Rural,Strawberry,123,5535
2022-07-23,7,Monsoon,31.057365221392786,Weekend,None,Night,Rural,Butterscotch,136,7480
2022-07-23,7,Monsoon,31.057365221392786,Weekend,None,Night,Rural,Coffee,90,5400
2022-07-24,7,Monsoon,30.345147402405463,Weekend,None,Afternoon,Urban,Vanilla,169,6760
2022-07-24,7,Monsoon,30.345147402405463,Weekend,None,Afternoon,Urban,Chocolate,171,8550
2022-07-24,7,Monsoon,30.345147402405463,Weekend,None,Afternoon,Urban,Strawberry,143,6435
2022-07-24,7,Monsoon,30.345147402405463,Weekend,None,Afternoon,Urban,Butterscotch,158,8690
2022-07-24,7,Monsoon,30.345147402405463,Weekend,None,Afternoon,Urban,Coffee,111,6660
2022-07-25,7,Monsoon,28.624931759890252,Weekday,None,Evening,Urban,Vanilla,131,5240
2022-07-25,7,Monsoon,28.624931759890252,Weekday,None,Evening,Urban,Chocolate,185,9250
2022-07-25,7,Monsoon,28.624931759890252,Weekday,None,Evening,Urban,Strawberry,124,5580
2022-07-25,7,Monsoon,28.624931759890252,Weekday,None,Evening,Urban,Butterscotch,168,9240
2022-07-25,7,Monsoon,28.624931759890252,Weekday,None,Evening,Urban,Coffee,112,6720
2022-07-26,7,Monsoon,30.477620961775006,Weekday,None,Night,Urban,Vanilla,130,5200
2022-07-26,7,Monsoon,30.477620961775006,Weekday,None,Night,Urban,Chocolate,159,7950
2022-07-26,7,Monsoon,30.477620961775006,Weekday,None,Night,Urban,Strawberry,101,4545
2022-07-26,7,Monsoon,30.477620961775006,Weekday,None,Night,Urban,Butterscotch,143,7865
2022-07-26,7,Monsoon,30.477620961775006,Weekday,None,Night,Urban,Coffee,91,5460
2022-07-27,7,Monsoon,29.67902896763768,Weekday,None,Morning,Urban,Vanilla,109,4360
2022-07-27,7,Monsoon,29.67902896763768,Weekday,None,Morning,Urban,Chocolate,142,7100
2022-07-27,7,Monsoon,29.67902896763768,Weekday,None,Morning,Urban,Strawberry,102,4590
2022-07-27,7,Monsoon,29.67902896763768,Weekday,None,Morning,Urban,Butterscotch,142,7810
2022-07-27,7,Monsoon,29.67902896763768,Weekday,None,Morning,Urban,Coffee,70,4200
2022-07-28,7,Monsoon,26.892635161707293,Weekday,None,Morning,Rural,Vanilla,69,2760
2022-07-28,7,Monsoon,26.892635161707293,Weekday,None,Morning,Rural,Chocolate,109,5450
2022-07-28,7,Monsoon,26.892635161707293,Weekday,None,Morning,Rural,Strawberry,90,4050
2022-07-28,7,Monsoon,26.892635161707293,Weekday,None,Morning,Rural,Butterscotch,107,5885
2022-07-28,7,Monsoon,26.892635161707293,Weekday,None,Morning,Rural,Coffee,71,4260
2022-07-29,7,Monsoon,30.468609351122993,Weekday,None,Evening,Urban,Vanilla,141,5640
2022-07-29,7,Monsoon,30.468609351122993,Weekday,None,Evening,Urban,Chocolate,182,9100
2022-07-29,7,Monsoon,30.468609351122993,Weekday,None,Evening,Urban,Strawberry,153,6885
2022-07-29,7,Monsoon,30.468609351122993,Weekday,None,Evening,Urban,Butterscotch,152,8360
2022-07-29,7,Monsoon,30.468609351122993,Weekday,None,Evening,Urban,Coffee,124,7440
2022-07-30,7,Monsoon,30.95039525956486,Weekend,None,Evening,Rural,Vanilla,155,6200
2022-07-30,7,Monsoon,30.95039525956486,Weekend,None,Evening,Rural,Chocolate,150,7500
2022-07-30,7,Monsoon,30.95039525956486,Weekend,None,Evening,Rural,Strawberry,122,5490
2022-07-30,7,Monsoon,30.95039525956486,Weekend,None,Evening,Rural,Butterscotch,184,10120
2022-07-30,7,Monsoon,30.95039525956486,Weekend,None,Evening,Rural,Coffee,113,6780
2022-07-31,7,Monsoon,30.77160627520344,Weekend,None,Evening,Urban,Vanilla,175,7000
2022-07-31,7,Monsoon,30.77160627520344,Weekend,None,Evening,Urban,Chocolate,231,11550
2022-07-31,7,Monsoon,30.77160627520344,Weekend,None,Evening,Urban,Strawberry,166,7470
2022-07-31,7,Monsoon,30.77160627520344,Weekend,None,Evening,Urban,Butterscotch,190,10450
2022-07-31,7,Monsoon,30.77160627520344,Weekend,None,Evening,Urban,Coffee,113,6780
2022-08-01,8,Monsoon,28.5078750237401,Weekday,None,Evening,Urban,Vanilla,132,5280
2022-08-01,8,Monsoon,28.5078750237401,Weekday,None,Evening,Urban,Chocolate,196,9800
2022-08-01,8,Monsoon,28.5078750237401,Weekday,None,Evening,Urban,Strawberry,140,6300
2022-08-01,8,Monsoon,28.5078750237401,Weekday,None,Evening,Urban,Butterscotch,194,10670
2022-08-01,8,Monsoon,28.5078750237401,Weekday,None,Evening,Urban,Coffee,118,7080
2022-08-02,8,Monsoon,28.788939895995384,Weekday,Holi,Evening,Urban,Vanilla,178,7120
2022-08-02,8,Monsoon,28.788939895995384,Weekday,Holi,Evening,Urban,Chocolate,211,10550
2022-08-02,8,Monsoon,28.788939895995384,Weekday,Holi,Evening,Urban,Strawberry,152,6840
2022-08-02,8,Monsoon,28.788939895995384,Weekday,Holi,Evening,Urban,Butterscotch,178,9790
2022-08-02,8,Monsoon,28.788939895995384,Weekday,Holi,Evening,Urban,Coffee,143,8580
2022-08-03,8,Monsoon,25.990559251937995,Weekday,Diwali,Evening,Urban,Vanilla,184,7360
2022-08-03,8,Monsoon,25.990559251937995,Weekday,Diwali,Evening,Urban,Chocolate,223,11150
2022-08-03,8,Monsoon,25.990559251937995,Weekday,Diwali,Evening,Urban,Strawberry,147,6615
2022-08-03,8,Monsoon,25.990559251937995,Weekday,Diwali,Evening,Urban,Butterscotch,197,10835
2022-08-03,8,Monsoon,25.990559251937995,Weekday,Diwali,Evening,Urban,Coffee,179,10740
2022-08-04,8,Monsoon,29.75470140552646,Weekday,None,Morning,Urban,Vanilla,116,4640
2022-08-04,8,Monsoon,29.75470140552646,Weekday,None,Morning,Urban,Chocolate,138,6900
2022-08-04,8,Monsoon,29.75470140552646,Weekday,None,Morning,Urban,Strawberry,95,4275
2022-08-04,8,Monsoon,29.75470140552646,Weekday,None,Morning,Urban,Butterscotch,147,8085
2022-08-04,8,Monsoon,29.75470140552646,Weekday,None,Morning,Urban,Coffee,95,5700
2022-08-05,8,Monsoon,32.802381371506016,Weekday,None,Morning,Rural,Vanilla,102,4080
2022-08-05,8,Monsoon,32.802381371506016,Weekday,None,Morning,Rural,Chocolate,103,5150
2022-08-05,8,Monsoon,32.802381371506016,Weekday,None,Morning,Rural,Strawberry,65,2925
2022-08-05,8,Monsoon,32.802381371506016,Weekday,None,Morning,Rural,Butterscotch,126,6930
2022-08-05,8,Monsoon,32.802381371506016,Weekday,None,Morning,Rural,Coffee,80,4800
2022-08-06,8,Monsoon,30.544043124006844,Weekend,None,Evening,Urban,Vanilla,194,7760
2022-08-06,8,Monsoon,30.544043124006844,Weekend,None,Evening,Urban,Chocolate,198,9900
2022-08-06,8,Monsoon,30.544043124006844,Weekend,None,Evening,Urban,Strawberry,156,7020
2022-08-06,8,Monsoon,30.544043124006844,Weekend,None,Evening,Urban,Butterscotch,212,11660
2022-08-06,8,Monsoon,30.544043124006844,Weekend,None,Evening,Urban,Coffee,150,9000
2022-08-07,8,Monsoon,28.462938704188335,Weekend,Summer Vacation,Afternoon,Urban,Vanilla,157,6280
2022-08-07,8,Monsoon,28.462938704188335,Weekend,Summer Vacation,Afternoon,Urban,Chocolate,227,11350
2022-08-07,8,Monsoon,28.462938704188335,Weekend,Summer Vacation,Afternoon,Urban,Strawberry,145,6525
2022-08-07,8,Monsoon,28.462938704188335,Weekend,Summer Vacation,Afternoon,Urban,Butterscotch,195,10725
2022-08-07,8,Monsoon,28.462938704188335,Weekend,Summer Vacation,Afternoon,Urban,Coffee,133,7980
2022-08-08,8,Monsoon,31.452810287740768,Weekday,Diwali,Evening,Urban,Vanilla,206,8240
2022-08-08,8,Monsoon,31.452810287740768,Weekday,Diwali,Evening,Urban,Chocolate,237,11850
2022-08-08,8,Monsoon,31.452810287740768,Weekday,Diwali,Evening,Urban,Strawberry,173,7785
2022-08-08,8,Monsoon,31.452810287740768,Weekday,Diwali,Evening,Urban,Butterscotch,222,12210
2022-08-08,8,Monsoon,31.452810287740768,Weekday,Diwali,Evening,Urban,Coffee,155,9300
2022-08-09,8,Monsoon,27.775125250719125,Weekday,None,Morning,Rural,Vanilla,93,3720
2022-08-09,8,Monsoon,27.775125250719125,Weekday,None,Morning,Rural,Chocolate,80,4000
2022-08-09,8,Monsoon,27.775125250719125,Weekday,None,Morning,Rural,Strawberry,69,3105
2022-08-09,8,Monsoon,27.775125250719125,Weekday,None,Morning,Rural,Butterscotch,137,7535
2022-08-09,8,Monsoon,27.775125250719125,Weekday,None,Morning,Rural,Coffee,63,3780
2022-08-10,8,Monsoon,25.081219547818513,Weekday,None,Evening,Rural,Vanilla,121,4840
2022-08-10,8,Monsoon,25.081219547818513,Weekday,None,Evening,Rural,Chocolate,122,6100
2022-08-10,8,Monsoon,25.081219547818513,Weekday,None,Evening,Rural,Strawberry,125,5625
2022-08-10,8,Monsoon,25.081219547818513,Weekday,None,Evening,Rural,Butterscotch,103,5665
2022-08-10,8,Monsoon,25.081219547818513,Weekday,None,Evening,Rural,Coffee,101,6060
2022-08-11,8,Monsoon,31.001164636085957,Weekday,None,Evening,Urban,Vanilla,142,5680
2022-08-11,8,Monsoon,31.001164636085957,Weekday,None,Evening,Urban,Chocolate,156,7800
2022-08-11,8,Monsoon,31.001164636085957,Weekday,None,Evening,Urban,Strawberry,127,5715
2022-08-11,8,Monsoon,31.001164636085957,Weekday,None,Evening,Urban,Butterscotch,140,7700
2022-08-11,8,Monsoon,31.001164636085957,Weekday,None,Evening,Urban,Coffee,139,8340
2022-08-12,8,Monsoon,32.171292985771466,Weekday,Summer Vacation,Afternoon,Urban,Vanilla,173,6920
2022-08-12,8,Monsoon,32.171292985771466,Weekday,Summer Vacation,Afternoon,Urban,Chocolate,177,8850
2022-08-12,8,Monsoon,32.171292985771466,Weekday,Summer Vacation,Afternoon,Urban,Strawberry,142,6390
2022-08-12,8,Monsoon,32.171292985771466,Weekday,Summer Vacation,Afternoon,Urban,Butterscotch,173,9515
2022-08-12,8,Monsoon,32.171292985771466,Weekday,Summer Vacation,Afternoon,Urban,Coffee,140,8400
2022-08-13,8,Monsoon,31.620617492239216,Weekend,None,Morning,Urban,Vanilla,165,6600
2022-08-13,8,Monsoon,31.620617492239216,Weekend,None,Morning,Urban,Chocolate,190,9500
2022-08-13,8,Monsoon,31.620617492239216,Weekend,None,Morning,Urban,Strawberry,112,5040
2022-08-13,8,Monsoon,31.620617492239216,Weekend,None,Morning,Urban,Butterscotch,134,7370
2022-08-13,8,Monsoon,31.620617492239216,Weekend,None,Morning,Urban,Coffee,134,8040
2022-08-14,8,Monsoon,32.782775699100675,Weekend,Diwali,Evening,Urban,Vanilla,206,8240
2022-08-14,8,Monsoon,32.782775699100675,Weekend,Diwali,Evening,Urban,Chocolate,264,13200
2022-08-14,8,Monsoon,32.782775699100675,Weekend,Diwali,Evening,Urban,Strawberry,192,8640
2022-08-14,8,Monsoon,32.782775699100675,Weekend,Diwali,Evening,Urban,Butterscotch,228,12540
2022-08-14,8,Monsoon,32.782775699100675,Weekend,Diwali,Evening,Urban,Coffee,169,10140
2022-08-15,8,Monsoon,28.82327408158933,Weekday,None,Morning,Urban,Vanilla,110,4400
2022-08-15,8,Monsoon,28.82327408158933,Weekday,None,Morning,Urban,Chocolate,112,5600
2022-08-15,8,Monsoon,28.82327408158933,Weekday,None,Morning,Urban,Strawberry,99,4455
2022-08-15,8,Monsoon,28.82327408158933,Weekday,None,Morning,Urban,Butterscotch,126,6930
2022-08-15,8,Monsoon,28.82327408158933,Weekday,None,Morning,Urban,Coffee,96,5760
2022-08-16,8,Monsoon,29.479153080726416,Weekday,None,Night,Rural,Vanilla,106,4240
2022-08-16,8,Monsoon,29.479153080726416,Weekday,None,Night,Rural,Chocolate,110,5500
2022-08-16,8,Monsoon,29.479153080726416,Weekday,None,Night,Rural,Strawberry,90,4050
2022-08-16,8,Monsoon,29.479153080726416,Weekday,None,Night,Rural,Butterscotch,79,4345
2022-08-16,8,Monsoon,29.479153080726416,Weekday,None,Night,Rural,Coffee,57,3420
2022-08-17,8,Monsoon,26.61214998720189,Weekday,None,Evening,Urban,Vanilla,141,5640
2022-08-17,8,Monsoon,26.61214998720189,Weekday,None,Evening,Urban,Chocolate,164,8200
2022-08-17,8,Monsoon,26.61214998720189,Weekday,None,Evening,Urban,Strawberry,144,6480
2022-08-17,8,Monsoon,26.61214998720189,Weekday,None,Evening,Urban,Butterscotch,137,7535
2022-08-17,8,Monsoon,26.61214998720189,Weekday,None,Evening,Urban,Coffee,98,5880
2022-08-18,8,Monsoon,26.477090332689784,Weekday,None,Evening,Rural,Vanilla,101,4040
2022-08-18,8,Monsoon,26.477090332689784,Weekday,None,Evening,Rural,Chocolate,121,6050
2022-08-18,8,Monsoon,26.477090332689784,Weekday,None,Evening,Rural,Strawberry,106,4770
2022-08-18,8,Monsoon,26.477090332689784,Weekday,None,Evening,Rural,Butterscotch,156,8580
2022-08-18,8,Monsoon,26.477090332689784,Weekday,None,Evening,Rural,Coffee,77,4620
2022-08-19,8,Monsoon,23.93942495450734,Weekday,None,Night,Rural,Vanilla,72,2880
2022-08-19,8,Monsoon,23.93942495450734,Weekday,None,Night,Rural,Chocolate,121,6050
2022-08-19,8,Monsoon,23.93942495450734,Weekday,None,Night,Rural,Strawberry,86,3870
2022-08-19,8,Monsoon,23.93942495450734,Weekday,None,Night,Rural,Butterscotch,77,4235
2022-08-19,8,Monsoon,23.93942495450734,Weekday,None,Night,Rural,Coffee,42,2520
2022-08-20,8,Monsoon,28.939711460958296,Weekend,None,Afternoon,Urban,Vanilla,128,5120
2022-08-20,8,Monsoon,28.939711460958296,Weekend,None,Afternoon,Urban,Chocolate,167,8350
2022-08-20,8,Monsoon,28.939711460958296,Weekend,None,Afternoon,Urban,Strawberry,130,5850
2022-08-20,8,Monsoon,28.939711460958296,Weekend,None,Afternoon,Urban,Butterscotch,166,9130
2022-08-20,8,Monsoon,28.939711460958296,Weekend,None,Afternoon,Urban,Coffee,110,6600
2022-08-21,8,Monsoon,29.616101079008203,Weekend,None,Evening,Urban,Vanilla,162,6480
2022-08-21,8,Monsoon,29.616101079008203,Weekend,None,Evening,Urban,Chocolate,200,10000
2022-08-21,8,Monsoon,29.616101079008203,Weekend,None,Evening,Urban,Strawberry,134,6030
2022-08-21,8,Monsoon,29.616101079008203,Weekend,None,Evening,Urban,Butterscotch,185,10175
2022-08-21,8,Monsoon,29.616101079008203,Weekend,None,Evening,Urban,Coffee,140,8400
2022-08-22,8,Monsoon,29.510546774827127,Weekday,None,Afternoon,Urban,Vanilla,134,5360
2022-08-22,8,Monsoon,29.510546774827127,Weekday,None,Afternoon,Urban,Chocolate,133,6650
2022-08-22,8,Monsoon,29.510546774827127,Weekday,None,Afternoon,Urban,Strawberry,127,5715
2022-08-22,8,Monsoon,29.510546774827127,Weekday,None,Afternoon,Urban,Butterscotch,98,5390
2022-08-22,8,Monsoon,29.510546774827127,Weekday,None,Afternoon,Urban,Coffee,141,8460
2022-08-23,8,Monsoon,31.112113618132103,Weekday,None,Afternoon,Rural,Vanilla,101,4040
2022-08-23,8,Monsoon,31.112113618132103,Weekday,None,Afternoon,Rural,Chocolate,124,6200
2022-08-23,8,Monsoon,31.112113618132103,Weekday,None,Afternoon,Rural,Strawberry,110,4950
2022-08-23,8,Monsoon,31.112113618132103,Weekday,None,Afternoon,Rural,Butterscotch,125,6875
2022-08-23,8,Monsoon,31.112113618132103,Weekday,None,Afternoon,Rural,Coffee,75,4500
2022-08-24,8,Monsoon,28.729491349212616,Weekday,None,Evening,Urban,Vanilla,161,6440
2022-08-24,8,Monsoon,28.729491349212616,Weekday,None,Evening,Urban,Chocolate,175,8750
2022-08-24,8,Monsoon,28.729491349212616,Weekday,None,Evening,Urban,Strawberry,125,5625
2022-08-24,8,Monsoon,28.729491349212616,Weekday,None,Evening,Urban,Butterscotch,177,9735
2022-08-24,8,Monsoon,28.729491349212616,Weekday,None,Evening,Urban,Coffee,131,7860
2022-08-25,8,Monsoon,27.45424466435278,Weekday,None,Afternoon,Urban,Vanilla,118,4720
2022-08-25,8,Monsoon,27.45424466435278,Weekday,None,Afternoon,Urban,Chocolate,121,6050
2022-08-25,8,Monsoon,27.45424466435278,Weekday,None,Afternoon,Urban,Strawberry,90,4050
2022-08-25,8,Monsoon,27.45424466435278,Weekday,None,Afternoon,Urban,Butterscotch,115,6325
2022-08-25,8,Monsoon,27.45424466435278,Weekday,None,Afternoon,Urban,Coffee,102,6120
2022-08-26,8,Monsoon,30.030085346552376,Weekday,None,Evening,Urban,Vanilla,160,6400
2022-08-26,8,Monsoon,30.030085346552376,Weekday,None,Evening,Urban,Chocolate,197,9850
2022-08-26,8,Monsoon,30.030085346552376,Weekday,None,Evening,Urban,Strawberry,145,6525
2022-08-26,8,Monsoon,30.030085346552376,Weekday,None,Evening,Urban,Butterscotch,170,9350
2022-08-26,8,Monsoon,30.030085346552376,Weekday,None,Evening,Urban,Coffee,136,8160
2022-08-27,8,Monsoon,28.94695748150188,Weekend,None,Afternoon,Urban,Vanilla,123,4920
2022-08-27,8,Monsoon,28.94695748150188,Weekend,None,Afternoon,Urban,Chocolate,161,8050
2022-08-27,8,Monsoon,28.94695748150188,Weekend,None,Afternoon,Urban,Strawberry,114,5130
2022-08-27,8,Monsoon,28.94695748150188,Weekend,None,Afternoon,Urban,Butterscotch,152,8360
2022-08-27,8,Monsoon,28.94695748150188,Weekend,None,Afternoon,Urban,Coffee,107,6420
2022-08-28,8,Monsoon,29.060381574420312,Weekend,None,Morning,Urban,Vanilla,146,5840
2022-08-28,8,Monsoon,29.060381574420312,Weekend,None,Morning,Urban,Chocolate,174,8700
2022-08-28,8,Monsoon,29.060381574420312,Weekend,None,Morning,Urban,Strawberry,137,6165
2022-08-28,8,Monsoon,29.060381574420312,Weekend,None,Morning,Urban,Butterscotch,126,6930
2022-08-28,8,Monsoon,29.060381574420312,Weekend,None,Morning,Urban,Coffee,98,5880
2022-08-29,8,Monsoon,27.461715300425404,Weekday,None,Night,Rural,Vanilla,73,2920
2022-08-29,8,Monsoon,27.461715300425404,Weekday,None,Night,Rural,Chocolate,100,5000
2022-08-29,8,Monsoon,27.461715300425404,Weekday,None,Night,Rural,Strawberry,88,3960
2022-08-29,8,Monsoon,27.461715300425404,Weekday,None,Night,Rural,Butterscotch,73,4015
2022-08-29,8,Monsoon,27.461715300425404,Weekday,None,Night,Rural,Coffee,67,4020
2022-08-30,8,Monsoon,29.157792193197018,Weekday,None,Afternoon,Urban,Vanilla,117,4680
2022-08-30,8,Monsoon,29.157792193197018,Weekday,None,Afternoon,Urban,Chocolate,95,4750
2022-08-30,8,Monsoon,29.157792193197018,Weekday,None,Afternoon,Urban,Strawberry,108,4860
2022-08-30,8,Monsoon,29.157792193197018,Weekday,None,Afternoon,Urban,Butterscotch,156,8580
2022-08-30,8,Monsoon,29.157792193197018,Weekday,None,Afternoon,Urban,Coffee,112,6720
2022-08-31,8,Monsoon,29.41931883054925,Weekday,None,Evening,Urban,Vanilla,140,5600
2022-08-31,8,Monsoon,29.41931883054925,Weekday,None,Evening,Urban,Chocolate,181,9050
2022-08-31,8,Monsoon,29.41931883054925,Weekday,None,Evening,Urban,Strawberry,153,6885
2022-08-31,8,Monsoon,29.41931883054925,Weekday,None,Evening,Urban,Butterscotch,145,7975
2022-08-31,8,Monsoon,29.41931883054925,Weekday,None,Evening,Urban,Coffee,119,7140
2022-09-01,9,Monsoon,27.522394262539557,Weekday,Summer Vacation,Afternoon,Urban,Vanilla,160,6400
2022-09-01,9,Monsoon,27.522394262539557,Weekday,Summer Vacation,Afternoon,Urban,Chocolate,169,8450
2022-09-01,9,Monsoon,27.522394262539557,Weekday,Summer Vacation,Afternoon,Urban,Strawberry,135,6075
2022-09-01,9,Monsoon,27.522394262539557,Weekday,Summer Vacation,Afternoon,Urban,Butterscotch,149,8195
2022-09-01,9,Monsoon,27.522394262539557,Weekday,Summer Vacation,Afternoon,Urban,Coffee,134,8040
2022-09-02,9,Monsoon,29.000414129836393,Weekday,None,Afternoon,Urban,Vanilla,116,4640
2022-09-02,9,Monsoon,29.000414129836393,Weekday,None,Afternoon,Urban,Chocolate,127,6350
2022-09-02,9,Monsoon,29.000414129836393,Weekday,None,Afternoon,Urban,Strawberry,122,5490
2022-09-02,9,Monsoon,29.000414129836393,Weekday,None,Afternoon,Urban,Butterscotch,124,6820
2022-09-02,9,Monsoon,29.000414129836393,Weekday,None,Afternoon,Urban,Coffee,81,4860
2022-09-03,9,Monsoon,30.457369594433832,Weekend,None,Evening,Urban,Vanilla,164,6560
2022-09-03,9,Monsoon,30.457369594433832,Weekend,None,Evening,Urban,Chocolate,218,10900
2022-09-03,9,Monsoon,30.457369594433832,Weekend,None,Evening,Urban,Strawberry,152,6840
2022-09-03,9,Monsoon,30.457369594433832,Weekend,None,Evening,Urban,Butterscotch,194,10670
2022-09-03,9,Monsoon,30.457369594433832,Weekend,None,Evening,Urban,Coffee,135,8100
2022-09-04,9,Monsoon,29.530724698799258,Weekend,None,Afternoon,Urban,Vanilla,129,5160
2022-09-04,9,Monsoon,29.530724698799258,Weekend,None,Afternoon,Urban,Chocolate,174,8700
2022-09-04,9,Monsoon,29.530724698799258,Weekend,None,Afternoon,Urban,Strawberry,112,5040
2022-09-04,9,Monsoon,29.530724698799258,Weekend,None,Afternoon,Urban,Butterscotch,155,8525
2022-09-04,9,Monsoon,29.530724698799258,Weekend,None,Afternoon,Urban,Coffee,111,6660
2022-09-05,9,Monsoon,26.889225965815026,Weekday,None,Evening,Urban,Vanilla,156,6240
2022-09-05,9,Monsoon,26.889225965815026,Weekday,None,Evening,Urban,Chocolate,166,8300
2022-09-05,9,Monsoon,26.889225965815026,Weekday,None,Evening,Urban,Strawberry,119,5355
2022-09-05,9,Monsoon,26.889225965815026,Weekday,None,Evening,Urban,Butterscotch,154,8470
2022-09-05,9,Monsoon,26.889225965815026,Weekday,None,Evening,Urban,Coffee,121,7260
2022-09-06,9,Monsoon,26.112290367732918,Weekday,None,Afternoon,Urban,Vanilla,73,2920
2022-09-06,9,Monsoon,26.112290367732918,Weekday,None,Afternoon,Urban,Chocolate,148,7400
2022-09-06,9,Monsoon,26.112290367732918,Weekday,None,Afternoon,Urban,Strawberry,92,4140
2022-09-06,9,Monsoon,26.112290367732918,Weekday,None,Afternoon,Urban,Butterscotch,113,6215
2022-09-06,9,Monsoon,26.112290367732918,Weekday,None,Afternoon,Urban,Coffee,93,5580
2022-09-07,9,Monsoon,28.258818953855098,Weekday,None,Afternoon,Rural,Vanilla,121,4840
2022-09-07,9,Monsoon,28.258818953855098,Weekday,None,Afternoon,Rural,Chocolate,84,4200
2022-09-07,9,Monsoon,28.258818953855098,Weekday,None,Afternoon,Rural,Strawberry,93,4185
2022-09-07,9,Monsoon,28.258818953855098,Weekday,None,Afternoon,Rural,Butterscotch,104,5720
2022-09-07,9,Monsoon,28.258818953855098,Weekday,None,Afternoon,Rural,Coffee,58,3480
2022-09-08,9,Monsoon,27.26067383745061,Weekday,None,Afternoon,Urban,Vanilla,128,5120
2022-09-08,9,Monsoon,27.26067383745061,Weekday,None,Afternoon,Urban,Chocolate,137,6850
2022-09-08,9,Monsoon,27.26067383745061,Weekday,None,Afternoon,Urban,Strawberry,98,4410
2022-09-08,9,Monsoon,27.26067383745061,Weekday,None,Afternoon,Urban,Butterscotch,109,5995
2022-09-08,9,Monsoon,27.26067383745061,Weekday,None,Afternoon,Urban,Coffee,68,4080
2022-09-09,9,Monsoon,25.512303766734206,Weekday,None,Morning,Rural,Vanilla,83,3320
2022-09-09,9,Monsoon,25.512303766734206,Weekday,None,Morning,Rural,Chocolate,94,4700
2022-09-09,9,Monsoon,25.512303766734206,Weekday,None,Morning,Rural,Strawberry,58,2610
2022-09-09,9,Monsoon,25.512303766734206,Weekday,None,Morning,Rural,Butterscotch,51,2805
2022-09-09,9,Monsoon,25.512303766734206,Weekday,None,Morning,Rural,Coffee,62,3720
2022-09-10,9,Monsoon,33.82523084322583,Weekend,None,Evening,Urban,Vanilla,193,7720
2022-09-10,9,Monsoon,33.82523084322583,Weekend,None,Evening,Urban,Chocolate,248,12400
2022-09-10,9,Monsoon,33.82523084322583,Weekend,None,Evening,Urban,Strawberry,166,7470
2022-09-10,9,Monsoon,33.82523084322583,Weekend,None,Evening,Urban,Butterscotch,215,11825
2022-09-10,9,Monsoon,33.82523084322583,Weekend,None,Evening,Urban,Coffee,134,8040
2022-09-11,9,Monsoon,29.241513612378935,Weekend,Diwali,Morning,Rural,Vanilla,170,6800
2022-09-11,9,Monsoon,29.241513612378935,Weekend,Diwali,Morning,Rural,Chocolate,187,9350
2022-09-11,9,Monsoon,29.241513612378935,Weekend,Diwali,Morning,Rural,Strawberry,141,6345
2022-09-11,9,Monsoon,29.241513612378935,Weekend,Diwali,Morning,Rural,Butterscotch,157,8635
2022-09-11,9,Monsoon,29.241513612378935,Weekend,Diwali,Morning,Rural,Coffee,109,6540
2022-09-12,9,Monsoon,29.203712590523974,Weekday,Diwali,Afternoon,Urban,Vanilla,175,7000
2022-09-12,9,Monsoon,29.203712590523974,Weekday,Diwali,Afternoon,Urban,Chocolate,197,9850
2022-09-12,9,Monsoon,29.203712590523974,Weekday,Diwali,Afternoon,Urban,Strawberry,117,5265
2022-09-12,9,Monsoon,29.203712590523974,Weekday,Diwali,Afternoon,Urban,Butterscotch,177,9735
2022-09-12,9,Monsoon,29.203712590523974,Weekday,Diwali,Afternoon,Urban,Coffee,132,7920
2022-09-13,9,Monsoon,24.45300748176939,Weekday,None,Morning,Urban,Vanilla,89,3560
2022-09-13,9,Monsoon,24.45300748176939,Weekday,None,Morning,Urban,Chocolate,122,6100
2022-09-13,9,Monsoon,24.45300748176939,Weekday,None,Morning,Urban,Strawberry,68,3060
2022-09-13,9,Monsoon,24.45300748176939,Weekday,None,Morning,Urban,Butterscotch,111,6105
2022-09-13,9,Monsoon,24.45300748176939,Weekday,None,Morning,Urban,Coffee,107,6420
2022-09-14,9,Monsoon,29.041772976591922,Weekday,None,Morning,Rural,Vanilla,95,3800
2022-09-14,9,Monsoon,29.041772976591922,Weekday,None,Morning,Rural,Chocolate,100,5000
2022-09-14,9,Monsoon,29.041772976591922,Weekday,None,Morning,Rural,Strawberry,73,3285
2022-09-14,9,Monsoon,29.041772976591922,Weekday,None,Morning,Rural,Butterscotch,106,5830
2022-09-14,9,Monsoon,29.041772976591922,Weekday,None,Morning,Rural,Coffee,58,3480
2022-09-15,9,Monsoon,29.786538446940444,Weekday,None,Evening,Urban,Vanilla,170,6800
2022-09-15,9,Monsoon,29.786538446940444,Weekday,None,Evening,Urban,Chocolate,202,10100
2022-09-15,9,Monsoon,29.786538446940444,Weekday,None,Evening,Urban,Strawberry,119,5355
2022-09-15,9,Monsoon,29.786538446940444,Weekday,None,Evening,Urban,Butterscotch,152,8360
2022-09-15,9,Monsoon,29.786538446940444,Weekday,None,Evening,Urban,Coffee,100,6000
2022-09-16,9,Monsoon,28.531960281786038,Weekday,None,Night,Urban,Vanilla,122,4880
2022-09-16,9,Monsoon,28.531960281786038,Weekday,None,Night,Urban,Chocolate,122,6100
2022-09-16,9,Monsoon,28.531960281786038,Weekday,None,Night,Urban,Strawberry,101,4545
2022-09-16,9,Monsoon,28.531960281786038,Weekday,None,Night,Urban,Butterscotch,127,6985
2022-09-16,9,Monsoon,28.531960281786038,Weekday,None,Night,Urban,Coffee,101,6060
2022-09-17,9,Monsoon,29.007606152246375,Weekend,None,Morning,Urban,Vanilla,112,4480
2022-09-17,9,Monsoon,29.007606152246375,Weekend,None,Morning,Urban,Chocolate,161,8050
2022-09-17,9,Monsoon,29.007606152246375,Weekend,None,Morning,Urban,Strawberry,143,6435
2022-09-17,9,Monsoon,29.007606152246375,Weekend,None,Morning,Urban,Butterscotch,117,6435
2022-09-17,9,Monsoon,29.007606152246375,Weekend,None,Morning,Urban,Coffee,132,7920
2022-09-18,9,Monsoon,26.15208569509971,Weekend,None,Evening,Urban,Vanilla,154,6160
2022-09-18,9,Monsoon,26.15208569509971,Weekend,None,Evening,Urban,Chocolate,196,9800
2022-09-18,9,Monsoon,26.15208569509971,Weekend,None,Evening,Urban,Strawberry,148,6660
2022-09-18,9,Monsoon,26.15208569509971,Weekend,None,Evening,Urban,Butterscotch,175,9625
2022-09-18,9,Monsoon,26.15208569509971,Weekend,None,Evening,Urban,Coffee,131,7860
2022-09-19,9,Monsoon,28.152447177103937,Weekday,None,Morning,Urban,Vanilla,90,3600
2022-09-19,9,Monsoon,28.152447177103937,Weekday,None,Morning,Urban,Chocolate,143,7150
2022-09-19,9,Monsoon,28.152447177103937,Weekday,None,Morning,Urban,Strawberry,103,4635
2022-09-19,9,Monsoon,28.152447177103937,Weekday,None,Morning,Urban,Butterscotch,116,6380
2022-09-19,9,Monsoon,28.152447177103937,Weekday,None,Morning,Urban,Coffee,98,5880
2022-09-20,9,Monsoon,32.60869621957349,Weekday,None,Evening,Urban,Vanilla,154,6160
2022-09-20,9,Monsoon,32.60869621957349,Weekday,None,Evening,Urban,Chocolate,192,9600
2022-09-20,9,Monsoon,32.60869621957349,Weekday,None,Evening,Urban,Strawberry,123,5535
2022-09-20,9,Monsoon,32.60869621957349,Weekday,None,Evening,Urban,Butterscotch,173,9515
2022-09-20,9,Monsoon,32.60869621957349,Weekday,None,Evening,Urban,Coffee,149,8940
2022-09-21,9,Monsoon,30.236976760912952,Weekday,None,Evening,Urban,Vanilla,147,5880
2022-09-21,9,Monsoon,30.236976760912952,Weekday,None,Evening,Urban,Chocolate,194,9700
2022-09-21,9,Monsoon,30.236976760912952,Weekday,None,Evening,Urban,Strawberry,128,5760
2022-09-21,9,Monsoon,30.236976760912952,Weekday,None,Evening,Urban,Butterscotch,158,8690
2022-09-21,9,Monsoon,30.236976760912952,Weekday,None,Evening,Urban,Coffee,124,7440
2022-09-22,9,Monsoon,28.12656052791881,Weekday,Summer Vacation,Evening,Urban,Vanilla,178,7120
2022-09-22,9,Monsoon,28.12656052791881,Weekday,Summer Vacation,Evening,Urban,Chocolate,203,10150
2022-09-22,9,Monsoon,28.12656052791881,Weekday,Summer Vacation,Evening,Urban,Strawberry,137,6165
2022-09-22,9,Monsoon,28.12656052791881,Weekday,Summer Vacation,Evening,Urban,Butterscotch,177,9735
2022-09-22,9,Monsoon,28.12656052791881,Weekday,Summer Vacation,Evening,Urban,Coffee,119,7140
2022-09-23,9,Monsoon,29.49502383315241,Weekday,None,Evening,Rural,Vanilla,125,5000
2022-09-23,9,Monsoon,29.49502383315241,Weekday,None,Evening,Rural,Chocolate,137,6850
2022-09-23,9,Monsoon,29.49502383315241,Weekday,None,Evening,Rural,Strawberry,122,5490
2022-09-23,9,Monsoon,29.49502383315241,Weekday,None,Evening,Rural,Butterscotch,106,5830
2022-09-23,9,Monsoon,29.49502383315241,Weekday,None,Evening,Rural,Coffee,112,6720
2022-09-24,9,Monsoon,26.57765614143844,Weekend,Christmas,Night,Urban,Vanilla,175,7000
2022-09-24,9,Monsoon,26.57765614143844,Weekend,Christmas,Night,Urban,Chocolate,174,8700
2022-09-24,9,Monsoon,26.57765614143844,Weekend,Christmas,Night,Urban,Strawberry,148,6660
2022-09-24,9,Monsoon,26.57765614143844,Weekend,Christmas,Night,Urban,Butterscotch,184,10120
2022-09-24,9,Monsoon,26.57765614143844,Weekend,Christmas,Night,Urban,Coffee,128,7680
2022-09-25,9,Monsoon,25.919504735937846,Weekend,None,Evening,Urban,Vanilla,187,7480
2022-09-25,9,Monsoon,25.919504735937846,Weekend,None,Evening,Urban,Chocolate,175,8750
2022-09-25,9,Monsoon,25.919504735937846,Weekend,None,Evening,Urban,Strawberry,122,5490
2022-09-25,9,Monsoon,25.919504735937846,Weekend,None,Evening,Urban,Butterscotch,170,9350
2022-09-25,9,Monsoon,25.919504735937846,Weekend,None,Evening,Urban,Coffee,140,8400
2022-09-26,9,Monsoon,28.744901759244932,Weekday,None,Afternoon,Urban,Vanilla,138,5520
2022-09-26,9,Monsoon,28.744901759244932,Weekday,None,Afternoon,Urban,Chocolate,131,6550
2022-09-26,9,Monsoon,28.744901759244932,Weekday,None,Afternoon,Urban,Strawberry,89,4005
2022-09-26,9,Monsoon,28.744901759244932,Weekday,None,Afternoon,Urban,Butterscotch,122,6710
2022-09-26,9,Monsoon,28.744901759244932,Weekday,None,Afternoon,Urban,Coffee,99,5940
2022-09-27,9,Monsoon,29.022283126097516,Weekday,None,Evening,Urban,Vanilla,157,6280
2022-09-27,9,Monsoon,29.022283126097516,Weekday,None,Evening,Urban,Chocolate,195,9750
2022-09-27,9,Monsoon,29.022283126097516,Weekday,None,Evening,Urban,Strawberry,116,5220
2022-09-27,9,Monsoon,29.022283126097516,Weekday,None,Evening,Urban,Butterscotch,171,9405
2022-09-27,9,Monsoon,29.022283126097516,Weekday,None,Evening,Urban,Coffee,135,8100
2022-09-28,9,Monsoon,25.442824831986968,Weekday,Summer Vacation,Morning,Urban,Vanilla,146,5840
2022-09-28,9,Monsoon,25.442824831986968,Weekday,Summer Vacation,Morning,Urban,Chocolate,179,8950
2022-09-28,9,Monsoon,25.442824831986968,Weekday,Summer Vacation,Morning,Urban,Strawberry,88,3960
2022-09-28,9,Monsoon,25.442824831986968,Weekday,Summer Vacation,Morning,Urban,Butterscotch,144,7920
2022-09-28,9,Monsoon,25.442824831986968,Weekday,Summer Vacation,Morning,Urban,Coffee,97,5820
2022-09-29,9,Monsoon,26.940130658188508,Weekday,None,Evening,Urban,Vanilla,129,5160
2022-09-29,9,Monsoon,26.940130658188508,Weekday,None,Evening,Urban,Chocolate,179,8950
2022-09-29,9,Monsoon,26.940130658188508,Weekday,None,Evening,Urban,Strawberry,109,4905
2022-09-29,9,Monsoon,26.940130658188508,Weekday,None,Evening,Urban,Butterscotch,164,9020
2022-09-29,9,Monsoon,26.940130658188508,Weekday,None,Evening,Urban,Coffee,119,7140
2022-09-30,9,Monsoon,25.548386542418807,Weekday,None,Evening,Urban,Vanilla,126,5040
2022-09-30,9,Monsoon,25.548386542418807,Weekday,None,Evening,Urban,Chocolate,157,7850
2022-09-30,9,Monsoon,25.548386542418807,Weekday,None,Evening,Urban,Strawberry,105,4725
2022-09-30,9,Monsoon,25.548386542418807,Weekday,None,Evening,Urban,Butterscotch,172,9460
2022-09-30,9,Monsoon,25.548386542418807,Weekday,None,Evening,Urban,Coffee,83,4980
2022-10-01,10,Winter,20.204722193969317,Weekend,Summer Vacation,Evening,Urban,Vanilla,179,7160
2022-10-01,10,Winter,20.204722193969317,Weekend,Summer Vacation,Evening,Urban,Chocolate,217,10850
2022-10-01,10,Winter,20.204722193969317,Weekend,Summer Vacation,Evening,Urban,Strawberry,179,8055
2022-10-01,10,Winter,20.204722193969317,Weekend,Summer Vacation,Evening,Urban,Butterscotch,202,11110
2022-10-01,10,Winter,20.204722193969317,Weekend,Summer Vacation,Evening,Urban,Coffee,117,7020
2022-10-02,10,Winter,25.155842853168757,Weekend,None,Morning,Rural,Vanilla,85,3400
2022-10-02,10,Winter,25.155842853168757,Weekend,None,Morning,Rural,Chocolate,85,4250
2022-10-02,10,Winter,25.155842853168757,Weekend,None,Morning,Rural,Strawberry,92,4140
2022-10-02,10,Winter,25.155842853168757,Weekend,None,Morning,Rural,Butterscotch,126,6930
2022-10-02,10,Winter,25.155842853168757,Weekend,None,Morning,Rural,Coffee,95,5700
2022-10-03,10,Winter,24.448218530181542,Weekday,None,Evening,Urban,Vanilla,132,5280
2022-10-03,10,Winter,24.448218530181542,Weekday,None,Evening,Urban,Chocolate,172,8600
2022-10-03,10,Winter,24.448218530181542,Weekday,None,Evening,Urban,Strawberry,110,4950
2022-10-03,10,Winter,24.448218530181542,Weekday,None,Evening,Urban,Butterscotch,138,7590
2022-10-03,10,Winter,24.448218530181542,Weekday,None,Evening,Urban,Coffee,90,5400
2022-10-04,10,Winter,23.31850369186068,Weekday,None,Evening,Rural,Vanilla,116,4640
2022-10-04,10,Winter,23.31850369186068,Weekday,None,Evening,Rural,Chocolate,90,4500
2022-10-04,10,Winter,23.31850369186068,Weekday,None,Evening,Rural,Strawberry,93,4185
2022-10-04,10,Winter,23.31850369186068,Weekday,None,Evening,Rural,Butterscotch,122,6710
2022-10-04,10,Winter,23.31850369186068,Weekday,None,Evening,Rural,Coffee,75,4500
2022-10-05,10,Winter,19.862517421575287,Weekday,Diwali,Evening,Urban,Vanilla,176,7040
2022-10-05,10,Winter,19.862517421575287,Weekday,Diwali,Evening,Urban,Chocolate,162,8100
2022-10-05,10,Winter,19.862517421575287,Weekday,Diwali,Evening,Urban,Strawberry,133,5985
2022-10-05,10,Winter,19.862517421575287,Weekday,Diwali,Evening,Urban,Butterscotch,183,10065
2022-10-05,10,Winter,19.862517421575287,Weekday,Diwali,Evening,Urban,Coffee,132,7920
2022-10-06,10,Winter,23.501997164143628,Weekday,None,Evening,Urban,Vanilla,131,5240
2022-10-06,10,Winter,23.501997164143628,Weekday,None,Evening,Urban,Chocolate,153,7650
2022-10-06,10,Winter,23.501997164143628,Weekday,None,Evening,Urban,Strawberry,121,5445
2022-10-06,10,Winter,23.501997164143628,Weekday,None,Evening,Urban,Butterscotch,147,8085
2022-10-06,10,Winter,23.501997164143628,Weekday,None,Evening,Urban,Coffee,125,7500
2022-10-07,10,Winter,19.0108249324988,Weekday,None,Afternoon,Rural,Vanilla,57,2280
2022-10-07,10,Winter,19.0108249324988,Weekday,None,Afternoon,Rural,Chocolate,84,4200
2022-10-07,10,Winter,19.0108249324988,Weekday,None,Afternoon,Rural,Strawberry,49,2205
2022-10-07,10,Winter,19.0108249324988,Weekday,None,Afternoon,Rural,Butterscotch,84,4620
2022-10-07,10,Winter,19.0108249324988,Weekday,None,Afternoon,Rural,Coffee,58,3480
2022-10-08,10,Winter,24.050707969601433,Weekend,None,Evening,Urban,Vanilla,131,5240
2022-10-08,10,Winter,24.050707969601433,Weekend,None,Evening,Urban,Chocolate,183,9150
2022-10-08,10,Winter,24.050707969601433,Weekend,None,Evening,Urban,Strawberry,127,5715
2022-10-08,10,Winter,24.050707969601433,Weekend,None,Evening,Urban,Butterscotch,152,8360
2022-10-08,10,Winter,24.050707969601433,Weekend,None,Evening,Urban,Coffee,105,6300
2022-10-09,10,Winter,25.749342104210818,Weekend,None,Evening,Urban,Vanilla,134,5360
2022-10-09,10,Winter,25.749342104210818,Weekend,None,Evening,Urban,Chocolate,180,9000
2022-10-09,10,Winter,25.749342104210818,Weekend,None,Evening,Urban,Strawberry,115,5175
2022-10-09,10,Winter,25.749342104210818,Weekend,None,Evening,Urban,Butterscotch,156,8580
2022-10-09,10,Winter,25.749342104210818,Weekend,None,Evening,Urban,Coffee,144,8640
2022-10-10,10,Winter,21.532305466189996,Weekday,None,Evening,Rural,Vanilla,91,3640
2022-10-10,10,Winter,21.532305466189996,Weekday,None,Evening,Rural,Chocolate,101,5050
2022-10-10,10,Winter,21.532305466189996,Weekday,None,Evening,Rural,Strawberry,97,4365
2022-10-10,10,Winter,21.532305466189996,Weekday,None,Evening,Rural,Butterscotch,132,7260
2022-10-10,10,Winter,21.532305466189996,Weekday,None,Evening,Rural,Coffee,72,4320
2022-10-11,10,Winter,21.11720538461933,Weekday,None,Afternoon,Urban,Vanilla,85,3400
2022-10-11,10,Winter,21.11720538461933,Weekday,None,Afternoon,Urban,Chocolate,112,5600
2022-10-11,10,Winter,21.11720538461933,Weekday,None,Afternoon,Urban,Strawberry,72,3240
2022-10-11,10,Winter,21.11720538461933,Weekday,None,Afternoon,Urban,Butterscotch,99,5445
2022-10-11,10,Winter,21.11720538461933,Weekday,None,Afternoon,Urban,Coffee,60,3600
2022-10-12,10,Winter,24.67059523337436,Weekday,None,Afternoon,Urban,Vanilla,119,4760
2022-10-12,10,Winter,24.67059523337436,Weekday,None,Afternoon,Urban,Chocolate,112,5600
2022-10-12,10,Winter,24.67059523337436,Weekday,None,Afternoon,Urban,Strawberry,83,3735
2022-10-12,10,Winter,24.67059523337436,Weekday,None,Afternoon,Urban,Butterscotch,88,4840
2022-10-12,10,Winter,24.67059523337436,Weekday,None,Afternoon,Urban,Coffee,81,4860
2022-10-13,10,Winter,24.845339049584606,Weekday,Navratri,Evening,Rural,Vanilla,125,5000
2022-10-13,10,Winter,24.845339049584606,Weekday,Navratri,Evening,Rural,Chocolate,165,8250
2022-10-13,10,Winter,24.845339049584606,Weekday,Navratri,Evening,Rural,Strawberry,126,5670
2022-10-13,10,Winter,24.845339049584606,Weekday,Navratri,Evening,Rural,Butterscotch,184,10120
2022-10-13,10,Winter,24.845339049584606,Weekday,Navratri,Evening,Rural,Coffee,135,8100
2022-10-14,10,Winter,18.101256289217208,Weekday,None,Night,Urban,Vanilla,96,3840
2022-10-14,10,Winter,18.101256289217208,Weekday,None,Night,Urban,Chocolate,119,5950
2022-10-14,10,Winter,18.101256289217208,Weekday,None,Night,Urban,Strawberry,91,4095
2022-10-14,10,Winter,18.101256289217208,Weekday,None,Night,Urban,Butterscotch,69,3795
2022-10-14,10,Winter,18.101256289217208,Weekday,None,Night,Urban,Coffee,81,4860
2022-10-15,10,Winter,23.966804282648525,Weekend,Christmas,Night,Rural,Vanilla,108,4320
2022-10-15,10,Winter,23.966804282648525,Weekend,Christmas,Night,Rural,Chocolate,166,8300
2022-10-15,10,Winter,23.966804282648525,Weekend,Christmas,Night,Rural,Strawberry,123,5535
2022-10-15,10,Winter,23.966804282648525,Weekend,Christmas,Night,Rural,Butterscotch,150,8250
2022-10-15,10,Winter,23.966804282648525,Weekend,Christmas,Night,Rural,Coffee,85,5100
2022-10-16,10,Winter,25.141953119864347,Weekend,None,Morning,Urban,Vanilla,142,5680
2022-10-16,10,Winter,25.141953119864347,Weekend,None,Morning,Urban,Chocolate,145,7250
2022-10-16,10,Winter,25.141953119864347,Weekend,None,Morning,Urban,Strawberry,88,3960
2022-10-16,10,Winter,25.141953119864347,Weekend,None,Morning,Urban,Butterscotch,136,7480
2022-10-16,10,Winter,25.141953119864347,Weekend,None,Morning,Urban,Coffee,107,6420
2022-10-17,10,Winter,20.84385001742435,Weekday,Christmas,Night,Urban,Vanilla,133,5320
2022-10-17,10,Winter,20.84385001742435,Weekday,Christmas,Night,Urban,Chocolate,152,7600
2022-10-17,10,Winter,20.84385001742435,Weekday,Christmas,Night,Urban,Strawberry,112,5040
2022-10-17,10,Winter,20.84385001742435,Weekday,Christmas,Night,Urban,Butterscotch,143,7865
2022-10-17,10,Winter,20.84385001742435,Weekday,Christmas,Night,Urban,Coffee,96,5760
2022-10-18,10,Winter,21.605582212984995,Weekday,None,Afternoon,Urban,Vanilla,107,4280
2022-10-18,10,Winter,21.605582212984995,Weekday,None,Afternoon,Urban,Chocolate,114,5700
2022-10-18,10,Winter,21.605582212984995,Weekday,None,Afternoon,Urban,Strawberry,84,3780
2022-10-18,10,Winter,21.605582212984995,Weekday,None,Afternoon,Urban,Butterscotch,127,6985
2022-10-18,10,Winter,21.605582212984995,Weekday,None,Afternoon,Urban,Coffee,95,5700
2022-10-19,10,Winter,24.422592999456427,Weekday,None,Afternoon,Urban,Vanilla,88,3520
2022-10-19,10,Winter,24.422592999456427,Weekday,None,Afternoon,Urban,Chocolate,112,5600
2022-10-19,10,Winter,24.422592999456427,Weekday,None,Afternoon,Urban,Strawberry,82,3690
2022-10-19,10,Winter,24.422592999456427,Weekday,None,Afternoon,Urban,Butterscotch,99,5445
2022-10-19,10,Winter,24.422592999456427,Weekday,None,Afternoon,Urban,Coffee,70,4200
2022-10-20,10,Winter,21.798465129851934,Weekday,None,Evening,Rural,Vanilla,89,3560
2022-10-20,10,Winter,21.798465129851934,Weekday,None,Evening,Rural,Chocolate,126,6300
2022-10-20,10,Winter,21.798465129851934,Weekday,None,Evening,Rural,Strawberry,97,4365
2022-10-20,10,Winter,21.798465129851934,Weekday,None,Evening,Rural,Butterscotch,89,4895
2022-10-20,10,Winter,21.798465129851934,Weekday,None,Evening,Rural,Coffee,83,4980
2022-10-21,10,Winter,26.251061238944878,Weekday,Navratri,Evening,Rural,Vanilla,158,6320
2022-10-21,10,Winter,26.251061238944878,Weekday,Navratri,Evening,Rural,Chocolate,188,9400
2022-10-21,10,Winter,26.251061238944878,Weekday,Navratri,Evening,Rural,Strawberry,130,5850
2022-10-21,10,Winter,26.251061238944878,Weekday,Navratri,Evening,Rural,Butterscotch,179,9845
2022-10-21,10,Winter,26.251061238944878,Weekday,Navratri,Evening,Rural,Coffee,154,9240
2022-10-22,10,Winter,19.642041902095052,Weekend,None,Evening,Rural,Vanilla,93,3720
2022-10-22,10,Winter,19.642041902095052,Weekend,None,Evening,Rural,Chocolate,168,8400
2022-10-22,10,Winter,19.642041902095052,Weekend,None,Evening,Rural,Strawberry,91,4095
2022-10-22,10,Winter,19.642041902095052,Weekend,None,Evening,Rural,Butterscotch,137,7535
2022-10-22,10,Winter,19.642041902095052,Weekend,None,Evening,Rural,Coffee,75,4500
2022-10-23,10,Winter,17.153900646169824,Weekend,Navratri,Night,Urban,Vanilla,105,4200
2022-10-23,10,Winter,17.153900646169824,Weekend,Navratri,Night,Urban,Chocolate,155,7750
2022-10-23,10,Winter,17.153900646169824,Weekend,Navratri,Night,Urban,Strawberry,135,6075
2022-10-23,10,Winter,17.153900646169824,Weekend,Navratri,Night,Urban,Butterscotch,144,7920
2022-10-23,10,Winter,17.153900646169824,Weekend,Navratri,Night,Urban,Coffee,108,6480
2022-10-24,10,Winter,22.07616526162723,Weekday,None,Evening,Urban,Vanilla,97,3880
2022-10-24,10,Winter,22.07616526162723,Weekday,None,Evening,Urban,Chocolate,155,7750
2022-10-24,10,Winter,22.07616526162723,Weekday,None,Evening,Urban,Strawberry,107,4815
2022-10-24,10,Winter,22.07616526162723,Weekday,None,Evening,Urban,Butterscotch,165,9075
2022-10-24,10,Winter,22.07616526162723,Weekday,None,Evening,Urban,Coffee,85,5100
2022-10-25,10,Winter,19.902285348144616,Weekday,Summer Vacation,Morning,Urban,Vanilla,117,4680
2022-10-25,10,Winter,19.902285348144616,Weekday,Summer Vacation,Morning,Urban,Chocolate,161,8050
2022-10-25,10,Winter,19.902285348144616,Weekday,Summer Vacation,Morning,Urban,Strawberry,117,5265
2022-10-25,10,Winter,19.902285348144616,Weekday,Summer Vacation,Morning,Urban,Butterscotch,145,7975
2022-10-25,10,Winter,19.902285348144616,Weekday,Summer Vacation,Morning,Urban,Coffee,114,6840
2022-10-26,10,Winter,21.00607485045003,Weekday,None,Afternoon,Urban,Vanilla,83,3320
2022-10-26,10,Winter,21.00607485045003,Weekday,None,Afternoon,Urban,Chocolate,79,3950
2022-10-26,10,Winter,21.00607485045003,Weekday,None,Afternoon,Urban,Strawberry,91,4095
2022-10-26,10,Winter,21.00607485045003,Weekday,None,Afternoon,Urban,Butterscotch,118,6490
2022-10-26,10,Winter,21.00607485045003,Weekday,None,Afternoon,Urban,Coffee,67,4020
2022-10-27,10,Winter,19.99578804370669,Weekday,None,Night,Rural,Vanilla,80,3200
2022-10-27,10,Winter,19.99578804370669,Weekday,None,Night,Rural,Chocolate,79,3950
2022-10-27,10,Winter,19.99578804370669,Weekday,None,Night,Rural,Strawberry,25,1125
2022-10-27,10,Winter,19.99578804370669,Weekday,None,Night,Rural,Butterscotch,68,3740
2022-10-27,10,Winter,19.99578804370669,Weekday,None,Night,Rural,Coffee,39,2340
2022-10-28,10,Winter,22.525634256725535,Weekday,None,Night,Urban,Vanilla,142,5680
2022-10-28,10,Winter,22.525634256725535,Weekday,None,Night,Urban,Chocolate,119,5950
2022-10-28,10,Winter,22.525634256725535,Weekday,None,Night,Urban,Strawberry,90,4050
2022-10-28,10,Winter,22.525634256725535,Weekday,None,Night,Urban,Butterscotch,101,5555
2022-10-28,10,Winter,22.525634256725535,Weekday,None,Night,Urban,Coffee,101,6060
2022-10-29,10,Winter,18.690929633588507,Weekend,None,Afternoon,Urban,Vanilla,111,4440
2022-10-29,10,Winter,18.690929633588507,Weekend,None,Afternoon,Urban,Chocolate,121,6050
2022-10-29,10,Winter,18.690929633588507,Weekend,None,Afternoon,Urban,Strawberry,91,4095
2022-10-29,10,Winter,18.690929633588507,Weekend,None,Afternoon,Urban,Butterscotch,131,7205
2022-10-29,10,Winter,18.690929633588507,Weekend,None,Afternoon,Urban,Coffee,98,5880
2022-10-30,10,Winter,18.262847870660845,Weekend,Summer Vacation,Morning,Urban,Vanilla,140,5600
2022-10-30,10,Winter,18.262847870660845,Weekend,Summer Vacation,Morning,Urban,Chocolate,163,8150
2022-10-30,10,Winter,18.262847870660845,Weekend,Summer Vacation,Morning,Urban,Strawberry,132,5940
2022-10-30,10,Winter,18.262847870660845,Weekend,Summer Vacation,Morning,Urban,Butterscotch,142,7810
2022-10-30,10,Winter,18.262847870660845,Weekend,Summer Vacation,Morning,Urban,Coffee,107,6420
2022-10-31,10,Winter,22.31724843833306,Weekday,Holi,Afternoon,Urban,Vanilla,109,4360
2022-10-31,10,Winter,22.31724843833306,Weekday,Holi,Afternoon,Urban,Chocolate,137,6850
2022-10-31,10,Winter,22.31724843833306,Weekday,Holi,Afternoon,Urban,Strawberry,110,4950
2022-10-31,10,Winter,22.31724843833306,Weekday,Holi,Afternoon,Urban,Butterscotch,160,8800
2022-10-31,10,Winter,22.31724843833306,Weekday,Holi,Afternoon,Urban,Coffee,136,8160
2022-11-01,11,Winter,17.242050063286126,Weekday,None,Evening,Urban,Vanilla,83,3320
2022-11-01,11,Winter,17.242050063286126,Weekday,None,Evening,Urban,Chocolate,134,6700
2022-11-01,11,Winter,17.242050063286126,Weekday,None,Evening,Urban,Strawberry,81,3645
2022-11-01,11,Winter,17.242050063286126,Weekday,None,Evening,Urban,Butterscotch,138,7590
2022-11-01,11,Winter,17.242050063286126,Weekday,None,Evening,Urban,Coffee,85,5100
2022-11-02,11,Winter,23.64663653145687,Weekday,Summer Vacation,Evening,Urban,Vanilla,199,7960
2022-11-02,11,Winter,23.64663653145687,Weekday,Summer Vacation,Evening,Urban,Chocolate,185,9250
2022-11-02,11,Winter,23.64663653145687,Weekday,Summer Vacation,Evening,Urban,Strawberry,143,6435
2022-11-02,11,Winter,23.64663653145687,Weekday,Summer Vacation,Evening,Urban,Butterscotch,167,9185
2022-11-02,11,Winter,23.64663653145687,Weekday,Summer Vacation,Evening,Urban,Coffee,142,8520
2022-11-03,11,Winter,24.575353349969994,Weekday,None,Evening,Urban,Vanilla,130,5200
2022-11-03,11,Winter,24.575353349969994,Weekday,None,Evening,Urban,Chocolate,159,7950
2022-11-03,11,Winter,24.575353349969994,Weekday,None,Evening,Urban,Strawberry,108,4860
2022-11-03,11,Winter,24.575353349969994,Weekday,None,Evening,Urban,Butterscotch,177,9735
2022-11-03,11,Winter,24.575353349969994,Weekday,None,Evening,Urban,Coffee,121,7260
2022-11-04,11,Winter,18.710792541545796,Weekday,None,Evening,Urban,Vanilla,128,5120
2022-11-04,11,Winter,18.710792541545796,Weekday,None,Evening,Urban,Chocolate,144,7200
2022-11-04,11,Winter,18.710792541545796,Weekday,None,Evening,Urban,Strawberry,110,4950
2022-11-04,11,Winter,18.710792541545796,Weekday,None,Evening,Urban,Butterscotch,126,6930
2022-11-04,11,Winter,18.710792541545796,Weekday,None,Evening,Urban,Coffee,111,6660
2022-11-05,11,Winter,25.28940770143265,Weekend,None,Afternoon,Urban,Vanilla,116,4640
2022-11-05,11,Winter,25.28940770143265,Weekend,None,Afternoon,Urban,Chocolate,149,7450
2022-11-05,11,Winter,25.28940770143265,Weekend,None,Afternoon,Urban,Strawberry,128,5760
2022-11-05,11,Winter,25.28940770143265,Weekend,None,Afternoon,Urban,Butterscotch,135,7425
2022-11-05,11,Winter,25.28940770143265,Weekend,None,Afternoon,Urban,Coffee,90,5400
2022-11-06,11,Winter,21.1728934212374,Weekend,Navratri,Night,Urban,Vanilla,162,6480
2022-11-06,11,Winter,21.1728934212374,Weekend,Navratri,Night,Urban,Chocolate,169,8450
2022-11-06,11,Winter,21.1728934212374,Weekend,Navratri,Night,Urban,Strawberry,136,6120
2022-11-06,11,Winter,21.1728934212374,Weekend,Navratri,Night,Urban,Butterscotch,181,9955
2022-11-06,11,Winter,21.1728934212374,Weekend,Navratri,Night,Urban,Coffee,111,6660
2022-11-07,11,Winter,16.370341881874378,Weekday,None,Afternoon,Urban,Vanilla,88,3520
2022-11-07,11,Winter,16.370341881874378,Weekday,None,Afternoon,Urban,Chocolate,92,4600
2022-11-07,11,Winter,16.370341881874378,Weekday,None,Afternoon,Urban,Strawberry,61,2745
2022-11-07,11,Winter,16.370341881874378,Weekday,None,Afternoon,Urban,Butterscotch,113,6215
2022-11-07,11,Winter,16.370341881874378,Weekday,None,Afternoon,Urban,Coffee,59,3540
2022-11-08,11,Winter,25.868190590290073,Weekday,None,Afternoon,Urban,Vanilla,122,4880
2022-11-08,11,Winter,25.868190590290073,Weekday,None,Afternoon,Urban,Chocolate,126,6300
2022-11-08,11,Winter,25.868190590290073,Weekday,None,Afternoon,Urban,Strawberry,96,4320
2022-11-08,11,Winter,25.868190590290073,Weekday,None,Afternoon,Urban,Butterscotch,127,6985
2022-11-08,11,Winter,25.868190590290073,Weekday,None,Afternoon,Urban,Coffee,96,5760
2022-11-09,11,Winter,19.797478603664512,Weekday,None,Evening,Rural,Vanilla,95,3800
2022-11-09,11,Winter,19.797478603664512,Weekday,None,Evening,Rural,Chocolate,124,6200
2022-11-09,11,Winter,19.797478603664512,Weekday,None,Evening,Rural,Strawberry,94,4230
2022-11-09,11,Winter,19.797478603664512,Weekday,None,Evening,Rural,Butterscotch,86,4730
2022-11-09,11,Winter,19.797478603664512,Weekday,None,Evening,Rural,Coffee,76,4560
2022-11-10,11,Winter,25.222741701833982,Weekday,None,Afternoon,Rural,Vanilla,103,4120
2022-11-10,11,Winter,25.222741701833982,Weekday,None,Afternoon,Rural,Chocolate,101,5050
2022-11-10,11,Winter,25.222741701833982,Weekday,None,Afternoon,Rural,Strawberry,79,3555
2022-11-10,11,Winter,25.222741701833982,Weekday,None,Afternoon,Rural,Butterscotch,91,5005
2022-11-10,11,Winter,25.222741701833982,Weekday,None,Afternoon,Rural,Coffee,69,4140
2022-11-11,11,Winter,27.099872123729142,Weekday,None,Evening,Rural,Vanilla,132,5280
2022-11-11,11,Winter,27.099872123729142,Weekday,None,Evening,Rural,Chocolate,138,6900
2022-11-11,11,Winter,27.099872123729142,Weekday,None,Evening,Rural,Strawberry,86,3870
2022-11-11,11,Winter,27.099872123729142,Weekday,None,Evening,Rural,Butterscotch,113,6215
2022-11-11,11,Winter,27.099872123729142,Weekday,None,Evening,Rural,Coffee,107,6420
2022-11-12,11,Winter,20.109062562241057,Weekend,None,Afternoon,Urban,Vanilla,95,3800
2022-11-12,11,Winter,20.109062562241057,Weekend,None,Afternoon,Urban,Chocolate,132,6600
2022-11-12,11,Winter,20.109062562241057,Weekend,None,Afternoon,Urban,Strawberry,112,5040
2022-11-12,11,Winter,20.109062562241057,Weekend,None,Afternoon,Urban,Butterscotch,107,5885
2022-11-12,11,Winter,20.109062562241057,Weekend,None,Afternoon,Urban,Coffee,111,6660
2022-11-13,11,Winter,23.532376265582784,Weekend,None,Afternoon,Rural,Vanilla,111,4440
2022-11-13,11,Winter,23.532376265582784,Weekend,None,Afternoon,Rural,Chocolate,116,5800
2022-11-13,11,Winter,23.532376265582784,Weekend,None,Afternoon,Rural,Strawberry,85,3825
2022-11-13,11,Winter,23.532376265582784,Weekend,None,Afternoon,Rural,Butterscotch,83,4565
2022-11-13,11,Winter,23.532376265582784,Weekend,None,Afternoon,Rural,Coffee,93,5580
2022-11-14,11,Winter,19.54779730927795,Weekday,None,Afternoon,Urban,Vanilla,79,3160
2022-11-14,11,Winter,19.54779730927795,Weekday,None,Afternoon,Urban,Chocolate,119,5950
2022-11-14,11,Winter,19.54779730927795,Weekday,None,Afternoon,Urban,Strawberry,61,2745
2022-11-14,11,Winter,19.54779730927795,Weekday,None,Afternoon,Urban,Butterscotch,105,5775
2022-11-14,11,Winter,19.54779730927795,Weekday,None,Afternoon,Urban,Coffee,80,4800
2022-11-15,11,Winter,19.909684544711276,Weekday,None,Evening,Urban,Vanilla,128,5120
2022-11-15,11,Winter,19.909684544711276,Weekday,None,Evening,Urban,Chocolate,136,6800
2022-11-15,11,Winter,19.909684544711276,Weekday,None,Evening,Urban,Strawberry,106,4770
2022-11-15,11,Winter,19.909684544711276,Weekday,None,Evening,Urban,Butterscotch,126,6930
2022-11-15,11,Winter,19.909684544711276,Weekday,None,Evening,Urban,Coffee,103,6180
2022-11-16,11,Winter,20.385888270587735,Weekday,None,Afternoon,Urban,Vanilla,92,3680
2022-11-16,11,Winter,20.385888270587735,Weekday,None,Afternoon,Urban,Chocolate,104,5200
2022-11-16,11,Winter,20.385888270587735,Weekday,None,Afternoon,Urban,Strawberry,93,4185
2022-11-16,11,Winter,20.385888270587735,Weekday,None,Afternoon,Urban,Butterscotch,105,5775
2022-11-16,11,Winter,20.385888270587735,Weekday,None,Afternoon,Urban,Coffee,77,4620
2022-11-17,11,Winter,23.40780276942558,Weekday,None,Morning,Urban,Vanilla,77,3080
2022-11-17,11,Winter,23.40780276942558,Weekday,None,Morning,Urban,Chocolate,137,6850
2022-11-17,11,Winter,23.40780276942558,Weekday,None,Morning,Urban,Strawberry,78,3510
2022-11-17,11,Winter,23.40780276942558,Weekday,None,Morning,Urban,Butterscotch,115,6325
2022-11-17,11,Winter,23.40780276942558,Weekday,None,Morning,Urban,Coffee,84,5040
2022-11-18,11,Winter,21.70798954401195,Weekday,None,Morning,Urban,Vanilla,87,3480
2022-11-18,11,Winter,21.70798954401195,Weekday,None,Morning,Urban,Chocolate,119,5950
2022-11-18,11,Winter,21.70798954401195,Weekday,None,Morning,Urban,Strawberry,107,4815
2022-11-18,11,Winter,21.70798954401195,Weekday,None,Morning,Urban,Butterscotch,120,6600
2022-11-18,11,Winter,21.70798954401195,Weekday,None,Morning,Urban,Coffee,56,3360
2022-11-19,11,Winter,23.866209970918145,Weekend,None,Morning,Rural,Vanilla,116,4640
2022-11-19,11,Winter,23.866209970918145,Weekend,None,Morning,Rural,Chocolate,131,6550
2022-11-19,11,Winter,23.866209970918145,Weekend,None,Morning,Rural,Strawberry,117,5265
2022-11-19,11,Winter,23.866209970918145,Weekend,None,Morning,Rural,Butterscotch,120,6600
2022-11-19,11,Winter,23.866209970918145,Weekend,None,Morning,Rural,Coffee,82,4920
2022-11-20,11,Winter,26.901844550570942,Weekend,None,Evening,Rural,Vanilla,162,6480
2022-11-20,11,Winter,26.901844550570942,Weekend,None,Evening,Rural,Chocolate,150,7500
2022-11-20,11,Winter,26.901844550570942,Weekend,None,Evening,Rural,Strawberry,145,6525
2022-11-20,11,Winter,26.901844550570942,Weekend,None,Evening,Rural,Butterscotch,156,8580
2022-11-20,11,Winter,26.901844550570942,Weekend,None,Evening,Rural,Coffee,87,5220
2022-11-21,11,Winter,23.102947878974266,Weekday,None,Night,Urban,Vanilla,67,2680
2022-11-21,11,Winter,23.102947878974266,Weekday,None,Night,Urban,Chocolate,135,6750
2022-11-21,11,Winter,23.102947878974266,Weekday,None,Night,Urban,Strawberry,97,4365
2022-11-21,11,Winter,23.102947878974266,Weekday,None,Night,Urban,Butterscotch,119,6545
2022-11-21,11,Winter,23.102947878974266,Weekday,None,Night,Urban,Coffee,103,6180
2022-11-22,11,Winter,21.801570145379,Weekday,None,Evening,Urban,Vanilla,115,4600
2022-11-22,11,Winter,21.801570145379,Weekday,None,Evening,Urban,Chocolate,179,8950
2022-11-22,11,Winter,21.801570145379,Weekday,None,Evening,Urban,Strawberry,112,5040
2022-11-22,11,Winter,21.801570145379,Weekday,None,Evening,Urban,Butterscotch,153,8415
2022-11-22,11,Winter,21.801570145379,Weekday,None,Evening,Urban,Coffee,120,7200
2022-11-23,11,Winter,19.772547302384847,Weekday,Summer Vacation,Evening,Urban,Vanilla,147,5880
2022-11-23,11,Winter,19.772547302384847,Weekday,Summer Vacation,Evening,Urban,Chocolate,179,8950
2022-11-23,11,Winter,19.772547302384847,Weekday,Summer Vacation,Evening,Urban,Strawberry,166,7470
2022-11-23,11,Winter,19.772547302384847,Weekday,Summer Vacation,Evening,Urban,Butterscotch,184,10120
2022-11-23,11,Winter,19.772547302384847,Weekday,Summer Vacation,Evening,Urban,Coffee,130,7800
2022-11-24,11,Winter,23.569237012007182,Weekday,None,Evening,Urban,Vanilla,150,6000
2022-11-24,11,Winter,23.569237012007182,Weekday,None,Evening,Urban,Chocolate,157,7850
2022-11-24,11,Winter,23.569237012007182,Weekday,None,Evening,Urban,Strawberry,126,5670
2022-11-24,11,Winter,23.569237012007182,Weekday,None,Evening,Urban,Butterscotch,105,5775
2022-11-24,11,Winter,23.569237012007182,Weekday,None,Evening,Urban,Coffee,100,6000
2022-11-25,11,Winter,22.723965804750343,Weekday,None,Night,Urban,Vanilla,80,3200
2022-11-25,11,Winter,22.723965804750343,Weekday,None,Night,Urban,Chocolate,91,4550
2022-11-25,11,Winter,22.723965804750343,Weekday,None,Night,Urban,Strawberry,105,4725
2022-11-25,11,Winter,22.723965804750343,Weekday,None,Night,Urban,Butterscotch,95,5225
2022-11-25,11,Winter,22.723965804750343,Weekday,None,Night,Urban,Coffee,76,4560
2022-11-26,11,Winter,24.794713806043195,Weekend,None,Evening,Rural,Vanilla,133,5320
2022-11-26,11,Winter,24.794713806043195,Weekend,None,Evening,Rural,Chocolate,164,8200
2022-11-26,11,Winter,24.794713806043195,Weekend,None,Evening,Rural,Strawberry,104,4680
2022-11-26,11,Winter,24.794713806043195,Weekend,None,Evening,Rural,Butterscotch,155,8525
2022-11-26,11,Winter,24.794713806043195,Weekend,None,Evening,Rural,Coffee,94,5640
2022-11-27,11,Winter,22.759495714113942,Weekend,None,Evening,Rural,Vanilla,135,5400
2022-11-27,11,Winter,22.759495714113942,Weekend,None,Evening,Rural,Chocolate,145,7250
2022-11-27,11,Winter,22.759495714113942,Weekend,None,Evening,Rural,Strawberry,103,4635
2022-11-27,11,Winter,22.759495714113942,Weekend,None,Evening,Rural,Butterscotch,140,7700
2022-11-27,11,Winter,22.759495714113942,Weekend,None,Evening,Rural,Coffee,103,6180
2022-11-28,11,Winter,20.00114739847028,Weekday,None,Afternoon,Urban,Vanilla,87,3480
2022-11-28,11,Winter,20.00114739847028,Weekday,None,Afternoon,Urban,Chocolate,100,5000
2022-11-28,11,Winter,20.00114739847028,Weekday,None,Afternoon,Urban,Strawberry,76,3420
2022-11-28,11,Winter,20.00114739847028,Weekday,None,Afternoon,Urban,Butterscotch,95,5225
2022-11-28,11,Winter,20.00114739847028,Weekday,None,Afternoon,Urban,Coffee,68,4080
2022-11-29,11,Winter,21.814707400419614,Weekday,None,Evening,Urban,Vanilla,132,5280
2022-11-29,11,Winter,21.814707400419614,Weekday,None,Evening,Urban,Chocolate,135,6750
2022-11-29,11,Winter,21.814707400419614,Weekday,None,Evening,Urban,Strawberry,101,4545
2022-11-29,11,Winter,21.814707400419614,Weekday,None,Evening,Urban,Butterscotch,132,7260
2022-11-29,11,Winter,21.814707400419614,Weekday,None,Evening,Urban,Coffee,91,5460
2022-11-30,11,Winter,26.10776439226563,Weekday,None,Afternoon,Urban,Vanilla,91,3640
2022-11-30,11,Winter,26.10776439226563,Weekday,None,Afternoon,Urban,Chocolate,123,6150
2022-11-30,11,Winter,26.10776439226563,Weekday,None,Afternoon,Urban,Strawberry,83,3735
2022-11-30,11,Winter,26.10776439226563,Weekday,None,Afternoon,Urban,Butterscotch,118,6490
2022-11-30,11,Winter,26.10776439226563,Weekday,None,Afternoon,Urban,Coffee,73,4380
2022-12-01,12,Winter,23.7193834397236,Weekday,None,Morning,Rural,Vanilla,49,1960
2022-12-01,12,Winter,23.7193834397236,Weekday,None,Morning,Rural,Chocolate,73,3650
2022-12-01,12,Winter,23.7193834397236,Weekday,None,Morning,Rural,Strawberry,68,3060
2022-12-01,12,Winter,23.7193834397236,Weekday,None,Morning,Rural,Butterscotch,62,3410
2022-12-01,12,Winter,23.7193834397236,Weekday,None,Morning,Rural,Coffee,72,4320
2022-12-02,12,Winter,19.460061253400912,Weekday,None,Afternoon,Urban,Vanilla,88,3520
2022-12-02,12,Winter,19.460061253400912,Weekday,None,Afternoon,Urban,Chocolate,104,5200
2022-12-02,12,Winter,19.460061253400912,Weekday,None,Afternoon,Urban,Strawberry,70,3150
2022-12-02,12,Winter,19.460061253400912,Weekday,None,Afternoon,Urban,Butterscotch,123,6765
2022-12-02,12,Winter,19.460061253400912,Weekday,None,Afternoon,Urban,Coffee,65,3900
2022-12-03,12,Winter,27.497671130437606,Weekend,None,Night,Rural,Vanilla,119,4760
2022-12-03,12,Winter,27.497671130437606,Weekend,None,Night,Rural,Chocolate,147,7350
2022-12-03,12,Winter,27.497671130437606,Weekend,None,Night,Rural,Strawberry,98,4410
2022-12-03,12,Winter,27.497671130437606,Weekend,None,Night,Rural,Butterscotch,100,5500
2022-12-03,12,Winter,27.497671130437606,Weekend,None,Night,Rural,Coffee,78,4680
2022-12-04,12,Winter,27.10808946504381,Weekend,None,Evening,Urban,Vanilla,160,6400
2022-12-04,12,Winter,27.10808946504381,Weekend,None,Evening,Urban,Chocolate,207,10350
2022-12-04,12,Winter,27.10808946504381,Weekend,None,Evening,Urban,Strawberry,139,6255
2022-12-04,12,Winter,27.10808946504381,Weekend,None,Evening,Urban,Butterscotch,151,8305
2022-12-04,12,Winter,27.10808946504381,Weekend,None,Evening,Urban,Coffee,115,6900
2022-12-05,12,Winter,26.688666305524592,Weekday,None,Afternoon,Urban,Vanilla,105,4200
2022-12-05,12,Winter,26.688666305524592,Weekday,None,Afternoon,Urban,Chocolate,136,6800
2022-12-05,12,Winter,26.688666305524592,Weekday,None,Afternoon,Urban,Strawberry,80,3600
2022-12-05,12,Winter,26.688666305524592,Weekday,None,Afternoon,Urban,Butterscotch,115,6325
2022-12-05,12,Winter,26.688666305524592,Weekday,None,Afternoon,Urban,Coffee,128,7680
2022-12-06,12,Winter,18.30019352110937,Weekday,None,Afternoon,Urban,Vanilla,94,3760
2022-12-06,12,Winter,18.30019352110937,Weekday,None,Afternoon,Urban,Chocolate,105,5250
2022-12-06,12,Winter,18.30019352110937,Weekday,None,Afternoon,Urban,Strawberry,59,2655
2022-12-06,12,Winter,18.30019352110937,Weekday,None,Afternoon,Urban,Butterscotch,84,4620
2022-12-06,12,Winter,18.30019352110937,Weekday,None,Afternoon,Urban,Coffee,55,3300
2022-12-07,12,Winter,20.176374217972548,Weekday,None,Afternoon,Rural,Vanilla,57,2280
2022-12-07,12,Winter,20.176374217972548,Weekday,None,Afternoon,Rural,Chocolate,79,3950
2022-12-07,12,Winter,20.176374217972548,Weekday,None,Afternoon,Rural,Strawberry,65,2925
2022-12-07,12,Winter,20.176374217972548,Weekday,None,Afternoon,Rural,Butterscotch,66,3630
2022-12-07,12,Winter,20.176374217972548,Weekday,None,Afternoon,Rural,Coffee,37,2220
2022-12-08,12,Winter,20.403063202210628,Weekday,None,Evening,Urban,Vanilla,139,5560
2022-12-08,12,Winter,20.403063202210628,Weekday,None,Evening,Urban,Chocolate,137,6850
2022-12-08,12,Winter,20.403063202210628,Weekday,None,Evening,Urban,Strawberry,116,5220
2022-12-08,12,Winter,20.403063202210628,Weekday,None,Evening,Urban,Butterscotch,116,6380
2022-12-08,12,Winter,20.403063202210628,Weekday,None,Evening,Urban,Coffee,107,6420
2022-12-09,12,Winter,23.225821923105304,Weekday,Diwali,Afternoon,Urban,Vanilla,130,5200
2022-12-09,12,Winter,23.225821923105304,Weekday,Diwali,Afternoon,Urban,Chocolate,166,8300
2022-12-09,12,Winter,23.225821923105304,Weekday,Diwali,Afternoon,Urban,Strawberry,126,5670
2022-12-09,12,Winter,23.225821923105304,Weekday,Diwali,Afternoon,Urban,Butterscotch,168,9240
2022-12-09,12,Winter,23.225821923105304,Weekday,Diwali,Afternoon,Urban,Coffee,118,7080
2022-12-10,12,Winter,21.574595125011736,Weekend,None,Morning,Urban,Vanilla,96,3840
2022-12-10,12,Winter,21.574595125011736,Weekend,None,Morning,Urban,Chocolate,123,6150
2022-12-10,12,Winter,21.574595125011736,Weekend,None,Morning,Urban,Strawberry,93,4185
2022-12-10,12,Winter,21.574595125011736,Weekend,None,Morning,Urban,Butterscotch,130,7150
2022-12-10,12,Winter,21.574595125011736,Weekend,None,Morning,Urban,Coffee,88,5280
2022-12-11,12,Winter,15.285306300025084,Weekend,None,Afternoon,Rural,Vanilla,39,1560
2022-12-11,12,Winter,15.285306300025084,Weekend,None,Afternoon,Rural,Chocolate,114,5700
2022-12-11,12,Winter,15.285306300025084,Weekend,None,Afternoon,Rural,Strawberry,42,1890
2022-12-11,12,Winter,15.285306300025084,Weekend,None,Afternoon,Rural,Butterscotch,95,5225
2022-12-11,12,Winter,15.285306300025084,Weekend,None,Afternoon,Rural,Coffee,51,3060
2022-12-12,12,Winter,20.201900518479043,Weekday,None,Evening,Urban,Vanilla,103,4120
2022-12-12,12,Winter,20.201900518479043,Weekday,None,Evening,Urban,Chocolate,152,7600
2022-12-12,12,Winter,20.201900518479043,Weekday,None,Evening,Urban,Strawberry,167,7515
2022-12-12,12,Winter,20.201900518479043,Weekday,None,Evening,Urban,Butterscotch,101,5555
2022-12-12,12,Winter,20.201900518479043,Weekday,None,Evening,Urban,Coffee,122,7320
2022-12-13,12,Winter,21.137657441798932,Weekday,None,Afternoon,Urban,Vanilla,97,3880
2022-12-13,12,Winter,21.137657441798932,Weekday,None,Afternoon,Urban,Chocolate,115,5750
2022-12-13,12,Winter,21.137657441798932,Weekday,None,Afternoon,Urban,Strawberry,70,3150
2022-12-13,12,Winter,21.137657441798932,Weekday,None,Afternoon,Urban,Butterscotch,90,4950
2022-12-13,12,Winter,21.137657441798932,Weekday,None,Afternoon,Urban,Coffee,66,3960
2022-12-14,12,Winter,25.66370698020088,Weekday,Summer Vacation,Evening,Urban,Vanilla,164,6560
2022-12-14,12,Winter,25.66370698020088,Weekday,Summer Vacation,Evening,Urban,Chocolate,195,9750
2022-12-14,12,Winter,25.66370698020088,Weekday,Summer Vacation,Evening,Urban,Strawberry,166,7470
2022-12-14,12,Winter,25.66370698020088,Weekday,Summer Vacation,Evening,Urban,Butterscotch,199,10945
2022-12-14,12,Winter,25.66370698020088,Weekday,Summer Vacation,Evening,Urban,Coffee,165,9900
2022-12-15,12,Winter,21.473308163502352,Weekday,None,Morning,Urban,Vanilla,104,4160
2022-12-15,12,Winter,21.473308163502352,Weekday,None,Morning,Urban,Chocolate,136,6800
2022-12-15,12,Winter,21.473308163502352,Weekday,None,Morning,Urban,Strawberry,87,3915
2022-12-15,12,Winter,21.473308163502352,Weekday,None,Morning,Urban,Butterscotch,93,5115
2022-12-15,12,Winter,21.473308163502352,Weekday,None,Morning,Urban,Coffee,57,3420
2022-12-16,12,Winter,23.516212820292992,Weekday,None,Evening,Urban,Vanilla,133,5320
2022-12-16,12,Winter,23.516212820292992,Weekday,None,Evening,Urban,Chocolate,169,8450
2022-12-16,12,Winter,23.516212820292992,Weekday,None,Evening,Urban,Strawberry,110,4950
2022-12-16,12,Winter,23.516212820292992,Weekday,None,Evening,Urban,Butterscotch,130,7150
2022-12-16,12,Winter,23.516212820292992,Weekday,None,Evening,Urban,Coffee,118,7080
2022-12-17,12,Winter,24.628140377589382,Weekend,None,Afternoon,Rural,Vanilla,120,4800
2022-12-17,12,Winter,24.628140377589382,Weekend,None,Afternoon,Rural,Chocolate,117,5850
2022-12-17,12,Winter,24.628140377589382,Weekend,None,Afternoon,Rural,Strawberry,77,3465
2022-12-17,12,Winter,24.628140377589382,Weekend,None,Afternoon,Rural,Butterscotch,96,5280
2022-12-17,12,Winter,24.628140377589382,Weekend,None,Afternoon,Rural,Coffee,60,3600
2022-12-18,12,Winter,20.5946984551589,Weekend,Christmas,Morning,Rural,Vanilla,104,4160
2022-12-18,12,Winter,20.5946984551589,Weekend,Christmas,Morning,Rural,Chocolate,151,7550
2022-12-18,12,Winter,20.5946984551589,Weekend,Christmas,Morning,Rural,Strawberry,92,4140
2022-12-18,12,Winter,20.5946984551589,Weekend,Christmas,Morning,Rural,Butterscotch,135,7425
2022-12-18,12,Winter,20.5946984551589,Weekend,Christmas,Morning,Rural,Coffee,52,3120
2022-12-19,12,Winter,21.439311525514047,Weekday,None,Evening,Urban,Vanilla,99,3960
2022-12-19,12,Winter,21.439311525514047,Weekday,None,Evening,Urban,Chocolate,162,8100
2022-12-19,12,Winter,21.439311525514047,Weekday,None,Evening,Urban,Strawberry,114,5130
2022-12-19,12,Winter,21.439311525514047,Weekday,None,Evening,Urban,Butterscotch,145,7975
2022-12-19,12,Winter,21.439311525514047,Weekday,None,Evening,Urban,Coffee,109,6540
2022-12-20,12,Winter,23.906338084943073,Weekday,None,Afternoon,Urban,Vanilla,84,3360
2022-12-20,12,Winter,23.906338084943073,Weekday,None,Afternoon,Urban,Chocolate,139,6950
2022-12-20,12,Winter,23.906338084943073,Weekday,None,Afternoon,Urban,Strawberry,74,3330
2022-12-20,12,Winter,23.906338084943073,Weekday,None,Afternoon,Urban,Butterscotch,99,5445
2022-12-20,12,Winter,23.906338084943073,Weekday,None,Afternoon,Urban,Coffee,72,4320
2022-12-21,12,Winter,20.413066875807953,Weekday,Summer Vacation,Evening,Urban,Vanilla,140,5600
2022-12-21,12,Winter,20.413066875807953,Weekday,Summer Vacation,Evening,Urban,Chocolate,190,9500
2022-12-21,12,Winter,20.413066875807953,Weekday,Summer Vacation,Evening,Urban,Strawberry,166,7470
2022-12-21,12,Winter,20.413066875807953,Weekday,Summer Vacation,Evening,Urban,Butterscotch,170,9350
2022-12-21,12,Winter,20.413066875807953,Weekday,Summer Vacation,Evening,Urban,Coffee,97,5820
2022-12-22,12,Winter,24.34102843484934,Weekday,Summer Vacation,Afternoon,Urban,Vanilla,113,4520
2022-12-22,12,Winter,24.34102843484934,Weekday,Summer Vacation,Afternoon,Urban,Chocolate,179,8950
2022-12-22,12,Winter,24.34102843484934,Weekday,Summer Vacation,Afternoon,Urban,Strawberry,125,5625
2022-12-22,12,Winter,24.34102843484934,Weekday,Summer Vacation,Afternoon,Urban,Butterscotch,170,9350
2022-12-22,12,Winter,24.34102843484934,Weekday,Summer Vacation,Afternoon,Urban,Coffee,97,5820
2022-12-23,12,Winter,23.63043813601028,Weekday,None,Evening,Rural,Vanilla,108,4320
2022-12-23,12,Winter,23.63043813601028,Weekday,None,Evening,Rural,Chocolate,123,6150
2022-12-23,12,Winter,23.63043813601028,Weekday,None,Evening,Rural,Strawberry,108,4860
2022-12-23,12,Winter,23.63043813601028,Weekday,None,Evening,Rural,Butterscotch,123,6765
2022-12-23,12,Winter,23.63043813601028,Weekday,None,Evening,Rural,Coffee,92,5520
2022-12-24,12,Winter,22.531656355215055,Weekend,None,Morning,Urban,Vanilla,103,4120
2022-12-24,12,Winter,22.531656355215055,Weekend,None,Morning,Urban,Chocolate,163,8150
2022-12-24,12,Winter,22.531656355215055,Weekend,None,Morning,Urban,Strawberry,114,5130
2022-12-24,12,Winter,22.531656355215055,Weekend,None,Morning,Urban,Butterscotch,130,7150
2022-12-24,12,Winter,22.531656355215055,Weekend,None,Morning,Urban,Coffee,90,5400
2022-12-25,12,Winter,19.144244619933293,Weekend,None,Evening,Urban,Vanilla,138,5520
2022-12-25,12,Winter,19.144244619933293,Weekend,None,Evening,Urban,Chocolate,163,8150
2022-12-25,12,Winter,19.144244619933293,Weekend,None,Evening,Urban,Strawberry,130,5850
2022-12-25,12,Winter,19.144244619933293,Weekend,None,Evening,Urban,Butterscotch,144,7920
2022-12-25,12,Winter,19.144244619933293,Weekend,None,Evening,Urban,Coffee,107,6420
2022-12-26,12,Winter,22.388501353024296,Weekday,None,Afternoon,Urban,Vanilla,92,3680
2022-12-26,12,Winter,22.388501353024296,Weekday,None,Afternoon,Urban,Chocolate,123,6150
2022-12-26,12,Winter,22.388501353024296,Weekday,None,Afternoon,Urban,Strawberry,64,2880
2022-12-26,12,Winter,22.388501353024296,Weekday,None,Afternoon,Urban,Butterscotch,123,6765
2022-12-26,12,Winter,22.388501353024296,Weekday,None,Afternoon,Urban,Coffee,70,4200
2022-12-27,12,Winter,21.719091433782488,Weekday,None,Afternoon,Urban,Vanilla,115,4600
2022-12-27,12,Winter,21.719091433782488,Weekday,None,Afternoon,Urban,Chocolate,98,4900
2022-12-27,12,Winter,21.719091433782488,Weekday,None,Afternoon,Urban,Strawberry,76,3420
2022-12-27,12,Winter,21.719091433782488,Weekday,None,Afternoon,Urban,Butterscotch,103,5665
2022-12-27,12,Winter,21.719091433782488,Weekday,None,Afternoon,Urban,Coffee,63,3780
2022-12-28,12,Winter,25.70145169626788,Weekday,None,Afternoon,Urban,Vanilla,106,4240
2022-12-28,12,Winter,25.70145169626788,Weekday,None,Afternoon,Urban,Chocolate,122,6100
2022-12-28,12,Winter,25.70145169626788,Weekday,None,Afternoon,Urban,Strawberry,113,5085
2022-12-28,12,Winter,25.70145169626788,Weekday,None,Afternoon,Urban,Butterscotch,89,4895
2022-12-28,12,Winter,25.70145169626788,Weekday,None,Afternoon,Urban,Coffee,79,4740
2022-12-29,12,Winter,22.57127166977517,Weekday,None,Morning,Urban,Vanilla,104,4160
2022-12-29,12,Winter,22.57127166977517,Weekday,None,Morning,Urban,Chocolate,100,5000
2022-12-29,12,Winter,22.57127166977517,Weekday,None,Morning,Urban,Strawberry,83,3735
2022-12-29,12,Winter,22.57127166977517,Weekday,None,Morning,Urban,Butterscotch,109,5995
2022-12-29,12,Winter,22.57127166977517,Weekday,None,Morning,Urban,Coffee,78,4680
2022-12-30,12,Winter,27.17039602020131,Weekday,Summer Vacation,Afternoon,Urban,Vanilla,153,6120
2022-12-30,12,Winter,27.17039602020131,Weekday,Summer Vacation,Afternoon,Urban,Chocolate,184,9200
2022-12-30,12,Winter,27.17039602020131,Weekday,Summer Vacation,Afternoon,Urban,Strawberry,134,6030
2022-12-30,12,Winter,27.17039602020131,Weekday,Summer Vacation,Afternoon,Urban,Butterscotch,152,8360
2022-12-30,12,Winter,27.17039602020131,Weekday,Summer Vacation,Afternoon,Urban,Coffee,120,7200
2022-12-31,12,Winter,24.143829371909852,Weekend,None,Evening,Urban,Vanilla,121,4840
2022-12-31,12,Winter,24.143829371909852,Weekend,None,Evening,Urban,Chocolate,159,7950
2022-12-31,12,Winter,24.143829371909852,Weekend,None,Evening,Urban,Strawberry,157,7065
2022-12-31,12,Winter,24.143829371909852,Weekend,None,Evening,Urban,Butterscotch,160,8800
2022-12-31,12,Winter,24.143829371909852,Weekend,None,Evening,Urban,Coffee,117,7020
2023-01-01,1,Winter,18.792139433743525,Weekend,Navratri,Evening,Urban,Vanilla,144,5760
2023-01-01,1,Winter,18.792139433743525,Weekend,Navratri,Evening,Urban,Chocolate,187,9350
2023-01-01,1,Winter,18.792139433743525,Weekend,Navratri,Evening,Urban,Strawberry,148,6660
2023-01-01,1,Winter,18.792139433743525,Weekend,Navratri,Evening,Urban,Butterscotch,193,10615
2023-01-01,1,Winter,18.792139433743525,Weekend,Navratri,Evening,Urban,Coffee,132,7920
2023-01-02,1,Winter,21.719839423300154,Weekday,None,Night,Urban,Vanilla,87,3480
2023-01-02,1,Winter,21.719839423300154,Weekday,None,Night,Urban,Chocolate,114,5700
2023-01-02,1,Winter,21.719839423300154,Weekday,None,Night,Urban,Strawberry,61,2745
2023-01-02,1,Winter,21.719839423300154,Weekday,None,Night,Urban,Butterscotch,109,5995
2023-01-02,1,Winter,21.719839423300154,Weekday,None,Night,Urban,Coffee,72,4320
2023-01-03,1,Winter,26.1112290819516,Weekday,None,Evening,Urban,Vanilla,159,6360
2023-01-03,1,Winter,26.1112290819516,Weekday,None,Evening,Urban,Chocolate,155,7750
2023-01-03,1,Winter,26.1112290819516,Weekday,None,Evening,Urban,Strawberry,151,6795
2023-01-03,1,Winter,26.1112290819516,Weekday,None,Evening,Urban,Butterscotch,163,8965
2023-01-03,1,Winter,26.1112290819516,Weekday,None,Evening,Urban,Coffee,118,7080
2023-01-04,1,Winter,22.702073363059444,Weekday,None,Evening,Urban,Vanilla,124,4960
2023-01-04,1,Winter,22.702073363059444,Weekday,None,Evening,Urban,Chocolate,164,8200
2023-01-04,1,Winter,22.702073363059444,Weekday,None,Evening,Urban,Strawberry,112,5040
2023-01-04,1,Winter,22.702073363059444,Weekday,None,Evening,Urban,Butterscotch,150,8250
2023-01-04,1,Winter,22.702073363059444,Weekday,None,Evening,Urban,Coffee,95,5700
2023-01-05,1,Winter,29.050617400017167,Weekday,None,Evening,Urban,Vanilla,107,4280
2023-01-05,1,Winter,29.050617400017167,Weekday,None,Evening,Urban,Chocolate,175,8750
2023-01-05,1,Winter,29.050617400017167,Weekday,None,Evening,Urban,Strawberry,138,6210
2023-01-05,1,Winter,29.050617400017167,Weekday,None,Evening,Urban,Butterscotch,148,8140
2023-01-05,1,Winter,29.050617400017167,Weekday,None,Evening,Urban,Coffee,136,8160
2023-01-06,1,Winter,25.125173992176553,Weekday,None,Afternoon,Rural,Vanilla,89,3560
2023-01-06,1,Winter,25.125173992176553,Weekday,None,Afternoon,Rural,Chocolate,97,4850
2023-01-06,1,Winter,25.125173992176553,Weekday,None,Afternoon,Rural,Strawberry,67,3015
2023-01-06,1,Winter,25.125173992176553,Weekday,None,Afternoon,Rural,Butterscotch,107,5885
2023-01-06,1,Winter,25.125173992176553,Weekday,None,Afternoon,Rural,Coffee,80,4800
2023-01-07,1,Winter,23.330505161753575,Weekend,None,Afternoon,Urban,Vanilla,102,4080
2023-01-07,1,Winter,23.330505161753575,Weekend,None,Afternoon,Urban,Chocolate,126,6300
2023-01-07,1,Winter,23.330505161753575,Weekend,None,Afternoon,Urban,Strawberry,103,4635
2023-01-07,1,Winter,23.330505161753575,Weekend,None,Afternoon,Urban,Butterscotch,127,6985
2023-01-07,1,Winter,23.330505161753575,Weekend,None,Afternoon,Urban,Coffee,77,4620
2023-01-08,1,Winter,23.16693618805655,Weekend,Christmas,Afternoon,Urban,Vanilla,158,6320
2023-01-08,1,Winter,23.16693618805655,Weekend,Christmas,Afternoon,Urban,Chocolate,168,8400
2023-01-08,1,Winter,23.16693618805655,Weekend,Christmas,Afternoon,Urban,Strawberry,144,6480
2023-01-08,1,Winter,23.16693618805655,Weekend,Christmas,Afternoon,Urban,Butterscotch,164,9020
2023-01-08,1,Winter,23.16693618805655,Weekend,Christmas,Afternoon,Urban,Coffee,115,6900
2023-01-09,1,Winter,20.218290483939093,Weekday,None,Evening,Urban,Vanilla,119,4760
2023-01-09,1,Winter,20.218290483939093,Weekday,None,Evening,Urban,Chocolate,145,7250
2023-01-09,1,Winter,20.218290483939093,Weekday,None,Evening,Urban,Strawberry,102,4590
2023-01-09,1,Winter,20.218290483939093,Weekday,None,Evening,Urban,Butterscotch,131,7205
2023-01-09,1,Winter,20.218290483939093,Weekday,None,Evening,Urban,Coffee,95,5700
2023-01-10,1,Winter,16.806396089665224,Weekday,None,Evening,Rural,Vanilla,107,4280
2023-01-10,1,Winter,16.806396089665224,Weekday,None,Evening,Rural,Chocolate,87,4350
2023-01-10,1,Winter,16.806396089665224,Weekday,None,Evening,Rural,Strawberry,90,4050
2023-01-10,1,Winter,16.806396089665224,Weekday,None,Evening,Rural,Butterscotch,90,4950
2023-01-10,1,Winter,16.806396089665224,Weekday,None,Evening,Rural,Coffee,80,4800
2023-01-11,1,Winter,20.10934434040718,Weekday,None,Evening,Urban,Vanilla,121,4840
2023-01-11,1,Winter,20.10934434040718,Weekday,None,Evening,Urban,Chocolate,133,6650
2023-01-11,1,Winter,20.10934434040718,Weekday,None,Evening,Urban,Strawberry,97,4365
2023-01-11,1,Winter,20.10934434040718,Weekday,None,Evening,Urban,Butterscotch,130,7150
2023-01-11,1,Winter,20.10934434040718,Weekday,None,Evening,Urban,Coffee,82,4920
2023-01-12,1,Winter,24.52595108635638,Weekday,None,Afternoon,Urban,Vanilla,98,3920
2023-01-12,1,Winter,24.52595108635638,Weekday,None,Afternoon,Urban,Chocolate,124,6200
2023-01-12,1,Winter,24.52595108635638,Weekday,None,Afternoon,Urban,Strawberry,83,3735
2023-01-12,1,Winter,24.52595108635638,Weekday,None,Afternoon,Urban,Butterscotch,84,4620
2023-01-12,1,Winter,24.52595108635638,Weekday,None,Afternoon,Urban,Coffee,72,4320
2023-01-13,1,Winter,24.019396062069138,Weekday,None,Evening,Urban,Vanilla,96,3840
2023-01-13,1,Winter,24.019396062069138,Weekday,None,Evening,Urban,Chocolate,149,7450
2023-01-13,1,Winter,24.019396062069138,Weekday,None,Evening,Urban,Strawberry,125,5625
2023-01-13,1,Winter,24.019396062069138,Weekday,None,Evening,Urban,Butterscotch,138,7590
2023-01-13,1,Winter,24.019396062069138,Weekday,None,Evening,Urban,Coffee,95,5700
2023-01-14,1,Winter,18.536911995301047,Weekend,Holi,Morning,Urban,Vanilla,114,4560
2023-01-14,1,Winter,18.536911995301047,Weekend,Holi,Morning,Urban,Chocolate,192,9600
2023-01-14,1,Winter,18.536911995301047,Weekend,Holi,Morning,Urban,Strawberry,113,5085
2023-01-14,1,Winter,18.536911995301047,Weekend,Holi,Morning,Urban,Butterscotch,162,8910
2023-01-14,1,Winter,18.536911995301047,Weekend,Holi,Morning,Urban,Coffee,95,5700
2023-01-15,1,Winter,23.570185050706044,Weekend,None,Afternoon,Rural,Vanilla,90,3600
2023-01-15,1,Winter,23.570185050706044,Weekend,None,Afternoon,Rural,Chocolate,92,4600
2023-01-15,1,Winter,23.570185050706044,Weekend,None,Afternoon,Rural,Strawberry,78,3510
2023-01-15,1,Winter,23.570185050706044,Weekend,None,Afternoon,Rural,Butterscotch,119,6545
2023-01-15,1,Winter,23.570185050706044,Weekend,None,Afternoon,Rural,Coffee,84,5040
2023-01-16,1,Winter,24.935266336084105,Weekday,None,Afternoon,Urban,Vanilla,112,4480
2023-01-16,1,Winter,24.935266336084105,Weekday,None,Afternoon,Urban,Chocolate,146,7300
2023-01-16,1,Winter,24.935266336084105,Weekday,None,Afternoon,Urban,Strawberry,77,3465
2023-01-16,1,Winter,24.935266336084105,Weekday,None,Afternoon,Urban,Butterscotch,109,5995
2023-01-16,1,Winter,24.935266336084105,Weekday,None,Afternoon,Urban,Coffee,80,4800
2023-01-17,1,Winter,23.81567110305477,Weekday,None,Night,Urban,Vanilla,118,4720
2023-01-17,1,Winter,23.81567110305477,Weekday,None,Night,Urban,Chocolate,155,7750
2023-01-17,1,Winter,23.81567110305477,Weekday,None,Night,Urban,Strawberry,82,3690
2023-01-17,1,Winter,23.81567110305477,Weekday,None,Night,Urban,Butterscotch,88,4840
2023-01-17,1,Winter,23.81567110305477,Weekday,None,Night,Urban,Coffee,52,3120
2023-01-18,1,Winter,24.138136086583994,Weekday,None,Afternoon,Rural,Vanilla,49,1960
2023-01-18,1,Winter,24.138136086583994,Weekday,None,Afternoon,Rural,Chocolate,106,5300
2023-01-18,1,Winter,24.138136086583994,Weekday,None,Afternoon,Rural,Strawberry,77,3465
2023-01-18,1,Winter,24.138136086583994,Weekday,None,Afternoon,Rural,Butterscotch,107,5885
2023-01-18,1,Winter,24.138136086583994,Weekday,None,Afternoon,Rural,Coffee,66,3960
2023-01-19,1,Winter,23.990343187454535,Weekday,Christmas,Night,Urban,Vanilla,126,5040
2023-01-19,1,Winter,23.990343187454535,Weekday,Christmas,Night,Urban,Chocolate,177,8850
2023-01-19,1,Winter,23.990343187454535,Weekday,Christmas,Night,Urban,Strawberry,130,5850
2023-01-19,1,Winter,23.990343187454535,Weekday,Christmas,Night,Urban,Butterscotch,168,9240
2023-01-19,1,Winter,23.990343187454535,Weekday,Christmas,Night,Urban,Coffee,91,5460
2023-01-20,1,Winter,27.00167233465341,Weekday,None,Evening,Urban,Vanilla,163,6520
2023-01-20,1,Winter,27.00167233465341,Weekday,None,Evening,Urban,Chocolate,182,9100
2023-01-20,1,Winter,27.00167233465341,Weekday,None,Evening,Urban,Strawberry,115,5175
2023-01-20,1,Winter,27.00167233465341,Weekday,None,Evening,Urban,Butterscotch,166,9130
2023-01-20,1,Winter,27.00167233465341,Weekday,None,Evening,Urban,Coffee,97,5820
2023-01-21,1,Winter,23.855890360329226,Weekend,Holi,Afternoon,Rural,Vanilla,111,4440
2023-01-21,1,Winter,23.855890360329226,Weekend,Holi,Afternoon,Rural,Chocolate,162,8100
2023-01-21,1,Winter,23.855890360329226,Weekend,Holi,Afternoon,Rural,Strawberry,103,4635
2023-01-21,1,Winter,23.855890360329226,Weekend,Holi,Afternoon,Rural,Butterscotch,132,7260
2023-01-21,1,Winter,23.855890360329226,Weekend,Holi,Afternoon,Rural,Coffee,123,7380
2023-01-22,1,Winter,24.338047011715997,Weekend,Diwali,Evening,Urban,Vanilla,187,7480
2023-01-22,1,Winter,24.338047011715997,Weekend,Diwali,Evening,Urban,Chocolate,222,11100
2023-01-22,1,Winter,24.338047011715997,Weekend,Diwali,Evening,Urban,Strawberry,164,7380
2023-01-22,1,Winter,24.338047011715997,Weekend,Diwali,Evening,Urban,Butterscotch,207,11385
2023-01-22,1,Winter,24.338047011715997,Weekend,Diwali,Evening,Urban,Coffee,146,8760
2023-01-23,1,Winter,26.329868660895826,Weekday,None,Afternoon,Urban,Vanilla,75,3000
2023-01-23,1,Winter,26.329868660895826,Weekday,None,Afternoon,Urban,Chocolate,133,6650
2023-01-23,1,Winter,26.329868660895826,Weekday,None,Afternoon,Urban,Strawberry,112,5040
2023-01-23,1,Winter,26.329868660895826,Weekday,None,Afternoon,Urban,Butterscotch,120,6600
2023-01-23,1,Winter,26.329868660895826,Weekday,None,Afternoon,Urban,Coffee,130,7800
2023-01-24,1,Winter,16.994202223365413,Weekday,Summer Vacation,Afternoon,Rural,Vanilla,106,4240
2023-01-24,1,Winter,16.994202223365413,Weekday,Summer Vacation,Afternoon,Rural,Chocolate,94,4700
2023-01-24,1,Winter,16.994202223365413,Weekday,Summer Vacation,Afternoon,Rural,Strawberry,97,4365
2023-01-24,1,Winter,16.994202223365413,Weekday,Summer Vacation,Afternoon,Rural,Butterscotch,128,7040
2023-01-24,1,Winter,16.994202223365413,Weekday,Summer Vacation,Afternoon,Rural,Coffee,76,4560
2023-01-25,1,Winter,22.333830304159825,Weekday,None,Evening,Urban,Vanilla,129,5160
2023-01-25,1,Winter,22.333830304159825,Weekday,None,Evening,Urban,Chocolate,139,6950
2023-01-25,1,Winter,22.333830304159825,Weekday,None,Evening,Urban,Strawberry,103,4635
2023-01-25,1,Winter,22.333830304159825,Weekday,None,Evening,Urban,Butterscotch,157,8635
2023-01-25,1,Winter,22.333830304159825,Weekday,None,Evening,Urban,Coffee,123,7380
2023-01-26,1,Winter,21.285668691063837,Weekday,None,Afternoon,Rural,Vanilla,69,2760
2023-01-26,1,Winter,21.285668691063837,Weekday,None,Afternoon,Rural,Chocolate,53,2650
2023-01-26,1,Winter,21.285668691063837,Weekday,None,Afternoon,Rural,Strawberry,72,3240
2023-01-26,1,Winter,21.285668691063837,Weekday,None,Afternoon,Rural,Butterscotch,64,3520
2023-01-26,1,Winter,21.285668691063837,Weekday,None,Afternoon,Rural,Coffee,59,3540
2023-01-27,1,Winter,26.605446160022645,Weekday,Diwali,Morning,Rural,Vanilla,109,4360
2023-01-27,1,Winter,26.605446160022645,Weekday,Diwali,Morning,Rural,Chocolate,130,6500
2023-01-27,1,Winter,26.605446160022645,Weekday,Diwali,Morning,Rural,Strawberry,128,5760
2023-01-27,1,Winter,26.605446160022645,Weekday,Diwali,Morning,Rural,Butterscotch,149,8195
2023-01-27,1,Winter,26.605446160022645,Weekday,Diwali,Morning,Rural,Coffee,97,5820
2023-01-28,1,Winter,22.23879358712811,Weekend,None,Morning,Urban,Vanilla,125,5000
2023-01-28,1,Winter,22.23879358712811,Weekend,None,Morning,Urban,Chocolate,161,8050
2023-01-28,1,Winter,22.23879358712811,Weekend,None,Morning,Urban,Strawberry,81,3645
2023-01-28,1,Winter,22.23879358712811,Weekend,None,Morning,Urban,Butterscotch,107,5885
2023-01-28,1,Winter,22.23879358712811,Weekend,None,Morning,Urban,Coffee,84,5040
2023-01-29,1,Winter,21.151339838441125,Weekend,None,Afternoon,Urban,Vanilla,104,4160
2023-01-29,1,Winter,21.151339838441125,Weekend,None,Afternoon,Urban,Chocolate,157,7850
2023-01-29,1,Winter,21.151339838441125,Weekend,None,Afternoon,Urban,Strawberry,64,2880
2023-01-29,1,Winter,21.151339838441125,Weekend,None,Afternoon,Urban,Butterscotch,143,7865
2023-01-29,1,Winter,21.151339838441125,Weekend,None,Afternoon,Urban,Coffee,95,5700
2023-01-30,1,Winter,18.378935056428354,Weekday,None,Evening,Urban,Vanilla,99,3960
2023-01-30,1,Winter,18.378935056428354,Weekday,None,Evening,Urban,Chocolate,126,6300
2023-01-30,1,Winter,18.378935056428354,Weekday,None,Evening,Urban,Strawberry,97,4365
2023-01-30,1,Winter,18.378935056428354,Weekday,None,Evening,Urban,Butterscotch,112,6160
2023-01-30,1,Winter,18.378935056428354,Weekday,None,Evening,Urban,Coffee,97,5820
2023-01-31,1,Winter,27.196147874104245,Weekday,None,Evening,Rural,Vanilla,127,5080
2023-01-31,1,Winter,27.196147874104245,Weekday,None,Evening,Rural,Chocolate,166,8300
2023-01-31,1,Winter,27.196147874104245,Weekday,None,Evening,Rural,Strawberry,104,4680
2023-01-31,1,Winter,27.196147874104245,Weekday,None,Evening,Rural,Butterscotch,110,6050
2023-01-31,1,Winter,27.196147874104245,Weekday,None,Evening,Rural,Coffee,100,6000
2023-02-01,2,Winter,28.25814114861134,Weekday,Summer Vacation,Afternoon,Rural,Vanilla,109,4360
2023-02-01,2,Winter,28.25814114861134,Weekday,Summer Vacation,Afternoon,Rural,Chocolate,188,9400
2023-02-01,2,Winter,28.25814114861134,Weekday,Summer Vacation,Afternoon,Rural,Strawberry,102,4590
2023-02-01,2,Winter,28.25814114861134,Weekday,Summer Vacation,Afternoon,Rural,Butterscotch,124,6820
2023-02-01,2,Winter,28.25814114861134,Weekday,Summer Vacation,Afternoon,Rural,Coffee,101,6060
2023-02-02,2,Winter,25.541472633918882,Weekday,None,Evening,Urban,Vanilla,170,6800
2023-02-02,2,Winter,25.541472633918882,Weekday,None,Evening,Urban,Chocolate,163,8150
2023-02-02,2,Winter,25.541472633918882,Weekday,None,Evening,Urban,Strawberry,114,5130
2023-02-02,2,Winter,25.541472633918882,Weekday,None,Evening,Urban,Butterscotch,133,7315
2023-02-02,2,Winter,25.541472633918882,Weekday,None,Evening,Urban,Coffee,121,7260
2023-02-03,2,Winter,24.741314864156756,Weekday,None,Evening,Rural,Vanilla,86,3440
2023-02-03,2,Winter,24.741314864156756,Weekday,None,Evening,Rural,Chocolate,119,5950
2023-02-03,2,Winter,24.741314864156756,Weekday,None,Evening,Rural,Strawberry,118,5310
2023-02-03,2,Winter,24.741314864156756,Weekday,None,Evening,Rural,Butterscotch,112,6160
2023-02-03,2,Winter,24.741314864156756,Weekday,None,Evening,Rural,Coffee,119,7140
2023-02-04,2,Winter,23.79621704797942,Weekend,None,Afternoon,Urban,Vanilla,107,4280
2023-02-04,2,Winter,23.79621704797942,Weekend,None,Afternoon,Urban,Chocolate,130,6500
2023-02-04,2,Winter,23.79621704797942,Weekend,None,Afternoon,Urban,Strawberry,127,5715
2023-02-04,2,Winter,23.79621704797942,Weekend,None,Afternoon,Urban,Butterscotch,119,6545
2023-02-04,2,Winter,23.79621704797942,Weekend,None,Afternoon,Urban,Coffee,121,7260
2023-02-05,2,Winter,21.14684605118047,Weekend,None,Night,Urban,Vanilla,137,5480
2023-02-05,2,Winter,21.14684605118047,Weekend,None,Night,Urban,Chocolate,139,6950
2023-02-05,2,Winter,21.14684605118047,Weekend,None,Night,Urban,Strawberry,87,3915
2023-02-05,2,Winter,21.14684605118047,Weekend,None,Night,Urban,Butterscotch,123,6765
2023-02-05,2,Winter,21.14684605118047,Weekend,None,Night,Urban,Coffee,95,5700
2023-02-06,2,Winter,21.45584379067214,Weekday,None,Afternoon,Urban,Vanilla,86,3440
2023-02-06,2,Winter,21.45584379067214,Weekday,None,Afternoon,Urban,Chocolate,95,4750
2023-02-06,2,Winter,21.45584379067214,Weekday,None,Afternoon,Urban,Strawberry,59,2655
2023-02-06,2,Winter,21.45584379067214,Weekday,None,Afternoon,Urban,Butterscotch,76,4180
2023-02-06,2,Winter,21.45584379067214,Weekday,None,Afternoon,Urban,Coffee,55,3300
2023-02-07,2,Winter,19.87293712710853,Weekday,None,Morning,Urban,Vanilla,118,4720
2023-02-07,2,Winter,19.87293712710853,Weekday,None,Morning,Urban,Chocolate,110,5500
2023-02-07,2,Winter,19.87293712710853,Weekday,None,Morning,Urban,Strawberry,88,3960
2023-02-07,2,Winter,19.87293712710853,Weekday,None,Morning,Urban,Butterscotch,135,7425
2023-02-07,2,Winter,19.87293712710853,Weekday,None,Morning,Urban,Coffee,63,3780
2023-02-08,2,Winter,16.60978596106584,Weekday,None,Morning,Urban,Vanilla,102,4080
2023-02-08,2,Winter,16.60978596106584,Weekday,None,Morning,Urban,Chocolate,103,5150
2023-02-08,2,Winter,16.60978596106584,Weekday,None,Morning,Urban,Strawberry,60,2700
2023-02-08,2,Winter,16.60978596106584,Weekday,None,Morning,Urban,Butterscotch,120,6600
2023-02-08,2,Winter,16.60978596106584,Weekday,None,Morning,Urban,Coffee,81,4860
2023-02-09,2,Winter,22.637722091896645,Weekday,None,Evening,Urban,Vanilla,143,5720
2023-02-09,2,Winter,22.637722091896645,Weekday,None,Evening,Urban,Chocolate,155,7750
2023-02-09,2,Winter,22.637722091896645,Weekday,None,Evening,Urban,Strawberry,103,4635
2023-02-09,2,Winter,22.637722091896645,Weekday,None,Evening,Urban,Butterscotch,137,7535
2023-02-09,2,Winter,22.637722091896645,Weekday,None,Evening,Urban,Coffee,114,6840
2023-02-10,2,Winter,19.687788820897413,Weekday,None,Afternoon,Urban,Vanilla,82,3280
2023-02-10,2,Winter,19.687788820897413,Weekday,None,Afternoon,Urban,Chocolate,114,5700
2023-02-10,2,Winter,19.687788820897413,Weekday,None,Afternoon,Urban,Strawberry,102,4590
2023-02-10,2,Winter,19.687788820897413,Weekday,None,Afternoon,Urban,Butterscotch,132,7260
2023-02-10,2,Winter,19.687788820897413,Weekday,None,Afternoon,Urban,Coffee,65,3900
2023-02-11,2,Winter,23.4742883581606,Weekend,Summer Vacation,Night,Urban,Vanilla,163,6520
2023-02-11,2,Winter,23.4742883581606,Weekend,Summer Vacation,Night,Urban,Chocolate,194,9700
2023-02-11,2,Winter,23.4742883581606,Weekend,Summer Vacation,Night,Urban,Strawberry,127,5715
2023-02-11,2,Winter,23.4742883581606,Weekend,Summer Vacation,Night,Urban,Butterscotch,169,9295
2023-02-11,2,Winter,23.4742883581606,Weekend,Summer Vacation,Night,Urban,Coffee,116,6960
2023-02-12,2,Winter,29.900613820094815,Weekend,None,Evening,Rural,Vanilla,152,6080
2023-02-12,2,Winter,29.900613820094815,Weekend,None,Evening,Rural,Chocolate,163,8150
2023-02-12,2,Winter,29.900613820094815,Weekend,None,Evening,Rural,Strawberry,124,5580
2023-02-12,2,Winter,29.900613820094815,Weekend,None,Evening,Rural,Butterscotch,189,10395
2023-02-12,2,Winter,29.900613820094815,Weekend,None,Evening,Rural,Coffee,103,6180
2023-02-13,2,Winter,20.349654151190382,Weekday,None,Night,Urban,Vanilla,88,3520
2023-02-13,2,Winter,20.349654151190382,Weekday,None,Night,Urban,Chocolate,104,5200
2023-02-13,2,Winter,20.349654151190382,Weekday,None,Night,Urban,Strawberry,60,2700
2023-02-13,2,Winter,20.349654151190382,Weekday,None,Night,Urban,Butterscotch,105,5775
2023-02-13,2,Winter,20.349654151190382,Weekday,None,Night,Urban,Coffee,90,5400
2023-02-14,2,Winter,25.42439295391675,Weekday,None,Evening,Urban,Vanilla,127,5080
2023-02-14,2,Winter,25.42439295391675,Weekday,None,Evening,Urban,Chocolate,170,8500
2023-02-14,2,Winter,25.42439295391675,Weekday,None,Evening,Urban,Strawberry,142,6390
2023-02-14,2,Winter,25.42439295391675,Weekday,None,Evening,Urban,Butterscotch,157,8635
2023-02-14,2,Winter,25.42439295391675,Weekday,None,Evening,Urban,Coffee,107,6420
2023-02-15,2,Winter,28.817304161340644,Weekday,None,Evening,Urban,Vanilla,159,6360
2023-02-15,2,Winter,28.817304161340644,Weekday,None,Evening,Urban,Chocolate,196,9800
2023-02-15,2,Winter,28.817304161340644,Weekday,None,Evening,Urban,Strawberry,140,6300
2023-02-15,2,Winter,28.817304161340644,Weekday,None,Evening,Urban,Butterscotch,137,7535
2023-02-15,2,Winter,28.817304161340644,Weekday,None,Evening,Urban,Coffee,119,7140
2023-02-16,2,Winter,20.22247130436121,Weekday,Summer Vacation,Afternoon,Urban,Vanilla,129,5160
2023-02-16,2,Winter,20.22247130436121,Weekday,Summer Vacation,Afternoon,Urban,Chocolate,143,7150
2023-02-16,2,Winter,20.22247130436121,Weekday,Summer Vacation,Afternoon,Urban,Strawberry,94,4230
2023-02-16,2,Winter,20.22247130436121,Weekday,Summer Vacation,Afternoon,Urban,Butterscotch,136,7480
2023-02-16,2,Winter,20.22247130436121,Weekday,Summer Vacation,Afternoon,Urban,Coffee,92,5520
2023-02-17,2,Winter,13.211653929993195,Weekday,Summer Vacation,Evening,Urban,Vanilla,165,6600
2023-02-17,2,Winter,13.211653929993195,Weekday,Summer Vacation,Evening,Urban,Chocolate,150,7500
2023-02-17,2,Winter,13.211653929993195,Weekday,Summer Vacation,Evening,Urban,Strawberry,121,5445
2023-02-17,2,Winter,13.211653929993195,Weekday,Summer Vacation,Evening,Urban,Butterscotch,149,8195
2023-02-17,2,Winter,13.211653929993195,Weekday,Summer Vacation,Evening,Urban,Coffee,96,5760
2023-02-18,2,Winter,25.0403674652233,Weekend,Holi,Night,Urban,Vanilla,162,6480
2023-02-18,2,Winter,25.0403674652233,Weekend,Holi,Night,Urban,Chocolate,194,9700
2023-02-18,2,Winter,25.0403674652233,Weekend,Holi,Night,Urban,Strawberry,124,5580
2023-02-18,2,Winter,25.0403674652233,Weekend,Holi,Night,Urban,Butterscotch,169,9295
2023-02-18,2,Winter,25.0403674652233,Weekend,Holi,Night,Urban,Coffee,130,7800
2023-02-19,2,Winter,20.63635684376967,Weekend,Summer Vacation,Morning,Urban,Vanilla,143,5720
2023-02-19,2,Winter,20.63635684376967,Weekend,Summer Vacation,Morning,Urban,Chocolate,151,7550
2023-02-19,2,Winter,20.63635684376967,Weekend,Summer Vacation,Morning,Urban,Strawberry,134,6030
2023-02-19,2,Winter,20.63635684376967,Weekend,Summer Vacation,Morning,Urban,Butterscotch,166,9130
2023-02-19,2,Winter,20.63635684376967,Weekend,Summer Vacation,Morning,Urban,Coffee,119,7140
2023-02-20,2,Winter,20.998663387483337,Weekday,Diwali,Morning,Urban,Vanilla,112,4480
2023-02-20,2,Winter,20.998663387483337,Weekday,Diwali,Morning,Urban,Chocolate,170,8500
2023-02-20,2,Winter,20.998663387483337,Weekday,Diwali,Morning,Urban,Strawberry,135,6075
2023-02-20,2,Winter,20.998663387483337,Weekday,Diwali,Morning,Urban,Butterscotch,136,7480
2023-02-20,2,Winter,20.998663387483337,Weekday,Diwali,Morning,Urban,Coffee,63,3780
2023-02-21,2,Winter,20.91606831409813,Weekday,Christmas,Afternoon,Urban,Vanilla,126,5040
2023-02-21,2,Winter,20.91606831409813,Weekday,Christmas,Afternoon,Urban,Chocolate,154,7700
2023-02-21,2,Winter,20.91606831409813,Weekday,Christmas,Afternoon,Urban,Strawberry,122,5490
2023-02-21,2,Winter,20.91606831409813,Weekday,Christmas,Afternoon,Urban,Butterscotch,126,6930
2023-02-21,2,Winter,20.91606831409813,Weekday,Christmas,Afternoon,Urban,Coffee,119,7140
2023-02-22,2,Winter,17.81850686856123,Weekday,None,Afternoon,Urban,Vanilla,74,2960
2023-02-22,2,Winter,17.81850686856123,Weekday,None,Afternoon,Urban,Chocolate,107,5350
2023-02-22,2,Winter,17.81850686856123,Weekday,None,Afternoon,Urban,Strawberry,104,4680
2023-02-22,2,Winter,17.81850686856123,Weekday,None,Afternoon,Urban,Butterscotch,104,5720
2023-02-22,2,Winter,17.81850686856123,Weekday,None,Afternoon,Urban,Coffee,66,3960
2023-02-23,2,Winter,21.450548586840117,Weekday,None,Evening,Urban,Vanilla,119,4760
2023-02-23,2,Winter,21.450548586840117,Weekday,None,Evening,Urban,Chocolate,156,7800
2023-02-23,2,Winter,21.450548586840117,Weekday,None,Evening,Urban,Strawberry,106,4770
2023-02-23,2,Winter,21.450548586840117,Weekday,None,Evening,Urban,Butterscotch,129,7095
2023-02-23,2,Winter,21.450548586840117,Weekday,None,Evening,Urban,Coffee,108,6480
2023-02-24,2,Winter,17.418112928716575,Weekday,None,Afternoon,Rural,Vanilla,31,1240
2023-02-24,2,Winter,17.418112928716575,Weekday,None,Afternoon,Rural,Chocolate,87,4350
2023-02-24,2,Winter,17.418112928716575,Weekday,None,Afternoon,Rural,Strawberry,38,1710
2023-02-24,2,Winter,17.418112928716575,Weekday,None,Afternoon,Rural,Butterscotch,88,4840
2023-02-24,2,Winter,17.418112928716575,Weekday,None,Afternoon,Rural,Coffee,19,1140
2023-02-25,2,Winter,23.304310193670673,Weekend,None,Morning,Rural,Vanilla,102,4080
2023-02-25,2,Winter,23.304310193670673,Weekend,None,Morning,Rural,Chocolate,110,5500
2023-02-25,2,Winter,23.304310193670673,Weekend,None,Morning,Rural,Strawberry,69,3105
2023-02-25,2,Winter,23.304310193670673,Weekend,None,Morning,Rural,Butterscotch,71,3905
2023-02-25,2,Winter,23.304310193670673,Weekend,None,Morning,Rural,Coffee,92,5520
2023-02-26,2,Winter,22.471775310355895,Weekend,None,Evening,Urban,Vanilla,147,5880
2023-02-26,2,Winter,22.471775310355895,Weekend,None,Evening,Urban,Chocolate,168,8400
2023-02-26,2,Winter,22.471775310355895,Weekend,None,Evening,Urban,Strawberry,115,5175
2023-02-26,2,Winter,22.471775310355895,Weekend,None,Evening,Urban,Butterscotch,159,8745
2023-02-26,2,Winter,22.471775310355895,Weekend,None,Evening,Urban,Coffee,148,8880
2023-02-27,2,Winter,16.50495325838192,Weekday,Summer Vacation,Evening,Urban,Vanilla,128,5120
2023-02-27,2,Winter,16.50495325838192,Weekday,Summer Vacation,Evening,Urban,Chocolate,211,10550
2023-02-27,2,Winter,16.50495325838192,Weekday,Summer Vacation,Evening,Urban,Strawberry,109,4905
2023-02-27,2,Winter,16.50495325838192,Weekday,Summer Vacation,Evening,Urban,Butterscotch,138,7590
2023-02-27,2,Winter,16.50495325838192,Weekday,Summer Vacation,Evening,Urban,Coffee,120,7200
2023-02-28,2,Winter,25.614023319981115,Weekday,None,Afternoon,Urban,Vanilla,97,3880
2023-02-28,2,Winter,25.614023319981115,Weekday,None,Afternoon,Urban,Chocolate,148,7400
2023-02-28,2,Winter,25.614023319981115,Weekday,None,Afternoon,Urban,Strawberry,100,4500
2023-02-28,2,Winter,25.614023319981115,Weekday,None,Afternoon,Urban,Butterscotch,127,6985
2023-02-28,2,Winter,25.614023319981115,Weekday,None,Afternoon,Urban,Coffee,107,6420
2023-03-01,3,Summer,34.66525925145935,Weekday,None,Afternoon,Urban,Vanilla,173,6920
2023-03-01,3,Summer,34.66525925145935,Weekday,None,Afternoon,Urban,Chocolate,181,9050
2023-03-01,3,Summer,34.66525925145935,Weekday,None,Afternoon,Urban,Strawberry,158,7110
2023-03-01,3,Summer,34.66525925145935,Weekday,None,Afternoon,Urban,Butterscotch,191,10505
2023-03-01,3,Summer,34.66525925145935,Weekday,None,Afternoon,Urban,Coffee,135,8100
2023-03-02,3,Summer,40.98178927136495,Weekday,None,Evening,Urban,Vanilla,209,8360
2023-03-02,3,Summer,40.98178927136495,Weekday,None,Evening,Urban,Chocolate,265,13250
2023-03-02,3,Summer,40.98178927136495,Weekday,None,Evening,Urban,Strawberry,181,8145
2023-03-02,3,Summer,40.98178927136495,Weekday,None,Evening,Urban,Butterscotch,248,13640
2023-03-02,3,Summer,40.98178927136495,Weekday,None,Evening,Urban,Coffee,167,10020
2023-03-03,3,Summer,31.43023488506434,Weekday,None,Night,Urban,Vanilla,182,7280
2023-03-03,3,Summer,31.43023488506434,Weekday,None,Night,Urban,Chocolate,211,10550
2023-03-03,3,Summer,31.43023488506434,Weekday,None,Night,Urban,Strawberry,150,6750
2023-03-03,3,Summer,31.43023488506434,Weekday,None,Night,Urban,Butterscotch,199,10945
2023-03-03,3,Summer,31.43023488506434,Weekday,None,Night,Urban,Coffee,137,8220
2023-03-04,3,Summer,42.67639420849367,Weekend,Summer Vacation,Evening,Rural,Vanilla,251,10040
2023-03-04,3,Summer,42.67639420849367,Weekend,Summer Vacation,Evening,Rural,Chocolate,297,14850
2023-03-04,3,Summer,42.67639420849367,Weekend,Summer Vacation,Evening,Rural,Strawberry,222,9990
2023-03-04,3,Summer,42.67639420849367,Weekend,Summer Vacation,Evening,Rural,Butterscotch,271,14905
2023-03-04,3,Summer,42.67639420849367,Weekend,Summer Vacation,Evening,Rural,Coffee,190,11400
2023-03-05,3,Summer,44.37431420905089,Weekend,Navratri,Evening,Urban,Vanilla,308,12320
2023-03-05,3,Summer,44.37431420905089,Weekend,Navratri,Evening,Urban,Chocolate,323,16150
2023-03-05,3,Summer,44.37431420905089,Weekend,Navratri,Evening,Urban,Strawberry,260,11700
2023-03-05,3,Summer,44.37431420905089,Weekend,Navratri,Evening,Urban,Butterscotch,306,16830
2023-03-05,3,Summer,44.37431420905089,Weekend,Navratri,Evening,Urban,Coffee,207,12420
2023-03-06,3,Summer,42.01076131269414,Weekday,Diwali,Night,Rural,Vanilla,223,8920
2023-03-06,3,Summer,42.01076131269414,Weekday,Diwali,Night,Rural,Chocolate,281,14050
2023-03-06,3,Summer,42.01076131269414,Weekday,Diwali,Night,Rural,Strawberry,163,7335
2023-03-06,3,Summer,42.01076131269414,Weekday,Diwali,Night,Rural,Butterscotch,245,13475
2023-03-06,3,Summer,42.01076131269414,Weekday,Diwali,Night,Rural,Coffee,182,10920
2023-03-07,3,Summer,35.0798634859189,Weekday,None,Morning,Rural,Vanilla,165,6600
2023-03-07,3,Summer,35.0798634859189,Weekday,None,Morning,Rural,Chocolate,176,8800
2023-03-07,3,Summer,35.0798634859189,Weekday,None,Morning,Rural,Strawberry,141,6345
2023-03-07,3,Summer,35.0798634859189,Weekday,None,Morning,Rural,Butterscotch,158,8690
2023-03-07,3,Summer,35.0798634859189,Weekday,None,Morning,Rural,Coffee,114,6840
2023-03-08,3,Summer,38.00055999390492,Weekday,None,Afternoon,Urban,Vanilla,201,8040
2023-03-08,3,Summer,38.00055999390492,Weekday,None,Afternoon,Urban,Chocolate,209,10450
2023-03-08,3,Summer,38.00055999390492,Weekday,None,Afternoon,Urban,Strawberry,181,8145
2023-03-08,3,Summer,38.00055999390492,Weekday,None,Afternoon,Urban,Butterscotch,182,10010
2023-03-08,3,Summer,38.00055999390492,Weekday,None,Afternoon,Urban,Coffee,140,8400
2023-03-09,3,Summer,38.1020822332167,Weekday,None,Afternoon,Rural,Vanilla,160,6400
2023-03-09,3,Summer,38.1020822332167,Weekday,None,Afternoon,Rural,Chocolate,202,10100
2023-03-09,3,Summer,38.1020822332167,Weekday,None,Afternoon,Rural,Strawberry,159,7155
2023-03-09,3,Summer,38.1020822332167,Weekday,None,Afternoon,Rural,Butterscotch,173,9515
2023-03-09,3,Summer,38.1020822332167,Weekday,None,Afternoon,Rural,Coffee,133,7980
2023-03-10,3,Summer,39.14589937257229,Weekday,None,Evening,Rural,Vanilla,180,7200
2023-03-10,3,Summer,39.14589937257229,Weekday,None,Evening,Rural,Chocolate,201,10050
2023-03-10,3,Summer,39.14589937257229,Weekday,None,Evening,Rural,Strawberry,173,7785
2023-03-10,3,Summer,39.14589937257229,Weekday,None,Evening,Rural,Butterscotch,240,13200
2023-03-10,3,Summer,39.14589937257229,Weekday,None,Evening,Rural,Coffee,139,8340
2023-03-11,3,Summer,35.497030863525254,Weekend,None,Afternoon,Urban,Vanilla,207,8280
2023-03-11,3,Summer,35.497030863525254,Weekend,None,Afternoon,Urban,Chocolate,237,11850
2023-03-11,3,Summer,35.497030863525254,Weekend,None,Afternoon,Urban,Strawberry,177,7965
2023-03-11,3,Summer,35.497030863525254,Weekend,None,Afternoon,Urban,Butterscotch,236,12980
2023-03-11,3,Summer,35.497030863525254,Weekend,None,Afternoon,Urban,Coffee,146,8760
2023-03-12,3,Summer,33.47543643693821,Weekend,Christmas,Evening,Urban,Vanilla,238,9520
2023-03-12,3,Summer,33.47543643693821,Weekend,Christmas,Evening,Urban,Chocolate,294,14700
2023-03-12,3,Summer,33.47543643693821,Weekend,Christmas,Evening,Urban,Strawberry,213,9585
2023-03-12,3,Summer,33.47543643693821,Weekend,Christmas,Evening,Urban,Butterscotch,284,15620
2023-03-12,3,Summer,33.47543643693821,Weekend,Christmas,Evening,Urban,Coffee,207,12420
2023-03-13,3,Summer,40.34862120484572,Weekday,Summer Vacation,Evening,Rural,Vanilla,224,8960
2023-03-13,3,Summer,40.34862120484572,Weekday,Summer Vacation,Evening,Rural,Chocolate,282,14100
2023-03-13,3,Summer,40.34862120484572,Weekday,Summer Vacation,Evening,Rural,Strawberry,210,9450
2023-03-13,3,Summer,40.34862120484572,Weekday,Summer Vacation,Evening,Rural,Butterscotch,237,13035
2023-03-13,3,Summer,40.34862120484572,Weekday,Summer Vacation,Evening,Rural,Coffee,203,12180
2023-03-14,3,Summer,44.662051389749344,Weekday,None,Morning,Urban,Vanilla,204,8160
2023-03-14,3,Summer,44.662051389749344,Weekday,None,Morning,Urban,Chocolate,250,12500
2023-03-14,3,Summer,44.662051389749344,Weekday,None,Morning,Urban,Strawberry,188,8460
2023-03-14,3,Summer,44.662051389749344,Weekday,None,Morning,Urban,Butterscotch,242,13310
2023-03-14,3,Summer,44.662051389749344,Weekday,None,Morning,Urban,Coffee,144,8640
2023-03-15,3,Summer,40.19414075772498,Weekday,None,Afternoon,Rural,Vanilla,174,6960
2023-03-15,3,Summer,40.19414075772498,Weekday,None,Afternoon,Rural,Chocolate,204,10200
2023-03-15,3,Summer,40.19414075772498,Weekday,None,Afternoon,Rural,Strawberry,138,6210
2023-03-15,3,Summer,40.19414075772498,Weekday,None,Afternoon,Rural,Butterscotch,194,10670
2023-03-15,3,Summer,40.19414075772498,Weekday,None,Afternoon,Rural,Coffee,149,8940
2023-03-16,3,Summer,39.66009070631787,Weekday,None,Morning,Urban,Vanilla,183,7320
2023-03-16,3,Summer,39.66009070631787,Weekday,None,Morning,Urban,Chocolate,244,12200
2023-03-16,3,Summer,39.66009070631787,Weekday,None,Morning,Urban,Strawberry,168,7560
2023-03-16,3,Summer,39.66009070631787,Weekday,None,Morning,Urban,Butterscotch,191,10505
2023-03-16,3,Summer,39.66009070631787,Weekday,None,Morning,Urban,Coffee,145,8700
2023-03-17,3,Summer,38.53608415043143,Weekday,None,Evening,Urban,Vanilla,234,9360
2023-03-17,3,Summer,38.53608415043143,Weekday,None,Evening,Urban,Chocolate,245,12250
2023-03-17,3,Summer,38.53608415043143,Weekday,None,Evening,Urban,Strawberry,228,10260
2023-03-17,3,Summer,38.53608415043143,Weekday,None,Evening,Urban,Butterscotch,242,13310
2023-03-17,3,Summer,38.53608415043143,Weekday,None,Evening,Urban,Coffee,178,10680
2023-03-18,3,Summer,36.22078359670331,Weekend,None,Evening,Rural,Vanilla,208,8320
2023-03-18,3,Summer,36.22078359670331,Weekend,None,Evening,Rural,Chocolate,257,12850
2023-03-18,3,Summer,36.22078359670331,Weekend,None,Evening,Rural,Strawberry,178,8010
2023-03-18,3,Summer,36.22078359670331,Weekend,None,Evening,Rural,Butterscotch,215,11825
2023-03-18,3,Summer,36.22078359670331,Weekend,None,Evening,Rural,Coffee,167,10020
2023-03-19,3,Summer,40.79938421702321,Weekend,None,Night,Urban,Vanilla,209,8360
2023-03-19,3,Summer,40.79938421702321,Weekend,None,Night,Urban,Chocolate,234,11700
2023-03-19,3,Summer,40.79938421702321,Weekend,None,Night,Urban,Strawberry,203,9135
2023-03-19,3,Summer,40.79938421702321,Weekend,None,Night,Urban,Butterscotch,248,13640
2023-03-19,3,Summer,40.79938421702321,Weekend,None,Night,Urban,Coffee,158,9480
2023-03-20,3,Summer,34.93224394918373,Weekday,None,Evening,Urban,Vanilla,200,8000
2023-03-20,3,Summer,34.93224394918373,Weekday,None,Evening,Urban,Chocolate,224,11200
2023-03-20,3,Summer,34.93224394918373,Weekday,None,Evening,Urban,Strawberry,164,7380
2023-03-20,3,Summer,34.93224394918373,Weekday,None,Evening,Urban,Butterscotch,229,12595
2023-03-20,3,Summer,34.93224394918373,Weekday,None,Evening,Urban,Coffee,131,7860
2023-03-21,3,Summer,41.037912228932214,Weekday,Summer Vacation,Evening,Urban,Vanilla,255,10200
2023-03-21,3,Summer,41.037912228932214,Weekday,Summer Vacation,Evening,Urban,Chocolate,312,15600
2023-03-21,3,Summer,41.037912228932214,Weekday,Summer Vacation,Evening,Urban,Strawberry,223,10035
2023-03-21,3,Summer,41.037912228932214,Weekday,Summer Vacation,Evening,Urban,Butterscotch,260,14300
2023-03-21,3,Summer,41.037912228932214,Weekday,Summer Vacation,Evening,Urban,Coffee,232,13920
2023-03-22,3,Summer,42.197850023810155,Weekday,None,Evening,Urban,Vanilla,220,8800
2023-03-22,3,Summer,42.197850023810155,Weekday,None,Evening,Urban,Chocolate,253,12650
2023-03-22,3,Summer,42.197850023810155,Weekday,None,Evening,Urban,Strawberry,169,7605
2023-03-22,3,Summer,42.197850023810155,Weekday,None,Evening,Urban,Butterscotch,262,14410
2023-03-22,3,Summer,42.197850023810155,Weekday,None,Evening,Urban,Coffee,168,10080
2023-03-23,3,Summer,31.944536406834086,Weekday,None,Night,Urban,Vanilla,168,6720
2023-03-23,3,Summer,31.944536406834086,Weekday,None,Night,Urban,Chocolate,195,9750
2023-03-23,3,Summer,31.944536406834086,Weekday,None,Night,Urban,Strawberry,158,7110
2023-03-23,3,Summer,31.944536406834086,Weekday,None,Night,Urban,Butterscotch,161,8855
2023-03-23,3,Summer,31.944536406834086,Weekday,None,Night,Urban,Coffee,126,7560
2023-03-24,3,Summer,39.436456244639224,Weekday,Navratri,Morning,Urban,Vanilla,233,9320
2023-03-24,3,Summer,39.436456244639224,Weekday,Navratri,Morning,Urban,Chocolate,272,13600
2023-03-24,3,Summer,39.436456244639224,Weekday,Navratri,Morning,Urban,Strawberry,203,9135
2023-03-24,3,Summer,39.436456244639224,Weekday,Navratri,Morning,Urban,Butterscotch,230,12650
2023-03-24,3,Summer,39.436456244639224,Weekday,Navratri,Morning,Urban,Coffee,175,10500
2023-03-25,3,Summer,31.468804860671437,Weekend,None,Evening,Urban,Vanilla,217,8680
2023-03-25,3,Summer,31.468804860671437,Weekend,None,Evening,Urban,Chocolate,255,12750
2023-03-25,3,Summer,31.468804860671437,Weekend,None,Evening,Urban,Strawberry,186,8370
2023-03-25,3,Summer,31.468804860671437,Weekend,None,Evening,Urban,Butterscotch,227,12485
2023-03-25,3,Summer,31.468804860671437,Weekend,None,Evening,Urban,Coffee,187,11220
2023-03-26,3,Summer,43.71330052452422,Weekend,None,Night,Urban,Vanilla,212,8480
2023-03-26,3,Summer,43.71330052452422,Weekend,None,Night,Urban,Chocolate,269,13450
2023-03-26,3,Summer,43.71330052452422,Weekend,None,Night,Urban,Strawberry,198,8910
2023-03-26,3,Summer,43.71330052452422,Weekend,None,Night,Urban,Butterscotch,248,13640
2023-03-26,3,Summer,43.71330052452422,Weekend,None,Night,Urban,Coffee,176,10560
2023-03-27,3,Summer,35.56095688321961,Weekday,None,Night,Urban,Vanilla,189,7560
2023-03-27,3,Summer,35.56095688321961,Weekday,None,Night,Urban,Chocolate,216,10800
2023-03-27,3,Summer,35.56095688321961,Weekday,None,Night,Urban,Strawberry,150,6750
2023-03-27,3,Summer,35.56095688321961,Weekday,None,Night,Urban,Butterscotch,173,9515
2023-03-27,3,Summer,35.56095688321961,Weekday,None,Night,Urban,Coffee,133,7980
2023-03-28,3,Summer,36.42383339108916,Weekday,None,Morning,Rural,Vanilla,169,6760
2023-03-28,3,Summer,36.42383339108916,Weekday,None,Morning,Rural,Chocolate,173,8650
2023-03-28,3,Summer,36.42383339108916,Weekday,None,Morning,Rural,Strawberry,127,5715
2023-03-28,3,Summer,36.42383339108916,Weekday,None,Morning,Rural,Butterscotch,143,7865
2023-03-28,3,Summer,36.42383339108916,Weekday,None,Morning,Rural,Coffee,130,7800
2023-03-29,3,Summer,32.50656536498495,Weekday,None,Night,Rural,Vanilla,124,4960
2023-03-29,3,Summer,32.50656536498495,Weekday,None,Night,Rural,Chocolate,160,8000
2023-03-29,3,Summer,32.50656536498495,Weekday,None,Night,Rural,Strawberry,123,5535
2023-03-29,3,Summer,32.50656536498495,Weekday,None,Night,Rural,Butterscotch,140,7700
2023-03-29,3,Summer,32.50656536498495,Weekday,None,Night,Rural,Coffee,98,5880
2023-03-30,3,Summer,35.23825131798236,Weekday,None,Morning,Rural,Vanilla,143,5720
2023-03-30,3,Summer,35.23825131798236,Weekday,None,Morning,Rural,Chocolate,183,9150
2023-03-30,3,Summer,35.23825131798236,Weekday,None,Morning,Rural,Strawberry,155,6975
2023-03-30,3,Summer,35.23825131798236,Weekday,None,Morning,Rural,Butterscotch,174,9570
2023-03-30,3,Summer,35.23825131798236,Weekday,None,Morning,Rural,Coffee,114,6840
2023-03-31,3,Summer,38.77159691106778,Weekday,None,Evening,Urban,Vanilla,212,8480
2023-03-31,3,Summer,38.77159691106778,Weekday,None,Evening,Urban,Chocolate,249,12450
2023-03-31,3,Summer,38.77159691106778,Weekday,None,Evening,Urban,Strawberry,181,8145
2023-03-31,3,Summer,38.77159691106778,Weekday,None,Evening,Urban,Butterscotch,225,12375
2023-03-31,3,Summer,38.77159691106778,Weekday,None,Evening,Urban,Coffee,151,9060
2023-04-01,4,Summer,40.79823082503674,Weekend,Summer Vacation,Evening,Urban,Vanilla,243,9720
2023-04-01,4,Summer,40.79823082503674,Weekend,Summer Vacation,Evening,Urban,Chocolate,333,16650
2023-04-01,4,Summer,40.79823082503674,Weekend,Summer Vacation,Evening,Urban,Strawberry,220,9900
2023-04-01,4,Summer,40.79823082503674,Weekend,Summer Vacation,Evening,Urban,Butterscotch,314,17270
2023-04-01,4,Summer,40.79823082503674,Weekend,Summer Vacation,Evening,Urban,Coffee,234,14040
2023-04-02,4,Summer,35.01841197549544,Weekend,None,Morning,Urban,Vanilla,201,8040
2023-04-02,4,Summer,35.01841197549544,Weekend,None,Morning,Urban,Chocolate,226,11300
2023-04-02,4,Summer,35.01841197549544,Weekend,None,Morning,Urban,Strawberry,174,7830
2023-04-02,4,Summer,35.01841197549544,Weekend,None,Morning,Urban,Butterscotch,212,11660
2023-04-02,4,Summer,35.01841197549544,Weekend,None,Morning,Urban,Coffee,162,9720
2023-04-03,4,Summer,39.67191288134146,Weekday,Christmas,Evening,Urban,Vanilla,252,10080
2023-04-03,4,Summer,39.67191288134146,Weekday,Christmas,Evening,Urban,Chocolate,304,15200
2023-04-03,4,Summer,39.67191288134146,Weekday,Christmas,Evening,Urban,Strawberry,231,10395
2023-04-03,4,Summer,39.67191288134146,Weekday,Christmas,Evening,Urban,Butterscotch,269,14795
2023-04-03,4,Summer,39.67191288134146,Weekday,Christmas,Evening,Urban,Coffee,220,13200
2023-04-04,4,Summer,34.47147999033566,Weekday,None,Night,Urban,Vanilla,180,7200
2023-04-04,4,Summer,34.47147999033566,Weekday,None,Night,Urban,Chocolate,212,10600
2023-04-04,4,Summer,34.47147999033566,Weekday,None,Night,Urban,Strawberry,169,7605
2023-04-04,4,Summer,34.47147999033566,Weekday,None,Night,Urban,Butterscotch,172,9460
2023-04-04,4,Summer,34.47147999033566,Weekday,None,Night,Urban,Coffee,122,7320
2023-04-05,4,Summer,33.79427579685129,Weekday,None,Evening,Urban,Vanilla,221,8840
2023-04-05,4,Summer,33.79427579685129,Weekday,None,Evening,Urban,Chocolate,227,11350
2023-04-05,4,Summer,33.79427579685129,Weekday,None,Evening,Urban,Strawberry,176,7920
2023-04-05,4,Summer,33.79427579685129,Weekday,None,Evening,Urban,Butterscotch,212,11660
2023-04-05,4,Summer,33.79427579685129,Weekday,None,Evening,Urban,Coffee,150,9000
2023-04-06,4,Summer,40.93666867567034,Weekday,None,Evening,Urban,Vanilla,202,8080
2023-04-06,4,Summer,40.93666867567034,Weekday,None,Evening,Urban,Chocolate,260,13000
2023-04-06,4,Summer,40.93666867567034,Weekday,None,Evening,Urban,Strawberry,208,9360
2023-04-06,4,Summer,40.93666867567034,Weekday,None,Evening,Urban,Butterscotch,266,14630
2023-04-06,4,Summer,40.93666867567034,Weekday,None,Evening,Urban,Coffee,176,10560
2023-04-07,4,Summer,37.01617423919792,Weekday,None,Morning,Urban,Vanilla,193,7720
2023-04-07,4,Summer,37.01617423919792,Weekday,None,Morning,Urban,Chocolate,211,10550
2023-04-07,4,Summer,37.01617423919792,Weekday,None,Morning,Urban,Strawberry,160,7200
2023-04-07,4,Summer,37.01617423919792,Weekday,None,Morning,Urban,Butterscotch,178,9790
2023-04-07,4,Summer,37.01617423919792,Weekday,None,Morning,Urban,Coffee,153,9180
2023-04-08,4,Summer,35.828029004772176,Weekend,Navratri,Afternoon,Urban,Vanilla,229,9160
2023-04-08,4,Summer,35.828029004772176,Weekend,Navratri,Afternoon,Urban,Chocolate,263,13150
2023-04-08,4,Summer,35.828029004772176,Weekend,Navratri,Afternoon,Urban,Strawberry,208,9360
2023-04-08,4,Summer,35.828029004772176,Weekend,Navratri,Afternoon,Urban,Butterscotch,262,14410
2023-04-08,4,Summer,35.828029004772176,Weekend,Navratri,Afternoon,Urban,Coffee,182,10920
2023-04-09,4,Summer,39.9881774795578,Weekend,None,Night,Urban,Vanilla,197,7880
2023-04-09,4,Summer,39.9881774795578,Weekend,None,Night,Urban,Chocolate,231,11550
2023-04-09,4,Summer,39.9881774795578,Weekend,None,Night,Urban,Strawberry,191,8595
2023-04-09,4,Summer,39.9881774795578,Weekend,None,Night,Urban,Butterscotch,214,11770
2023-04-09,4,Summer,39.9881774795578,Weekend,None,Night,Urban,Coffee,145,8700
2023-04-10,4,Summer,35.78188577762289,Weekday,None,Evening,Rural,Vanilla,200,8000
2023-04-10,4,Summer,35.78188577762289,Weekday,None,Evening,Rural,Chocolate,215,10750
2023-04-10,4,Summer,35.78188577762289,Weekday,None,Evening,Rural,Strawberry,139,6255
2023-04-10,4,Summer,35.78188577762289,Weekday,None,Evening,Rural,Butterscotch,211,11605
2023-04-10,4,Summer,35.78188577762289,Weekday,None,Evening,Rural,Coffee,133,7980
2023-04-11,4,Summer,37.570652789108664,Weekday,None,Night,Urban,Vanilla,194,7760
2023-04-11,4,Summer,37.570652789108664,Weekday,None,Night,Urban,Chocolate,186,9300
2023-04-11,4,Summer,37.570652789108664,Weekday,None,Night,Urban,Strawberry,162,7290
2023-04-11,4,Summer,37.570652789108664,Weekday,None,Night,Urban,Butterscotch,203,11165
2023-04-11,4,Summer,37.570652789108664,Weekday,None,Night,Urban,Coffee,158,9480
2023-04-12,4,Summer,40.07857275271231,Weekday,None,Afternoon,Urban,Vanilla,198,7920
2023-04-12,4,Summer,40.07857275271231,Weekday,None,Afternoon,Urban,Chocolate,246,12300
2023-04-12,4,Summer,40.07857275271231,Weekday,None,Afternoon,Urban,Strawberry,162,7290
2023-04-12,4,Summer,40.07857275271231,Weekday,None,Afternoon,Urban,Butterscotch,211,11605
2023-04-12,4,Summer,40.07857275271231,Weekday,None,Afternoon,Urban,Coffee,160,9600
2023-04-13,4,Summer,40.354344752042564,Weekday,Holi,Afternoon,Rural,Vanilla,210,8400
2023-04-13,4,Summer,40.354344752042564,Weekday,Holi,Afternoon,Rural,Chocolate,266,13300
2023-04-13,4,Summer,40.354344752042564,Weekday,Holi,Afternoon,Rural,Strawberry,166,7470
2023-04-13,4,Summer,40.354344752042564,Weekday,Holi,Afternoon,Rural,Butterscotch,245,13475
2023-04-13,4,Summer,40.354344752042564,Weekday,Holi,Afternoon,Rural,Coffee,156,9360
2023-04-14,4,Summer,41.97629632728523,Weekday,None,Evening,Urban,Vanilla,204,8160
2023-04-14,4,Summer,41.97629632728523,Weekday,None,Evening,Urban,Chocolate,261,13050
2023-04-14,4,Summer,41.97629632728523,Weekday,None,Evening,Urban,Strawberry,189,8505
2023-04-14,4,Summer,41.97629632728523,Weekday,None,Evening,Urban,Butterscotch,246,13530
2023-04-14,4,Summer,41.97629632728523,Weekday,None,Evening,Urban,Coffee,205,12300
2023-04-15,4,Summer,35.347524560168694,Weekend,None,Evening,Rural,Vanilla,162,6480
2023-04-15,4,Summer,35.347524560168694,Weekend,None,Evening,Rural,Chocolate,236,11800
2023-04-15,4,Summer,35.347524560168694,Weekend,None,Evening,Rural,Strawberry,156,7020
2023-04-15,4,Summer,35.347524560168694,Weekend,None,Evening,Rural,Butterscotch,217,11935
2023-04-15,4,Summer,35.347524560168694,Weekend,None,Evening,Rural,Coffee,155,9300
2023-04-16,4,Summer,40.88091438884441,Weekend,None,Afternoon,Urban,Vanilla,219,8760
2023-04-16,4,Summer,40.88091438884441,Weekend,None,Afternoon,Urban,Chocolate,277,13850
2023-04-16,4,Summer,40.88091438884441,Weekend,None,Afternoon,Urban,Strawberry,201,9045
2023-04-16,4,Summer,40.88091438884441,Weekend,None,Afternoon,Urban,Butterscotch,206,11330
2023-04-16,4,Summer,40.88091438884441,Weekend,None,Afternoon,Urban,Coffee,183,10980
2023-04-17,4,Summer,36.28587724274817,Weekday,None,Morning,Rural,Vanilla,156,6240
2023-04-17,4,Summer,36.28587724274817,Weekday,None,Morning,Rural,Chocolate,190,9500
2023-04-17,4,Summer,36.28587724274817,Weekday,None,Morning,Rural,Strawberry,156,7020
2023-04-17,4,Summer,36.28587724274817,Weekday,None,Morning,Rural,Butterscotch,160,8800
2023-04-17,4,Summer,36.28587724274817,Weekday,None,Morning,Rural,Coffee,87,5220
2023-04-18,4,Summer,36.76333776492659,Weekday,None,Morning,Rural,Vanilla,168,6720
2023-04-18,4,Summer,36.76333776492659,Weekday,None,Morning,Rural,Chocolate,181,9050
2023-04-18,4,Summer,36.76333776492659,Weekday,None,Morning,Rural,Strawberry,145,6525
2023-04-18,4,Summer,36.76333776492659,Weekday,None,Morning,Rural,Butterscotch,152,8360
2023-04-18,4,Summer,36.76333776492659,Weekday,None,Morning,Rural,Coffee,120,7200
2023-04-19,4,Summer,38.94343841745022,Weekday,None,Afternoon,Urban,Vanilla,214,8560
2023-04-19,4,Summer,38.94343841745022,Weekday,None,Afternoon,Urban,Chocolate,222,11100
2023-04-19,4,Summer,38.94343841745022,Weekday,None,Afternoon,Urban,Strawberry,164,7380
2023-04-19,4,Summer,38.94343841745022,Weekday,None,Afternoon,Urban,Butterscotch,222,12210
2023-04-19,4,Summer,38.94343841745022,Weekday,None,Afternoon,Urban,Coffee,152,9120
2023-04-20,4,Summer,35.805104783274416,Weekday,None,Evening,Rural,Vanilla,210,8400
2023-04-20,4,Summer,35.805104783274416,Weekday,None,Evening,Rural,Chocolate,193,9650
2023-04-20,4,Summer,35.805104783274416,Weekday,None,Evening,Rural,Strawberry,167,7515
2023-04-20,4,Summer,35.805104783274416,Weekday,None,Evening,Rural,Butterscotch,195,10725
2023-04-20,4,Summer,35.805104783274416,Weekday,None,Evening,Rural,Coffee,135,8100
2023-04-21,4,Summer,45.45490986075996,Weekday,None,Afternoon,Urban,Vanilla,225,9000
2023-04-21,4,Summer,45.45490986075996,Weekday,None,Afternoon,Urban,Chocolate,252,12600
2023-04-21,4,Summer,45.45490986075996,Weekday,None,Afternoon,Urban,Strawberry,187,8415
2023-04-21,4,Summer,45.45490986075996,Weekday,None,Afternoon,Urban,Butterscotch,232,12760
2023-04-21,4,Summer,45.45490986075996,Weekday,None,Afternoon,Urban,Coffee,167,10020
2023-04-22,4,Summer,39.51872296791778,Weekend,None,Evening,Urban,Vanilla,260,10400
2023-04-22,4,Summer,39.51872296791778,Weekend,None,Evening,Urban,Chocolate,282,14100
2023-04-22,4,Summer,39.51872296791778,Weekend,None,Evening,Urban,Strawberry,252,11340
2023-04-22,4,Summer,39.51872296791778,Weekend,None,Evening,Urban,Butterscotch,231,12705
2023-04-22,4,Summer,39.51872296791778,Weekend,None,Evening,Urban,Coffee,196,11760
2023-04-23,4,Summer,33.76311704021043,Weekend,Navratri,Afternoon,Rural,Vanilla,202,8080
2023-04-23,4,Summer,33.76311704021043,Weekend,Navratri,Afternoon,Rural,Chocolate,270,13500
2023-04-23,4,Summer,33.76311704021043,Weekend,Navratri,Afternoon,Rural,Strawberry,169,7605
2023-04-23,4,Summer,33.76311704021043,Weekend,Navratri,Afternoon,Rural,Butterscotch,196,10780
2023-04-23,4,Summer,33.76311704021043,Weekend,Navratri,Afternoon,Rural,Coffee,153,9180
2023-04-24,4,Summer,32.07353668634859,Weekday,None,Night,Rural,Vanilla,152,6080
2023-04-24,4,Summer,32.07353668634859,Weekday,None,Night,Rural,Chocolate,187,9350
2023-04-24,4,Summer,32.07353668634859,Weekday,None,Night,Rural,Strawberry,114,5130
2023-04-24,4,Summer,32.07353668634859,Weekday,None,Night,Rural,Butterscotch,154,8470
2023-04-24,4,Summer,32.07353668634859,Weekday,None,Night,Rural,Coffee,104,6240
2023-04-25,4,Summer,39.79058654322279,Weekday,None,Evening,Urban,Vanilla,215,8600
2023-04-25,4,Summer,39.79058654322279,Weekday,None,Evening,Urban,Chocolate,250,12500
2023-04-25,4,Summer,39.79058654322279,Weekday,None,Evening,Urban,Strawberry,196,8820
2023-04-25,4,Summer,39.79058654322279,Weekday,None,Evening,Urban,Butterscotch,241,13255
2023-04-25,4,Summer,39.79058654322279,Weekday,None,Evening,Urban,Coffee,182,10920
2023-04-26,4,Summer,33.89942491015752,Weekday,Navratri,Afternoon,Urban,Vanilla,215,8600
2023-04-26,4,Summer,33.89942491015752,Weekday,Navratri,Afternoon,Urban,Chocolate,237,11850
2023-04-26,4,Summer,33.89942491015752,Weekday,Navratri,Afternoon,Urban,Strawberry,176,7920
2023-04-26,4,Summer,33.89942491015752,Weekday,Navratri,Afternoon,Urban,Butterscotch,250,13750
2023-04-26,4,Summer,33.89942491015752,Weekday,Navratri,Afternoon,Urban,Coffee,165,9900
2023-04-27,4,Summer,38.35463597420581,Weekday,Holi,Morning,Urban,Vanilla,209,8360
2023-04-27,4,Summer,38.35463597420581,Weekday,Holi,Morning,Urban,Chocolate,262,13100
2023-04-27,4,Summer,38.35463597420581,Weekday,Holi,Morning,Urban,Strawberry,189,8505
2023-04-27,4,Summer,38.35463597420581,Weekday,Holi,Morning,Urban,Butterscotch,234,12870
2023-04-27,4,Summer,38.35463597420581,Weekday,Holi,Morning,Urban,Coffee,186,11160
2023-04-28,4,Summer,36.446922281392354,Weekday,None,Evening,Urban,Vanilla,208,8320
2023-04-28,4,Summer,36.446922281392354,Weekday,None,Evening,Urban,Chocolate,232,11600
2023-04-28,4,Summer,36.446922281392354,Weekday,None,Evening,Urban,Strawberry,171,7695
2023-04-28,4,Summer,36.446922281392354,Weekday,None,Evening,Urban,Butterscotch,226,12430
2023-04-28,4,Summer,36.446922281392354,Weekday,None,Evening,Urban,Coffee,155,9300
2023-04-29,4,Summer,38.65224972706014,Weekend,None,Night,Rural,Vanilla,176,7040
2023-04-29,4,Summer,38.65224972706014,Weekend,None,Night,Rural,Chocolate,241,12050
2023-04-29,4,Summer,38.65224972706014,Weekend,None,Night,Rural,Strawberry,174,7830
2023-04-29,4,Summer,38.65224972706014,Weekend,None,Night,Rural,Butterscotch,211,11605
2023-04-29,4,Summer,38.65224972706014,Weekend,None,Night,Rural,Coffee,123,7380
2023-04-30,4,Summer,34.546538790341394,Weekend,None,Afternoon,Rural,Vanilla,126,5040
2023-04-30,4,Summer,34.546538790341394,Weekend,None,Afternoon,Rural,Chocolate,215,10750
2023-04-30,4,Summer,34.546538790341394,Weekend,None,Afternoon,Rural,Strawberry,151,6795
2023-04-30,4,Summer,34.546538790341394,Weekend,None,Afternoon,Rural,Butterscotch,199,10945
2023-04-30,4,Summer,34.546538790341394,Weekend,None,Afternoon,Rural,Coffee,167,10020
2023-05-01,5,Summer,35.68885118385163,Weekday,None,Evening,Rural,Vanilla,163,6520
2023-05-01,5,Summer,35.68885118385163,Weekday,None,Evening,Rural,Chocolate,216,10800
2023-05-01,5,Summer,35.68885118385163,Weekday,None,Evening,Rural,Strawberry,169,7605
2023-05-01,5,Summer,35.68885118385163,Weekday,None,Evening,Rural,Butterscotch,189,10395
2023-05-01,5,Summer,35.68885118385163,Weekday,None,Evening,Rural,Coffee,148,8880
2023-05-02,5,Summer,39.380814874946914,Weekday,None,Morning,Urban,Vanilla,191,7640
2023-05-02,5,Summer,39.380814874946914,Weekday,None,Morning,Urban,Chocolate,218,10900
2023-05-02,5,Summer,39.380814874946914,Weekday,None,Morning,Urban,Strawberry,190,8550
2023-05-02,5,Summer,39.380814874946914,Weekday,None,Morning,Urban,Butterscotch,211,11605
2023-05-02,5,Summer,39.380814874946914,Weekday,None,Morning,Urban,Coffee,163,9780
2023-05-03,5,Summer,38.750885930549124,Weekday,None,Afternoon,Urban,Vanilla,198,7920
2023-05-03,5,Summer,38.750885930549124,Weekday,None,Afternoon,Urban,Chocolate,226,11300
2023-05-03,5,Summer,38.750885930549124,Weekday,None,Afternoon,Urban,Strawberry,172,7740
2023-05-03,5,Summer,38.750885930549124,Weekday,None,Afternoon,Urban,Butterscotch,187,10285
2023-05-03,5,Summer,38.750885930549124,Weekday,None,Afternoon,Urban,Coffee,164,9840
2023-05-04,5,Summer,39.71601883490142,Weekday,None,Afternoon,Urban,Vanilla,178,7120
2023-05-04,5,Summer,39.71601883490142,Weekday,None,Afternoon,Urban,Chocolate,225,11250
2023-05-04,5,Summer,39.71601883490142,Weekday,None,Afternoon,Urban,Strawberry,166,7470
2023-05-04,5,Summer,39.71601883490142,Weekday,None,Afternoon,Urban,Butterscotch,190,10450
2023-05-04,5,Summer,39.71601883490142,Weekday,None,Afternoon,Urban,Coffee,149,8940
2023-05-05,5,Summer,37.12988768118088,Weekday,None,Afternoon,Rural,Vanilla,150,6000
2023-05-05,5,Summer,37.12988768118088,Weekday,None,Afternoon,Rural,Chocolate,207,10350
2023-05-05,5,Summer,37.12988768118088,Weekday,None,Afternoon,Rural,Strawberry,137,6165
2023-05-05,5,Summer,37.12988768118088,Weekday,None,Afternoon,Rural,Butterscotch,184,10120
2023-05-05,5,Summer,37.12988768118088,Weekday,None,Afternoon,Rural,Coffee,126,7560
2023-05-06,5,Summer,41.41866660807641,Weekend,None,Night,Urban,Vanilla,208,8320
2023-05-06,5,Summer,41.41866660807641,Weekend,None,Night,Urban,Chocolate,259,12950
2023-05-06,5,Summer,41.41866660807641,Weekend,None,Night,Urban,Strawberry,199,8955
2023-05-06,5,Summer,41.41866660807641,Weekend,None,Night,Urban,Butterscotch,244,13420
2023-05-06,5,Summer,41.41866660807641,Weekend,None,Night,Urban,Coffee,168,10080
2023-05-07,5,Summer,35.26599409072371,Weekend,None,Evening,Rural,Vanilla,182,7280
2023-05-07,5,Summer,35.26599409072371,Weekend,None,Evening,Rural,Chocolate,249,12450
2023-05-07,5,Summer,35.26599409072371,Weekend,None,Evening,Rural,Strawberry,171,7695
2023-05-07,5,Summer,35.26599409072371,Weekend,None,Evening,Rural,Butterscotch,218,11990
2023-05-07,5,Summer,35.26599409072371,Weekend,None,Evening,Rural,Coffee,161,9660
2023-05-08,5,Summer,33.49933441565919,Weekday,None,Night,Urban,Vanilla,158,6320
2023-05-08,5,Summer,33.49933441565919,Weekday,None,Night,Urban,Chocolate,222,11100
2023-05-08,5,Summer,33.49933441565919,Weekday,None,Night,Urban,Strawberry,146,6570
2023-05-08,5,Summer,33.49933441565919,Weekday,None,Night,Urban,Butterscotch,203,11165
2023-05-08,5,Summer,33.49933441565919,Weekday,None,Night,Urban,Coffee,133,7980
2023-05-09,5,Summer,35.97127637527273,Weekday,None,Afternoon,Rural,Vanilla,136,5440
2023-05-09,5,Summer,35.97127637527273,Weekday,None,Afternoon,Rural,Chocolate,207,10350
2023-05-09,5,Summer,35.97127637527273,Weekday,None,Afternoon,Rural,Strawberry,132,5940
2023-05-09,5,Summer,35.97127637527273,Weekday,None,Afternoon,Rural,Butterscotch,164,9020
2023-05-09,5,Summer,35.97127637527273,Weekday,None,Afternoon,Rural,Coffee,93,5580
2023-05-10,5,Summer,36.63561584786692,Weekday,None,Morning,Urban,Vanilla,164,6560
2023-05-10,5,Summer,36.63561584786692,Weekday,None,Morning,Urban,Chocolate,241,12050
2023-05-10,5,Summer,36.63561584786692,Weekday,None,Morning,Urban,Strawberry,176,7920
2023-05-10,5,Summer,36.63561584786692,Weekday,None,Morning,Urban,Butterscotch,223,12265
2023-05-10,5,Summer,36.63561584786692,Weekday,None,Morning,Urban,Coffee,133,7980
2023-05-11,5,Summer,38.40841322039386,Weekday,None,Evening,Urban,Vanilla,175,7000
2023-05-11,5,Summer,38.40841322039386,Weekday,None,Evening,Urban,Chocolate,256,12800
2023-05-11,5,Summer,38.40841322039386,Weekday,None,Evening,Urban,Strawberry,187,8415
2023-05-11,5,Summer,38.40841322039386,Weekday,None,Evening,Urban,Butterscotch,235,12925
2023-05-11,5,Summer,38.40841322039386,Weekday,None,Evening,Urban,Coffee,177,10620
2023-05-12,5,Summer,40.673911060609264,Weekday,None,Evening,Rural,Vanilla,197,7880
2023-05-12,5,Summer,40.673911060609264,Weekday,None,Evening,Rural,Chocolate,234,11700
2023-05-12,5,Summer,40.673911060609264,Weekday,None,Evening,Rural,Strawberry,193,8685
2023-05-12,5,Summer,40.673911060609264,Weekday,None,Evening,Rural,Butterscotch,181,9955
2023-05-12,5,Summer,40.673911060609264,Weekday,None,Evening,Rural,Coffee,149,8940
2023-05-13,5,Summer,35.70257005982386,Weekend,None,Afternoon,Urban,Vanilla,196,7840
2023-05-13,5,Summer,35.70257005982386,Weekend,None,Afternoon,Urban,Chocolate,244,12200
2023-05-13,5,Summer,35.70257005982386,Weekend,None,Afternoon,Urban,Strawberry,170,7650
2023-05-13,5,Summer,35.70257005982386,Weekend,None,Afternoon,Urban,Butterscotch,207,11385
2023-05-13,5,Summer,35.70257005982386,Weekend,None,Afternoon,Urban,Coffee,158,9480
2023-05-14,5,Summer,38.038485930631055,Weekend,None,Evening,Urban,Vanilla,241,9640
2023-05-14,5,Summer,38.038485930631055,Weekend,None,Evening,Urban,Chocolate,266,13300
2023-05-14,5,Summer,38.038485930631055,Weekend,None,Evening,Urban,Strawberry,201,9045
2023-05-14,5,Summer,38.038485930631055,Weekend,None,Evening,Urban,Butterscotch,251,13805
2023-05-14,5,Summer,38.038485930631055,Weekend,None,Evening,Urban,Coffee,176,10560
2023-05-15,5,Summer,37.541566648797925,Weekday,None,Afternoon,Urban,Vanilla,205,8200
2023-05-15,5,Summer,37.541566648797925,Weekday,None,Afternoon,Urban,Chocolate,216,10800
2023-05-15,5,Summer,37.541566648797925,Weekday,None,Afternoon,Urban,Strawberry,171,7695
2023-05-15,5,Summer,37.541566648797925,Weekday,None,Afternoon,Urban,Butterscotch,200,11000
2023-05-15,5,Summer,37.541566648797925,Weekday,None,Afternoon,Urban,Coffee,150,9000
2023-05-16,5,Summer,43.44022309554627,Weekday,Christmas,Morning,Rural,Vanilla,205,8200
2023-05-16,5,Summer,43.44022309554627,Weekday,Christmas,Morning,Rural,Chocolate,237,11850
2023-05-16,5,Summer,43.44022309554627,Weekday,Christmas,Morning,Rural,Strawberry,204,9180
2023-05-16,5,Summer,43.44022309554627,Weekday,Christmas,Morning,Rural,Butterscotch,229,12595
2023-05-16,5,Summer,43.44022309554627,Weekday,Christmas,Morning,Rural,Coffee,151,9060
2023-05-17,5,Summer,34.07366506376921,Weekday,Diwali,Evening,Urban,Vanilla,266,10640
2023-05-17,5,Summer,34.07366506376921,Weekday,Diwali,Evening,Urban,Chocolate,290,14500
2023-05-17,5,Summer,34.07366506376921,Weekday,Diwali,Evening,Urban,Strawberry,217,9765
2023-05-17,5,Summer,34.07366506376921,Weekday,Diwali,Evening,Urban,Butterscotch,280,15400
2023-05-17,5,Summer,34.07366506376921,Weekday,Diwali,Evening,Urban,Coffee,153,9180
2023-05-18,5,Summer,30.839210389412983,Weekday,None,Night,Rural,Vanilla,130,5200
2023-05-18,5,Summer,30.839210389412983,Weekday,None,Night,Rural,Chocolate,175,8750
2023-05-18,5,Summer,30.839210389412983,Weekday,None,Night,Rural,Strawberry,126,5670
2023-05-18,5,Summer,30.839210389412983,Weekday,None,Night,Rural,Butterscotch,151,8305
2023-05-18,5,Summer,30.839210389412983,Weekday,None,Night,Rural,Coffee,118,7080
2023-05-19,5,Summer,32.77488934075947,Weekday,None,Morning,Rural,Vanilla,137,5480
2023-05-19,5,Summer,32.77488934075947,Weekday,None,Morning,Rural,Chocolate,157,7850
2023-05-19,5,Summer,32.77488934075947,Weekday,None,Morning,Rural,Strawberry,114,5130
2023-05-19,5,Summer,32.77488934075947,Weekday,None,Morning,Rural,Butterscotch,159,8745
2023-05-19,5,Summer,32.77488934075947,Weekday,None,Morning,Rural,Coffee,105,6300
2023-05-20,5,Summer,39.48219175692656,Weekend,Navratri,Afternoon,Urban,Vanilla,200,8000
2023-05-20,5,Summer,39.48219175692656,Weekend,Navratri,Afternoon,Urban,Chocolate,289,14450
2023-05-20,5,Summer,39.48219175692656,Weekend,Navratri,Afternoon,Urban,Strawberry,225,10125
2023-05-20,5,Summer,39.48219175692656,Weekend,Navratri,Afternoon,Urban,Butterscotch,280,15400
2023-05-20,5,Summer,39.48219175692656,Weekend,Navratri,Afternoon,Urban,Coffee,196,11760
2023-05-21,5,Summer,37.03861235072107,Weekend,None,Afternoon,Urban,Vanilla,201,8040
2023-05-21,5,Summer,37.03861235072107,Weekend,None,Afternoon,Urban,Chocolate,246,12300
2023-05-21,5,Summer,37.03861235072107,Weekend,None,Afternoon,Urban,Strawberry,153,6885
2023-05-21,5,Summer,37.03861235072107,Weekend,None,Afternoon,Urban,Butterscotch,185,10175
2023-05-21,5,Summer,37.03861235072107,Weekend,None,Afternoon,Urban,Coffee,173,10380
2023-05-22,5,Summer,37.983319119055786,Weekday,None,Afternoon,Urban,Vanilla,201,8040
2023-05-22,5,Summer,37.983319119055786,Weekday,None,Afternoon,Urban,Chocolate,222,11100
2023-05-22,5,Summer,37.983319119055786,Weekday,None,Afternoon,Urban,Strawberry,194,8730
2023-05-22,5,Summer,37.983319119055786,Weekday,None,Afternoon,Urban,Butterscotch,221,12155
2023-05-22,5,Summer,37.983319119055786,Weekday,None,Afternoon,Urban,Coffee,138,8280
2023-05-23,5,Summer,36.81105090029475,Weekday,None,Afternoon,Urban,Vanilla,163,6520
2023-05-23,5,Summer,36.81105090029475,Weekday,None,Afternoon,Urban,Chocolate,238,11900
2023-05-23,5,Summer,36.81105090029475,Weekday,None,Afternoon,Urban,Strawberry,161,7245
2023-05-23,5,Summer,36.81105090029475,Weekday,None,Afternoon,Urban,Butterscotch,170,9350
2023-05-23,5,Summer,36.81105090029475,Weekday,None,Afternoon,Urban,Coffee,157,9420
2023-05-24,5,Summer,36.230323046733176,Weekday,None,Evening,Urban,Vanilla,219,8760
2023-05-24,5,Summer,36.230323046733176,Weekday,None,Evening,Urban,Chocolate,206,10300
2023-05-24,5,Summer,36.230323046733176,Weekday,None,Evening,Urban,Strawberry,196,8820
2023-05-24,5,Summer,36.230323046733176,Weekday,None,Evening,Urban,Butterscotch,230,12650
2023-05-24,5,Summer,36.230323046733176,Weekday,None,Evening,Urban,Coffee,174,10440
2023-05-25,5,Summer,41.17104884884441,Weekday,None,Evening,Urban,Vanilla,226,9040
2023-05-25,5,Summer,41.17104884884441,Weekday,None,Evening,Urban,Chocolate,266,13300
2023-05-25,5,Summer,41.17104884884441,Weekday,None,Evening,Urban,Strawberry,187,8415
2023-05-25,5,Summer,41.17104884884441,Weekday,None,Evening,Urban,Butterscotch,260,14300
2023-05-25,5,Summer,41.17104884884441,Weekday,None,Evening,Urban,Coffee,174,10440
2023-05-26,5,Summer,40.27854466245832,Weekday,None,Afternoon,Rural,Vanilla,161,6440
2023-05-26,5,Summer,40.27854466245832,Weekday,None,Afternoon,Rural,Chocolate,228,11400
2023-05-26,5,Summer,40.27854466245832,Weekday,None,Afternoon,Rural,Strawberry,153,6885
2023-05-26,5,Summer,40.27854466245832,Weekday,None,Afternoon,Rural,Butterscotch,196,10780
2023-05-26,5,Summer,40.27854466245832,Weekday,None,Afternoon,Rural,Coffee,119,7140
2023-05-27,5,Summer,33.27965071969334,Weekend,None,Evening,Urban,Vanilla,201,8040
2023-05-27,5,Summer,33.27965071969334,Weekend,None,Evening,Urban,Chocolate,254,12700
2023-05-27,5,Summer,33.27965071969334,Weekend,None,Evening,Urban,Strawberry,183,8235
2023-05-27,5,Summer,33.27965071969334,Weekend,None,Evening,Urban,Butterscotch,240,13200
2023-05-27,5,Summer,33.27965071969334,Weekend,None,Evening,Urban,Coffee,181,10860
2023-05-28,5,Summer,44.27959379662983,Weekend,None,Afternoon,Rural,Vanilla,175,7000
2023-05-28,5,Summer,44.27959379662983,Weekend,None,Afternoon,Rural,Chocolate,248,12400
2023-05-28,5,Summer,44.27959379662983,Weekend,None,Afternoon,Rural,Strawberry,200,9000
2023-05-28,5,Summer,44.27959379662983,Weekend,None,Afternoon,Rural,Butterscotch,221,12155
2023-05-28,5,Summer,44.27959379662983,Weekend,None,Afternoon,Rural,Coffee,149,8940
2023-05-29,5,Summer,38.43524194852773,Weekday,None,Afternoon,Rural,Vanilla,150,6000
2023-05-29,5,Summer,38.43524194852773,Weekday,None,Afternoon,Rural,Chocolate,170,8500
2023-05-29,5,Summer,38.43524194852773,Weekday,None,Afternoon,Rural,Strawberry,141,6345
2023-05-29,5,Summer,38.43524194852773,Weekday,None,Afternoon,Rural,Butterscotch,194,10670
2023-05-29,5,Summer,38.43524194852773,Weekday,None,Afternoon,Rural,Coffee,105,6300
2023-05-30,5,Summer,34.834731895469915,Weekday,None,Afternoon,Urban,Vanilla,176,7040
2023-05-30,5,Summer,34.834731895469915,Weekday,None,Afternoon,Urban,Chocolate,234,11700
2023-05-30,5,Summer,34.834731895469915,Weekday,None,Afternoon,Urban,Strawberry,146,6570
2023-05-30,5,Summer,34.834731895469915,Weekday,None,Afternoon,Urban,Butterscotch,183,10065
2023-05-30,5,Summer,34.834731895469915,Weekday,None,Afternoon,Urban,Coffee,120,7200
2023-05-31,5,Summer,38.880946321589214,Weekday,None,Evening,Rural,Vanilla,190,7600
2023-05-31,5,Summer,38.880946321589214,Weekday,None,Evening,Rural,Chocolate,227,11350
2023-05-31,5,Summer,38.880946321589214,Weekday,None,Evening,Rural,Strawberry,165,7425
2023-05-31,5,Summer,38.880946321589214,Weekday,None,Evening,Rural,Butterscotch,211,11605
2023-05-31,5,Summer,38.880946321589214,Weekday,None,Evening,Rural,Coffee,127,7620
2023-06-01,6,Summer,39.4841169613251,Weekday,None,Afternoon,Rural,Vanilla,169,6760
2023-06-01,6,Summer,39.4841169613251,Weekday,None,Afternoon,Rural,Chocolate,190,9500
2023-06-01,6,Summer,39.4841169613251,Weekday,None,Afternoon,Rural,Strawberry,144,6480
2023-06-01,6,Summer,39.4841169613251,Weekday,None,Afternoon,Rural,Butterscotch,153,8415
2023-06-01,6,Summer,39.4841169613251,Weekday,None,Afternoon,Rural,Coffee,117,7020
2023-06-02,6,Summer,41.140024481842815,Weekday,None,Evening,Urban,Vanilla,234,9360
2023-06-02,6,Summer,41.140024481842815,Weekday,None,Evening,Urban,Chocolate,293,14650
2023-06-02,6,Summer,41.140024481842815,Weekday,None,Evening,Urban,Strawberry,195,8775
2023-06-02,6,Summer,41.140024481842815,Weekday,None,Evening,Urban,Butterscotch,255,14025
2023-06-02,6,Summer,41.140024481842815,Weekday,None,Evening,Urban,Coffee,161,9660
2023-06-03,6,Summer,40.26419989420343,Weekend,None,Evening,Urban,Vanilla,243,9720
2023-06-03,6,Summer,40.26419989420343,Weekend,None,Evening,Urban,Chocolate,285,14250
2023-06-03,6,Summer,40.26419989420343,Weekend,None,Evening,Urban,Strawberry,190,8550
2023-06-03,6,Summer,40.26419989420343,Weekend,None,Evening,Urban,Butterscotch,277,15235
2023-06-03,6,Summer,40.26419989420343,Weekend,None,Evening,Urban,Coffee,165,9900
2023-06-04,6,Summer,38.51060614848009,Weekend,Holi,Evening,Urban,Vanilla,284,11360
2023-06-04,6,Summer,38.51060614848009,Weekend,Holi,Evening,Urban,Chocolate,323,16150
2023-06-04,6,Summer,38.51060614848009,Weekend,Holi,Evening,Urban,Strawberry,219,9855
2023-06-04,6,Summer,38.51060614848009,Weekend,Holi,Evening,Urban,Butterscotch,283,15565
2023-06-04,6,Summer,38.51060614848009,Weekend,Holi,Evening,Urban,Coffee,208,12480
2023-06-05,6,Summer,31.89133849143219,Weekday,Summer Vacation,Evening,Urban,Vanilla,231,9240
2023-06-05,6,Summer,31.89133849143219,Weekday,Summer Vacation,Evening,Urban,Chocolate,267,13350
2023-06-05,6,Summer,31.89133849143219,Weekday,Summer Vacation,Evening,Urban,Strawberry,212,9540
2023-06-05,6,Summer,31.89133849143219,Weekday,Summer Vacation,Evening,Urban,Butterscotch,263,14465
2023-06-05,6,Summer,31.89133849143219,Weekday,Summer Vacation,Evening,Urban,Coffee,193,11580
2023-06-06,6,Summer,36.76962126444573,Weekday,None,Evening,Urban,Vanilla,214,8560
2023-06-06,6,Summer,36.76962126444573,Weekday,None,Evening,Urban,Chocolate,243,12150
2023-06-06,6,Summer,36.76962126444573,Weekday,None,Evening,Urban,Strawberry,220,9900
2023-06-06,6,Summer,36.76962126444573,Weekday,None,Evening,Urban,Butterscotch,223,12265
2023-06-06,6,Summer,36.76962126444573,Weekday,None,Evening,Urban,Coffee,168,10080
2023-06-07,6,Summer,35.98254321198099,Weekday,None,Afternoon,Urban,Vanilla,181,7240
2023-06-07,6,Summer,35.98254321198099,Weekday,None,Afternoon,Urban,Chocolate,219,10950
2023-06-07,6,Summer,35.98254321198099,Weekday,None,Afternoon,Urban,Strawberry,148,6660
2023-06-07,6,Summer,35.98254321198099,Weekday,None,Afternoon,Urban,Butterscotch,188,10340
2023-06-07,6,Summer,35.98254321198099,Weekday,None,Afternoon,Urban,Coffee,148,8880
2023-06-08,6,Summer,38.236333183599,Weekday,None,Morning,Urban,Vanilla,200,8000
2023-06-08,6,Summer,38.236333183599,Weekday,None,Morning,Urban,Chocolate,224,11200
2023-06-08,6,Summer,38.236333183599,Weekday,None,Morning,Urban,Strawberry,168,7560
2023-06-08,6,Summer,38.236333183599,Weekday,None,Morning,Urban,Butterscotch,193,10615
2023-06-08,6,Summer,38.236333183599,Weekday,None,Morning,Urban,Coffee,150,9000
2023-06-09,6,Summer,36.17758313713908,Weekday,None,Afternoon,Urban,Vanilla,172,6880
2023-06-09,6,Summer,36.17758313713908,Weekday,None,Afternoon,Urban,Chocolate,231,11550
2023-06-09,6,Summer,36.17758313713908,Weekday,None,Afternoon,Urban,Strawberry,166,7470
2023-06-09,6,Summer,36.17758313713908,Weekday,None,Afternoon,Urban,Butterscotch,187,10285
2023-06-09,6,Summer,36.17758313713908,Weekday,None,Afternoon,Urban,Coffee,147,8820
2023-06-10,6,Summer,35.2919010073324,Weekend,None,Afternoon,Urban,Vanilla,210,8400
2023-06-10,6,Summer,35.2919010073324,Weekend,None,Afternoon,Urban,Chocolate,221,11050
2023-06-10,6,Summer,35.2919010073324,Weekend,None,Afternoon,Urban,Strawberry,161,7245
2023-06-10,6,Summer,35.2919010073324,Weekend,None,Afternoon,Urban,Butterscotch,231,12705
2023-06-10,6,Summer,35.2919010073324,Weekend,None,Afternoon,Urban,Coffee,170,10200
2023-06-11,6,Summer,39.461915711134985,Weekend,None,Morning,Urban,Vanilla,224,8960
2023-06-11,6,Summer,39.461915711134985,Weekend,None,Morning,Urban,Chocolate,241,12050
2023-06-11,6,Summer,39.461915711134985,Weekend,None,Morning,Urban,Strawberry,186,8370
2023-06-11,6,Summer,39.461915711134985,Weekend,None,Morning,Urban,Butterscotch,245,13475
2023-06-11,6,Summer,39.461915711134985,Weekend,None,Morning,Urban,Coffee,159,9540
2023-06-12,6,Summer,36.88117843870959,Weekday,None,Afternoon,Urban,Vanilla,208,8320
2023-06-12,6,Summer,36.88117843870959,Weekday,None,Afternoon,Urban,Chocolate,219,10950
2023-06-12,6,Summer,36.88117843870959,Weekday,None,Afternoon,Urban,Strawberry,171,7695
2023-06-12,6,Summer,36.88117843870959,Weekday,None,Afternoon,Urban,Butterscotch,202,11110
2023-06-12,6,Summer,36.88117843870959,Weekday,None,Afternoon,Urban,Coffee,115,6900
2023-06-13,6,Summer,36.947451709770576,Weekday,None,Evening,Urban,Vanilla,177,7080
2023-06-13,6,Summer,36.947451709770576,Weekday,None,Evening,Urban,Chocolate,238,11900
2023-06-13,6,Summer,36.947451709770576,Weekday,None,Evening,Urban,Strawberry,203,9135
2023-06-13,6,Summer,36.947451709770576,Weekday,None,Evening,Urban,Butterscotch,220,12100
2023-06-13,6,Summer,36.947451709770576,Weekday,None,Evening,Urban,Coffee,163,9780
2023-06-14,6,Summer,37.03404690062224,Weekday,None,Night,Urban,Vanilla,182,7280
2023-06-14,6,Summer,37.03404690062224,Weekday,None,Night,Urban,Chocolate,190,9500
2023-06-14,6,Summer,37.03404690062224,Weekday,None,Night,Urban,Strawberry,129,5805
2023-06-14,6,Summer,37.03404690062224,Weekday,None,Night,Urban,Butterscotch,202,11110
2023-06-14,6,Summer,37.03404690062224,Weekday,None,Night,Urban,Coffee,136,8160
2023-06-15,6,Summer,36.3407305492576,Weekday,None,Evening,Urban,Vanilla,219,8760
2023-06-15,6,Summer,36.3407305492576,Weekday,None,Evening,Urban,Chocolate,255,12750
2023-06-15,6,Summer,36.3407305492576,Weekday,None,Evening,Urban,Strawberry,164,7380
2023-06-15,6,Summer,36.3407305492576,Weekday,None,Evening,Urban,Butterscotch,226,12430
2023-06-15,6,Summer,36.3407305492576,Weekday,None,Evening,Urban,Coffee,184,11040
2023-06-16,6,Summer,39.79027593890555,Weekday,None,Evening,Urban,Vanilla,189,7560
2023-06-16,6,Summer,39.79027593890555,Weekday,None,Evening,Urban,Chocolate,255,12750
2023-06-16,6,Summer,39.79027593890555,Weekday,None,Evening,Urban,Strawberry,189,8505
2023-06-16,6,Summer,39.79027593890555,Weekday,None,Evening,Urban,Butterscotch,258,14190
2023-06-16,6,Summer,39.79027593890555,Weekday,None,Evening,Urban,Coffee,179,10740
2023-06-17,6,Summer,41.80295453356392,Weekend,None,Afternoon,Urban,Vanilla,219,8760
2023-06-17,6,Summer,41.80295453356392,Weekend,None,Afternoon,Urban,Chocolate,269,13450
2023-06-17,6,Summer,41.80295453356392,Weekend,None,Afternoon,Urban,Strawberry,214,9630
2023-06-17,6,Summer,41.80295453356392,Weekend,None,Afternoon,Urban,Butterscotch,260,14300
2023-06-17,6,Summer,41.80295453356392,Weekend,None,Afternoon,Urban,Coffee,180,10800
2023-06-18,6,Summer,34.827806426768305,Weekend,Summer Vacation,Morning,Urban,Vanilla,238,9520
2023-06-18,6,Summer,34.827806426768305,Weekend,Summer Vacation,Morning,Urban,Chocolate,288,14400
2023-06-18,6,Summer,34.827806426768305,Weekend,Summer Vacation,Morning,Urban,Strawberry,212,9540
2023-06-18,6,Summer,34.827806426768305,Weekend,Summer Vacation,Morning,Urban,Butterscotch,254,13970
2023-06-18,6,Summer,34.827806426768305,Weekend,Summer Vacation,Morning,Urban,Coffee,189,11340
2023-06-19,6,Summer,38.969556447374615,Weekday,None,Evening,Urban,Vanilla,236,9440
2023-06-19,6,Summer,38.969556447374615,Weekday,None,Evening,Urban,Chocolate,269,13450
2023-06-19,6,Summer,38.969556447374615,Weekday,None,Evening,Urban,Strawberry,201,9045
2023-06-19,6,Summer,38.969556447374615,Weekday,None,Evening,Urban,Butterscotch,252,13860
2023-06-19,6,Summer,38.969556447374615,Weekday,None,Evening,Urban,Coffee,153,9180
2023-06-20,6,Summer,38.59845589832874,Weekday,Summer Vacation,Evening,Urban,Vanilla,249,9960
2023-06-20,6,Summer,38.59845589832874,Weekday,Summer Vacation,Evening,Urban,Chocolate,288,14400
2023-06-20,6,Summer,38.59845589832874,Weekday,Summer Vacation,Evening,Urban,Strawberry,234,10530
2023-06-20,6,Summer,38.59845589832874,Weekday,Summer Vacation,Evening,Urban,Butterscotch,275,15125
2023-06-20,6,Summer,38.59845589832874,Weekday,Summer Vacation,Evening,Urban,Coffee,176,10560
2023-06-21,6,Summer,39.26209889305544,Weekday,Summer Vacation,Night,Urban,Vanilla,214,8560
2023-06-21,6,Summer,39.26209889305544,Weekday,Summer Vacation,Night,Urban,Chocolate,248,12400
2023-06-21,6,Summer,39.26209889305544,Weekday,Summer Vacation,Night,Urban,Strawberry,210,9450
2023-06-21,6,Summer,39.26209889305544,Weekday,Summer Vacation,Night,Urban,Butterscotch,252,13860
2023-06-21,6,Summer,39.26209889305544,Weekday,Summer Vacation,Night,Urban,Coffee,164,9840
2023-06-22,6,Summer,42.40061987046406,Weekday,None,Afternoon,Urban,Vanilla,205,8200
2023-06-22,6,Summer,42.40061987046406,Weekday,None,Afternoon,Urban,Chocolate,222,11100
2023-06-22,6,Summer,42.40061987046406,Weekday,None,Afternoon,Urban,Strawberry,157,7065
2023-06-22,6,Summer,42.40061987046406,Weekday,None,Afternoon,Urban,Butterscotch,193,10615
2023-06-22,6,Summer,42.40061987046406,Weekday,None,Afternoon,Urban,Coffee,163,9780
2023-06-23,6,Summer,37.35779690681642,Weekday,None,Morning,Rural,Vanilla,162,6480
2023-06-23,6,Summer,37.35779690681642,Weekday,None,Morning,Rural,Chocolate,187,9350
2023-06-23,6,Summer,37.35779690681642,Weekday,None,Morning,Rural,Strawberry,148,6660
2023-06-23,6,Summer,37.35779690681642,Weekday,None,Morning,Rural,Butterscotch,175,9625
2023-06-23,6,Summer,37.35779690681642,Weekday,None,Morning,Rural,Coffee,131,7860
2023-06-24,6,Summer,35.21623610164506,Weekend,Summer Vacation,Morning,Urban,Vanilla,221,8840
2023-06-24,6,Summer,35.21623610164506,Weekend,Summer Vacation,Morning,Urban,Chocolate,274,13700
2023-06-24,6,Summer,35.21623610164506,Weekend,Summer Vacation,Morning,Urban,Strawberry,193,8685
2023-06-24,6,Summer,35.21623610164506,Weekend,Summer Vacation,Morning,Urban,Butterscotch,247,13585
2023-06-24,6,Summer,35.21623610164506,Weekend,Summer Vacation,Morning,Urban,Coffee,189,11340
2023-06-25,6,Summer,39.04502521773838,Weekend,Summer Vacation,Morning,Urban,Vanilla,228,9120
2023-06-25,6,Summer,39.04502521773838,Weekend,Summer Vacation,Morning,Urban,Chocolate,310,15500
2023-06-25,6,Summer,39.04502521773838,Weekend,Summer Vacation,Morning,Urban,Strawberry,199,8955
2023-06-25,6,Summer,39.04502521773838,Weekend,Summer Vacation,Morning,Urban,Butterscotch,295,16225
2023-06-25,6,Summer,39.04502521773838,Weekend,Summer Vacation,Morning,Urban,Coffee,199,11940
2023-06-26,6,Summer,41.101672367205175,Weekday,None,Morning,Urban,Vanilla,215,8600
2023-06-26,6,Summer,41.101672367205175,Weekday,None,Morning,Urban,Chocolate,234,11700
2023-06-26,6,Summer,41.101672367205175,Weekday,None,Morning,Urban,Strawberry,188,8460
2023-06-26,6,Summer,41.101672367205175,Weekday,None,Morning,Urban,Butterscotch,220,12100
2023-06-26,6,Summer,41.101672367205175,Weekday,None,Morning,Urban,Coffee,141,8460
2023-06-27,6,Summer,40.22737674077786,Weekday,None,Evening,Urban,Vanilla,211,8440
2023-06-27,6,Summer,40.22737674077786,Weekday,None,Evening,Urban,Chocolate,287,14350
2023-06-27,6,Summer,40.22737674077786,Weekday,None,Evening,Urban,Strawberry,178,8010
2023-06-27,6,Summer,40.22737674077786,Weekday,None,Evening,Urban,Butterscotch,216,11880
2023-06-27,6,Summer,40.22737674077786,Weekday,None,Evening,Urban,Coffee,147,8820
2023-06-28,6,Summer,41.20743279180774,Weekday,Summer Vacation,Night,Rural,Vanilla,192,7680
2023-06-28,6,Summer,41.20743279180774,Weekday,Summer Vacation,Night,Rural,Chocolate,249,12450
2023-06-28,6,Summer,41.20743279180774,Weekday,Summer Vacation,Night,Rural,Strawberry,192,8640
2023-06-28,6,Summer,41.20743279180774,Weekday,Summer Vacation,Night,Rural,Butterscotch,222,12210
2023-06-28,6,Summer,41.20743279180774,Weekday,Summer Vacation,Night,Rural,Coffee,162,9720
2023-06-29,6,Summer,39.23165025598285,Weekday,None,Evening,Urban,Vanilla,214,8560
2023-06-29,6,Summer,39.23165025598285,Weekday,None,Evening,Urban,Chocolate,282,14100
2023-06-29,6,Summer,39.23165025598285,Weekday,None,Evening,Urban,Strawberry,174,7830
2023-06-29,6,Summer,39.23165025598285,Weekday,None,Evening,Urban,Butterscotch,243,13365
2023-06-29,6,Summer,39.23165025598285,Weekday,None,Evening,Urban,Coffee,169,10140
2023-06-30,6,Summer,40.09769174216042,Weekday,Christmas,Evening,Urban,Vanilla,237,9480
2023-06-30,6,Summer,40.09769174216042,Weekday,Christmas,Evening,Urban,Chocolate,318,15900
2023-06-30,6,Summer,40.09769174216042,Weekday,Christmas,Evening,Urban,Strawberry,221,9945
2023-06-30,6,Summer,40.09769174216042,Weekday,Christmas,Evening,Urban,Butterscotch,293,16115
2023-06-30,6,Summer,40.09769174216042,Weekday,Christmas,Evening,Urban,Coffee,185,11100
2023-07-01,7,Monsoon,31.90423539836512,Weekend,None,Night,Urban,Vanilla,145,5800
2023-07-01,7,Monsoon,31.90423539836512,Weekend,None,Night,Urban,Chocolate,167,8350
2023-07-01,7,Monsoon,31.90423539836512,Weekend,None,Night,Urban,Strawberry,118,5310
2023-07-01,7,Monsoon,31.90423539836512,Weekend,None,Night,Urban,Butterscotch,156,8580
2023-07-01,7,Monsoon,31.90423539836512,Weekend,None,Night,Urban,Coffee,109,6540
2023-07-02,7,Monsoon,28.102392397674436,Weekend,None,Afternoon,Urban,Vanilla,151,6040
2023-07-02,7,Monsoon,28.102392397674436,Weekend,None,Afternoon,Urban,Chocolate,143,7150
2023-07-02,7,Monsoon,28.102392397674436,Weekend,None,Afternoon,Urban,Strawberry,148,6660
2023-07-02,7,Monsoon,28.102392397674436,Weekend,None,Afternoon,Urban,Butterscotch,139,7645
2023-07-02,7,Monsoon,28.102392397674436,Weekend,None,Afternoon,Urban,Coffee,119,7140
2023-07-03,7,Monsoon,29.418940167295546,Weekday,None,Evening,Rural,Vanilla,108,4320
2023-07-03,7,Monsoon,29.418940167295546,Weekday,None,Evening,Rural,Chocolate,174,8700
2023-07-03,7,Monsoon,29.418940167295546,Weekday,None,Evening,Rural,Strawberry,104,4680
2023-07-03,7,Monsoon,29.418940167295546,Weekday,None,Evening,Rural,Butterscotch,124,6820
2023-07-03,7,Monsoon,29.418940167295546,Weekday,None,Evening,Rural,Coffee,106,6360
2023-07-04,7,Monsoon,31.728163874930036,Weekday,None,Afternoon,Urban,Vanilla,104,4160
2023-07-04,7,Monsoon,31.728163874930036,Weekday,None,Afternoon,Urban,Chocolate,150,7500
2023-07-04,7,Monsoon,31.728163874930036,Weekday,None,Afternoon,Urban,Strawberry,115,5175
2023-07-04,7,Monsoon,31.728163874930036,Weekday,None,Afternoon,Urban,Butterscotch,133,7315
2023-07-04,7,Monsoon,31.728163874930036,Weekday,None,Afternoon,Urban,Coffee,119,7140
2023-07-05,7,Monsoon,29.84356014850174,Weekday,None,Afternoon,Rural,Vanilla,114,4560
2023-07-05,7,Monsoon,29.84356014850174,Weekday,None,Afternoon,Rural,Chocolate,95,4750
2023-07-05,7,Monsoon,29.84356014850174,Weekday,None,Afternoon,Rural,Strawberry,112,5040
2023-07-05,7,Monsoon,29.84356014850174,Weekday,None,Afternoon,Rural,Butterscotch,92,5060
2023-07-05,7,Monsoon,29.84356014850174,Weekday,None,Afternoon,Rural,Coffee,65,3900
2023-07-06,7,Monsoon,27.248552829000293,Weekday,None,Afternoon,Urban,Vanilla,128,5120
2023-07-06,7,Monsoon,27.248552829000293,Weekday,None,Afternoon,Urban,Chocolate,155,7750
2023-07-06,7,Monsoon,27.248552829000293,Weekday,None,Afternoon,Urban,Strawberry,92,4140
2023-07-06,7,Monsoon,27.248552829000293,Weekday,None,Afternoon,Urban,Butterscotch,123,6765
2023-07-06,7,Monsoon,27.248552829000293,Weekday,None,Afternoon,Urban,Coffee,84,5040
2023-07-07,7,Monsoon,31.29205515002683,Weekday,None,Afternoon,Urban,Vanilla,81,3240
2023-07-07,7,Monsoon,31.29205515002683,Weekday,None,Afternoon,Urban,Chocolate,173,8650
2023-07-07,7,Monsoon,31.29205515002683,Weekday,None,Afternoon,Urban,Strawberry,105,4725
2023-07-07,7,Monsoon,31.29205515002683,Weekday,None,Afternoon,Urban,Butterscotch,146,8030
2023-07-07,7,Monsoon,31.29205515002683,Weekday,None,Afternoon,Urban,Coffee,90,5400
2023-07-08,7,Monsoon,26.28792710971053,Weekend,None,Evening,Urban,Vanilla,165,6600
2023-07-08,7,Monsoon,26.28792710971053,Weekend,None,Evening,Urban,Chocolate,167,8350
2023-07-08,7,Monsoon,26.28792710971053,Weekend,None,Evening,Urban,Strawberry,134,6030
2023-07-08,7,Monsoon,26.28792710971053,Weekend,None,Evening,Urban,Butterscotch,180,9900
2023-07-08,7,Monsoon,26.28792710971053,Weekend,None,Evening,Urban,Coffee,139,8340
2023-07-09,7,Monsoon,27.64153869361409,Weekend,None,Evening,Urban,Vanilla,119,4760
2023-07-09,7,Monsoon,27.64153869361409,Weekend,None,Evening,Urban,Chocolate,195,9750
2023-07-09,7,Monsoon,27.64153869361409,Weekend,None,Evening,Urban,Strawberry,149,6705
2023-07-09,7,Monsoon,27.64153869361409,Weekend,None,Evening,Urban,Butterscotch,220,12100
2023-07-09,7,Monsoon,27.64153869361409,Weekend,None,Evening,Urban,Coffee,121,7260
2023-07-10,7,Monsoon,32.49715182811707,Weekday,None,Evening,Urban,Vanilla,151,6040
2023-07-10,7,Monsoon,32.49715182811707,Weekday,None,Evening,Urban,Chocolate,164,8200
2023-07-10,7,Monsoon,32.49715182811707,Weekday,None,Evening,Urban,Strawberry,138,6210
2023-07-10,7,Monsoon,32.49715182811707,Weekday,None,Evening,Urban,Butterscotch,169,9295
2023-07-10,7,Monsoon,32.49715182811707,Weekday,None,Evening,Urban,Coffee,135,8100
2023-07-11,7,Monsoon,29.091127762283797,Weekday,Summer Vacation,Evening,Urban,Vanilla,191,7640
2023-07-11,7,Monsoon,29.091127762283797,Weekday,Summer Vacation,Evening,Urban,Chocolate,206,10300
2023-07-11,7,Monsoon,29.091127762283797,Weekday,Summer Vacation,Evening,Urban,Strawberry,160,7200
2023-07-11,7,Monsoon,29.091127762283797,Weekday,Summer Vacation,Evening,Urban,Butterscotch,186,10230
2023-07-11,7,Monsoon,29.091127762283797,Weekday,Summer Vacation,Evening,Urban,Coffee,177,10620
2023-07-12,7,Monsoon,27.617230769643555,Weekday,None,Afternoon,Urban,Vanilla,123,4920
2023-07-12,7,Monsoon,27.617230769643555,Weekday,None,Afternoon,Urban,Chocolate,125,6250
2023-07-12,7,Monsoon,27.617230769643555,Weekday,None,Afternoon,Urban,Strawberry,126,5670
2023-07-12,7,Monsoon,27.617230769643555,Weekday,None,Afternoon,Urban,Butterscotch,111,6105
2023-07-12,7,Monsoon,27.617230769643555,Weekday,None,Afternoon,Urban,Coffee,90,5400
2023-07-13,7,Monsoon,30.30461230322046,Weekday,Summer Vacation,Night,Urban,Vanilla,131,5240
2023-07-13,7,Monsoon,30.30461230322046,Weekday,Summer Vacation,Night,Urban,Chocolate,168,8400
2023-07-13,7,Monsoon,30.30461230322046,Weekday,Summer Vacation,Night,Urban,Strawberry,151,6795
2023-07-13,7,Monsoon,30.30461230322046,Weekday,Summer Vacation,Night,Urban,Butterscotch,185,10175
2023-07-13,7,Monsoon,30.30461230322046,Weekday,Summer Vacation,Night,Urban,Coffee,135,8100
2023-07-14,7,Monsoon,31.065113624707195,Weekday,None,Morning,Rural,Vanilla,121,4840
2023-07-14,7,Monsoon,31.065113624707195,Weekday,None,Morning,Rural,Chocolate,139,6950
2023-07-14,7,Monsoon,31.065113624707195,Weekday,None,Morning,Rural,Strawberry,77,3465
2023-07-14,7,Monsoon,31.065113624707195,Weekday,None,Morning,Rural,Butterscotch,92,5060
2023-07-14,7,Monsoon,31.065113624707195,Weekday,None,Morning,Rural,Coffee,88,5280
2023-07-15,7,Monsoon,27.40772639362701,Weekend,Diwali,Afternoon,Urban,Vanilla,152,6080
2023-07-15,7,Monsoon,27.40772639362701,Weekend,Diwali,Afternoon,Urban,Chocolate,181,9050
2023-07-15,7,Monsoon,27.40772639362701,Weekend,Diwali,Afternoon,Urban,Strawberry,131,5895
2023-07-15,7,Monsoon,27.40772639362701,Weekend,Diwali,Afternoon,Urban,Butterscotch,179,9845
2023-07-15,7,Monsoon,27.40772639362701,Weekend,Diwali,Afternoon,Urban,Coffee,137,8220
2023-07-16,7,Monsoon,29.866945663284746,Weekend,None,Morning,Urban,Vanilla,131,5240
2023-07-16,7,Monsoon,29.866945663284746,Weekend,None,Morning,Urban,Chocolate,152,7600
2023-07-16,7,Monsoon,29.866945663284746,Weekend,None,Morning,Urban,Strawberry,103,4635
2023-07-16,7,Monsoon,29.866945663284746,Weekend,None,Morning,Urban,Butterscotch,163,8965
2023-07-16,7,Monsoon,29.866945663284746,Weekend,None,Morning,Urban,Coffee,120,7200
2023-07-17,7,Monsoon,30.154727050213324,Weekday,None,Evening,Urban,Vanilla,148,5920
2023-07-17,7,Monsoon,30.154727050213324,Weekday,None,Evening,Urban,Chocolate,187,9350
2023-07-17,7,Monsoon,30.154727050213324,Weekday,None,Evening,Urban,Strawberry,143,6435
2023-07-17,7,Monsoon,30.154727050213324,Weekday,None,Evening,Urban,Butterscotch,174,9570
2023-07-17,7,Monsoon,30.154727050213324,Weekday,None,Evening,Urban,Coffee,112,6720
2023-07-18,7,Monsoon,28.07352172615493,Weekday,Summer Vacation,Morning,Rural,Vanilla,135,5400
2023-07-18,7,Monsoon,28.07352172615493,Weekday,Summer Vacation,Morning,Rural,Chocolate,184,9200
2023-07-18,7,Monsoon,28.07352172615493,Weekday,Summer Vacation,Morning,Rural,Strawberry,129,5805
2023-07-18,7,Monsoon,28.07352172615493,Weekday,Summer Vacation,Morning,Rural,Butterscotch,147,8085
2023-07-18,7,Monsoon,28.07352172615493,Weekday,Summer Vacation,Morning,Rural,Coffee,101,6060
2023-07-19,7,Monsoon,31.01431440119334,Weekday,None,Evening,Urban,Vanilla,160,6400
2023-07-19,7,Monsoon,31.01431440119334,Weekday,None,Evening,Urban,Chocolate,171,8550
2023-07-19,7,Monsoon,31.01431440119334,Weekday,None,Evening,Urban,Strawberry,137,6165
2023-07-19,7,Monsoon,31.01431440119334,Weekday,None,Evening,Urban,Butterscotch,168,9240
2023-07-19,7,Monsoon,31.01431440119334,Weekday,None,Evening,Urban,Coffee,152,9120
2023-07-20,7,Monsoon,28.82375231798661,Weekday,Summer Vacation,Evening,Urban,Vanilla,205,8200
2023-07-20,7,Monsoon,28.82375231798661,Weekday,Summer Vacation,Evening,Urban,Chocolate,222,11100
2023-07-20,7,Monsoon,28.82375231798661,Weekday,Summer Vacation,Evening,Urban,Strawberry,177,7965
2023-07-20,7,Monsoon,28.82375231798661,Weekday,Summer Vacation,Evening,Urban,Butterscotch,187,10285
2023-07-20,7,Monsoon,28.82375231798661,Weekday,Summer Vacation,Evening,Urban,Coffee,145,8700
2023-07-21,7,Monsoon,26.26995640914673,Weekday,None,Evening,Rural,Vanilla,124,4960
2023-07-21,7,Monsoon,26.26995640914673,Weekday,None,Evening,Rural,Chocolate,90,4500
2023-07-21,7,Monsoon,26.26995640914673,Weekday,None,Evening,Rural,Strawberry,104,4680
2023-07-21,7,Monsoon,26.26995640914673,Weekday,None,Evening,Rural,Butterscotch,116,6380
2023-07-21,7,Monsoon,26.26995640914673,Weekday,None,Evening,Rural,Coffee,96,5760
2023-07-22,7,Monsoon,32.99774347187943,Weekend,None,Afternoon,Urban,Vanilla,179,7160
2023-07-22,7,Monsoon,32.99774347187943,Weekend,None,Afternoon,Urban,Chocolate,175,8750
2023-07-22,7,Monsoon,32.99774347187943,Weekend,None,Afternoon,Urban,Strawberry,127,5715
2023-07-22,7,Monsoon,32.99774347187943,Weekend,None,Afternoon,Urban,Butterscotch,155,8525
2023-07-22,7,Monsoon,32.99774347187943,Weekend,None,Afternoon,Urban,Coffee,123,7380
2023-07-23,7,Monsoon,26.00548470964271,Weekend,None,Afternoon,Rural,Vanilla,122,4880
2023-07-23,7,Monsoon,26.00548470964271,Weekend,None,Afternoon,Rural,Chocolate,135,6750
2023-07-23,7,Monsoon,26.00548470964271,Weekend,None,Afternoon,Rural,Strawberry,78,3510
2023-07-23,7,Monsoon,26.00548470964271,Weekend,None,Afternoon,Rural,Butterscotch,117,6435
2023-07-23,7,Monsoon,26.00548470964271,Weekend,None,Afternoon,Rural,Coffee,97,5820
2023-07-24,7,Monsoon,28.60003420288644,Weekday,None,Evening,Urban,Vanilla,130,5200
2023-07-24,7,Monsoon,28.60003420288644,Weekday,None,Evening,Urban,Chocolate,175,8750
2023-07-24,7,Monsoon,28.60003420288644,Weekday,None,Evening,Urban,Strawberry,116,5220
2023-07-24,7,Monsoon,28.60003420288644,Weekday,None,Evening,Urban,Butterscotch,170,9350
2023-07-24,7,Monsoon,28.60003420288644,Weekday,None,Evening,Urban,Coffee,116,6960
2023-07-25,7,Monsoon,24.359368803539155,Weekday,None,Evening,Rural,Vanilla,119,4760
2023-07-25,7,Monsoon,24.359368803539155,Weekday,None,Evening,Rural,Chocolate,147,7350
2023-07-25,7,Monsoon,24.359368803539155,Weekday,None,Evening,Rural,Strawberry,96,4320
2023-07-25,7,Monsoon,24.359368803539155,Weekday,None,Evening,Rural,Butterscotch,113,6215
2023-07-25,7,Monsoon,24.359368803539155,Weekday,None,Evening,Rural,Coffee,103,6180
2023-07-26,7,Monsoon,28.79735016754021,Weekday,None,Afternoon,Urban,Vanilla,85,3400
2023-07-26,7,Monsoon,28.79735016754021,Weekday,None,Afternoon,Urban,Chocolate,108,5400
2023-07-26,7,Monsoon,28.79735016754021,Weekday,None,Afternoon,Urban,Strawberry,102,4590
2023-07-26,7,Monsoon,28.79735016754021,Weekday,None,Afternoon,Urban,Butterscotch,124,6820
2023-07-26,7,Monsoon,28.79735016754021,Weekday,None,Afternoon,Urban,Coffee,87,5220
2023-07-27,7,Monsoon,28.770718328987215,Weekday,None,Evening,Urban,Vanilla,150,6000
2023-07-27,7,Monsoon,28.770718328987215,Weekday,None,Evening,Urban,Chocolate,174,8700
2023-07-27,7,Monsoon,28.770718328987215,Weekday,None,Evening,Urban,Strawberry,129,5805
2023-07-27,7,Monsoon,28.770718328987215,Weekday,None,Evening,Urban,Butterscotch,193,10615
2023-07-27,7,Monsoon,28.770718328987215,Weekday,None,Evening,Urban,Coffee,144,8640
2023-07-28,7,Monsoon,27.49820105807783,Weekday,None,Afternoon,Rural,Vanilla,56,2240
2023-07-28,7,Monsoon,27.49820105807783,Weekday,None,Afternoon,Rural,Chocolate,101,5050
2023-07-28,7,Monsoon,27.49820105807783,Weekday,None,Afternoon,Rural,Strawberry,54,2430
2023-07-28,7,Monsoon,27.49820105807783,Weekday,None,Afternoon,Rural,Butterscotch,85,4675
2023-07-28,7,Monsoon,27.49820105807783,Weekday,None,Afternoon,Rural,Coffee,79,4740
2023-07-29,7,Monsoon,31.854610728578432,Weekend,None,Evening,Urban,Vanilla,169,6760
2023-07-29,7,Monsoon,31.854610728578432,Weekend,None,Evening,Urban,Chocolate,205,10250
2023-07-29,7,Monsoon,31.854610728578432,Weekend,None,Evening,Urban,Strawberry,164,7380
2023-07-29,7,Monsoon,31.854610728578432,Weekend,None,Evening,Urban,Butterscotch,187,10285
2023-07-29,7,Monsoon,31.854610728578432,Weekend,None,Evening,Urban,Coffee,153,9180
2023-07-30,7,Monsoon,27.120594803495695,Weekend,Summer Vacation,Morning,Rural,Vanilla,158,6320
2023-07-30,7,Monsoon,27.120594803495695,Weekend,Summer Vacation,Morning,Rural,Chocolate,156,7800
2023-07-30,7,Monsoon,27.120594803495695,Weekend,Summer Vacation,Morning,Rural,Strawberry,127,5715
2023-07-30,7,Monsoon,27.120594803495695,Weekend,Summer Vacation,Morning,Rural,Butterscotch,154,8470
2023-07-30,7,Monsoon,27.120594803495695,Weekend,Summer Vacation,Morning,Rural,Coffee,116,6960
2023-07-31,7,Monsoon,29.169010291385725,Weekday,None,Evening,Urban,Vanilla,159,6360
2023-07-31,7,Monsoon,29.169010291385725,Weekday,None,Evening,Urban,Chocolate,171,8550
2023-07-31,7,Monsoon,29.169010291385725,Weekday,None,Evening,Urban,Strawberry,134,6030
2023-07-31,7,Monsoon,29.169010291385725,Weekday,None,Evening,Urban,Butterscotch,163,8965
2023-07-31,7,Monsoon,29.169010291385725,Weekday,None,Evening,Urban,Coffee,140,8400
2023-08-01,8,Monsoon,27.379022835253366,Weekday,None,Afternoon,Urban,Vanilla,105,4200
2023-08-01,8,Monsoon,27.379022835253366,Weekday,None,Afternoon,Urban,Chocolate,122,6100
2023-08-01,8,Monsoon,27.379022835253366,Weekday,None,Afternoon,Urban,Strawberry,102,4590
2023-08-01,8,Monsoon,27.379022835253366,Weekday,None,Afternoon,Urban,Butterscotch,133,7315
2023-08-01,8,Monsoon,27.379022835253366,Weekday,None,Afternoon,Urban,Coffee,87,5220
2023-08-02,8,Monsoon,31.332741091338505,Weekday,Christmas,Afternoon,Urban,Vanilla,166,6640
2023-08-02,8,Monsoon,31.332741091338505,Weekday,Christmas,Afternoon,Urban,Chocolate,195,9750
2023-08-02,8,Monsoon,31.332741091338505,Weekday,Christmas,Afternoon,Urban,Strawberry,148,6660
2023-08-02,8,Monsoon,31.332741091338505,Weekday,Christmas,Afternoon,Urban,Butterscotch,175,9625
2023-08-02,8,Monsoon,31.332741091338505,Weekday,Christmas,Afternoon,Urban,Coffee,108,6480
2023-08-03,8,Monsoon,33.67602280841266,Weekday,None,Evening,Rural,Vanilla,132,5280
2023-08-03,8,Monsoon,33.67602280841266,Weekday,None,Evening,Rural,Chocolate,176,8800
2023-08-03,8,Monsoon,33.67602280841266,Weekday,None,Evening,Rural,Strawberry,136,6120
2023-08-03,8,Monsoon,33.67602280841266,Weekday,None,Evening,Rural,Butterscotch,151,8305
2023-08-03,8,Monsoon,33.67602280841266,Weekday,None,Evening,Rural,Coffee,106,6360
2023-08-04,8,Monsoon,28.048409111990196,Weekday,None,Afternoon,Urban,Vanilla,101,4040
2023-08-04,8,Monsoon,28.048409111990196,Weekday,None,Afternoon,Urban,Chocolate,98,4900
2023-08-04,8,Monsoon,28.048409111990196,Weekday,None,Afternoon,Urban,Strawberry,98,4410
2023-08-04,8,Monsoon,28.048409111990196,Weekday,None,Afternoon,Urban,Butterscotch,117,6435
2023-08-04,8,Monsoon,28.048409111990196,Weekday,None,Afternoon,Urban,Coffee,93,5580
2023-08-05,8,Monsoon,29.08921544886858,Weekend,Summer Vacation,Evening,Urban,Vanilla,221,8840
2023-08-05,8,Monsoon,29.08921544886858,Weekend,Summer Vacation,Evening,Urban,Chocolate,233,11650
2023-08-05,8,Monsoon,29.08921544886858,Weekend,Summer Vacation,Evening,Urban,Strawberry,166,7470
2023-08-05,8,Monsoon,29.08921544886858,Weekend,Summer Vacation,Evening,Urban,Butterscotch,202,11110
2023-08-05,8,Monsoon,29.08921544886858,Weekend,Summer Vacation,Evening,Urban,Coffee,168,10080
2023-08-06,8,Monsoon,27.637239529860853,Weekend,None,Morning,Urban,Vanilla,147,5880
2023-08-06,8,Monsoon,27.637239529860853,Weekend,None,Morning,Urban,Chocolate,177,8850
2023-08-06,8,Monsoon,27.637239529860853,Weekend,None,Morning,Urban,Strawberry,128,5760
2023-08-06,8,Monsoon,27.637239529860853,Weekend,None,Morning,Urban,Butterscotch,148,8140
2023-08-06,8,Monsoon,27.637239529860853,Weekend,None,Morning,Urban,Coffee,112,6720
2023-08-07,8,Monsoon,28.0662187661184,Weekday,Navratri,Afternoon,Rural,Vanilla,114,4560
2023-08-07,8,Monsoon,28.0662187661184,Weekday,Navratri,Afternoon,Rural,Chocolate,137,6850
2023-08-07,8,Monsoon,28.0662187661184,Weekday,Navratri,Afternoon,Rural,Strawberry,135,6075
2023-08-07,8,Monsoon,28.0662187661184,Weekday,Navratri,Afternoon,Rural,Butterscotch,140,7700
2023-08-07,8,Monsoon,28.0662187661184,Weekday,Navratri,Afternoon,Rural,Coffee,108,6480
2023-08-08,8,Monsoon,27.355847976344144,Weekday,None,Morning,Urban,Vanilla,93,3720
2023-08-08,8,Monsoon,27.355847976344144,Weekday,None,Morning,Urban,Chocolate,130,6500
2023-08-08,8,Monsoon,27.355847976344144,Weekday,None,Morning,Urban,Strawberry,86,3870
2023-08-08,8,Monsoon,27.355847976344144,Weekday,None,Morning,Urban,Butterscotch,141,7755
2023-08-08,8,Monsoon,27.355847976344144,Weekday,None,Morning,Urban,Coffee,79,4740
2023-08-09,8,Monsoon,28.13600124365838,Weekday,Summer Vacation,Afternoon,Urban,Vanilla,155,6200
2023-08-09,8,Monsoon,28.13600124365838,Weekday,Summer Vacation,Afternoon,Urban,Chocolate,188,9400
2023-08-09,8,Monsoon,28.13600124365838,Weekday,Summer Vacation,Afternoon,Urban,Strawberry,148,6660
2023-08-09,8,Monsoon,28.13600124365838,Weekday,Summer Vacation,Afternoon,Urban,Butterscotch,156,8580
2023-08-09,8,Monsoon,28.13600124365838,Weekday,Summer Vacation,Afternoon,Urban,Coffee,102,6120
2023-08-10,8,Monsoon,29.535687275732666,Weekday,None,Night,Urban,Vanilla,106,4240
2023-08-10,8,Monsoon,29.535687275732666,Weekday,None,Night,Urban,Chocolate,162,8100
2023-08-10,8,Monsoon,29.535687275732666,Weekday,None,Night,Urban,Strawberry,78,3510
2023-08-10,8,Monsoon,29.535687275732666,Weekday,None,Night,Urban,Butterscotch,132,7260
2023-08-10,8,Monsoon,29.535687275732666,Weekday,None,Night,Urban,Coffee,107,6420
2023-08-11,8,Monsoon,28.157044505388455,Weekday,None,Evening,Rural,Vanilla,102,4080
2023-08-11,8,Monsoon,28.157044505388455,Weekday,None,Evening,Rural,Chocolate,168,8400
2023-08-11,8,Monsoon,28.157044505388455,Weekday,None,Evening,Rural,Strawberry,112,5040
2023-08-11,8,Monsoon,28.157044505388455,Weekday,None,Evening,Rural,Butterscotch,140,7700
2023-08-11,8,Monsoon,28.157044505388455,Weekday,None,Evening,Rural,Coffee,116,6960
2023-08-12,8,Monsoon,29.89478787413795,Weekend,None,Morning,Rural,Vanilla,107,4280
2023-08-12,8,Monsoon,29.89478787413795,Weekend,None,Morning,Rural,Chocolate,130,6500
2023-08-12,8,Monsoon,29.89478787413795,Weekend,None,Morning,Rural,Strawberry,88,3960
2023-08-12,8,Monsoon,29.89478787413795,Weekend,None,Morning,Rural,Butterscotch,125,6875
2023-08-12,8,Monsoon,29.89478787413795,Weekend,None,Morning,Rural,Coffee,88,5280
2023-08-13,8,Monsoon,33.290072841537416,Weekend,None,Evening,Urban,Vanilla,193,7720
2023-08-13,8,Monsoon,33.290072841537416,Weekend,None,Evening,Urban,Chocolate,215,10750
2023-08-13,8,Monsoon,33.290072841537416,Weekend,None,Evening,Urban,Strawberry,180,8100
2023-08-13,8,Monsoon,33.290072841537416,Weekend,None,Evening,Urban,Butterscotch,212,11660
2023-08-13,8,Monsoon,33.290072841537416,Weekend,None,Evening,Urban,Coffee,122,7320
2023-08-14,8,Monsoon,30.174524826928355,Weekday,None,Evening,Urban,Vanilla,147,5880
2023-08-14,8,Monsoon,30.174524826928355,Weekday,None,Evening,Urban,Chocolate,161,8050
2023-08-14,8,Monsoon,30.174524826928355,Weekday,None,Evening,Urban,Strawberry,147,6615
2023-08-14,8,Monsoon,30.174524826928355,Weekday,None,Evening,Urban,Butterscotch,180,9900
2023-08-14,8,Monsoon,30.174524826928355,Weekday,None,Evening,Urban,Coffee,114,6840
2023-08-15,8,Monsoon,29.977854479278058,Weekday,None,Evening,Urban,Vanilla,143,5720
2023-08-15,8,Monsoon,29.977854479278058,Weekday,None,Evening,Urban,Chocolate,184,9200
2023-08-15,8,Monsoon,29.977854479278058,Weekday,None,Evening,Urban,Strawberry,114,5130
2023-08-15,8,Monsoon,29.977854479278058,Weekday,None,Evening,Urban,Butterscotch,161,8855
2023-08-15,8,Monsoon,29.977854479278058,Weekday,None,Evening,Urban,Coffee,135,8100
2023-08-16,8,Monsoon,28.896954142950708,Weekday,None,Afternoon,Urban,Vanilla,124,4960
2023-08-16,8,Monsoon,28.896954142950708,Weekday,None,Afternoon,Urban,Chocolate,152,7600
2023-08-16,8,Monsoon,28.896954142950708,Weekday,None,Afternoon,Urban,Strawberry,99,4455
2023-08-16,8,Monsoon,28.896954142950708,Weekday,None,Afternoon,Urban,Butterscotch,123,6765
2023-08-16,8,Monsoon,28.896954142950708,Weekday,None,Afternoon,Urban,Coffee,105,6300
2023-08-17,8,Monsoon,29.44370503360609,Weekday,None,Evening,Urban,Vanilla,142,5680
2023-08-17,8,Monsoon,29.44370503360609,Weekday,None,Evening,Urban,Chocolate,200,10000
2023-08-17,8,Monsoon,29.44370503360609,Weekday,None,Evening,Urban,Strawberry,132,5940
2023-08-17,8,Monsoon,29.44370503360609,Weekday,None,Evening,Urban,Butterscotch,148,8140
2023-08-17,8,Monsoon,29.44370503360609,Weekday,None,Evening,Urban,Coffee,87,5220
2023-08-18,8,Monsoon,26.055925853946416,Weekday,None,Evening,Urban,Vanilla,117,4680
2023-08-18,8,Monsoon,26.055925853946416,Weekday,None,Evening,Urban,Chocolate,196,9800
2023-08-18,8,Monsoon,26.055925853946416,Weekday,None,Evening,Urban,Strawberry,128,5760
2023-08-18,8,Monsoon,26.055925853946416,Weekday,None,Evening,Urban,Butterscotch,138,7590
2023-08-18,8,Monsoon,26.055925853946416,Weekday,None,Evening,Urban,Coffee,96,5760
2023-08-19,8,Monsoon,29.289815938661807,Weekend,Diwali,Evening,Urban,Vanilla,207,8280
2023-08-19,8,Monsoon,29.289815938661807,Weekend,Diwali,Evening,Urban,Chocolate,246,12300
2023-08-19,8,Monsoon,29.289815938661807,Weekend,Diwali,Evening,Urban,Strawberry,218,9810
2023-08-19,8,Monsoon,29.289815938661807,Weekend,Diwali,Evening,Urban,Butterscotch,191,10505
2023-08-19,8,Monsoon,29.289815938661807,Weekend,Diwali,Evening,Urban,Coffee,172,10320
2023-08-20,8,Monsoon,28.770395502481872,Weekend,Holi,Morning,Urban,Vanilla,179,7160
2023-08-20,8,Monsoon,28.770395502481872,Weekend,Holi,Morning,Urban,Chocolate,210,10500
2023-08-20,8,Monsoon,28.770395502481872,Weekend,Holi,Morning,Urban,Strawberry,180,8100
2023-08-20,8,Monsoon,28.770395502481872,Weekend,Holi,Morning,Urban,Butterscotch,163,8965
2023-08-20,8,Monsoon,28.770395502481872,Weekend,Holi,Morning,Urban,Coffee,137,8220
2023-08-21,8,Monsoon,27.586190441724806,Weekday,None,Evening,Urban,Vanilla,150,6000
2023-08-21,8,Monsoon,27.586190441724806,Weekday,None,Evening,Urban,Chocolate,182,9100
2023-08-21,8,Monsoon,27.586190441724806,Weekday,None,Evening,Urban,Strawberry,109,4905
2023-08-21,8,Monsoon,27.586190441724806,Weekday,None,Evening,Urban,Butterscotch,172,9460
2023-08-21,8,Monsoon,27.586190441724806,Weekday,None,Evening,Urban,Coffee,121,7260
2023-08-22,8,Monsoon,27.531533356057924,Weekday,None,Night,Urban,Vanilla,110,4400
2023-08-22,8,Monsoon,27.531533356057924,Weekday,None,Night,Urban,Chocolate,126,6300
2023-08-22,8,Monsoon,27.531533356057924,Weekday,None,Night,Urban,Strawberry,101,4545
2023-08-22,8,Monsoon,27.531533356057924,Weekday,None,Night,Urban,Butterscotch,135,7425
2023-08-22,8,Monsoon,27.531533356057924,Weekday,None,Night,Urban,Coffee,92,5520
2023-08-23,8,Monsoon,29.085565804248642,Weekday,None,Night,Urban,Vanilla,124,4960
2023-08-23,8,Monsoon,29.085565804248642,Weekday,None,Night,Urban,Chocolate,139,6950
2023-08-23,8,Monsoon,29.085565804248642,Weekday,None,Night,Urban,Strawberry,94,4230
2023-08-23,8,Monsoon,29.085565804248642,Weekday,None,Night,Urban,Butterscotch,126,6930
2023-08-23,8,Monsoon,29.085565804248642,Weekday,None,Night,Urban,Coffee,69,4140
2023-08-24,8,Monsoon,33.55417299610661,Weekday,None,Afternoon,Urban,Vanilla,112,4480
2023-08-24,8,Monsoon,33.55417299610661,Weekday,None,Afternoon,Urban,Chocolate,164,8200
2023-08-24,8,Monsoon,33.55417299610661,Weekday,None,Afternoon,Urban,Strawberry,132,5940
2023-08-24,8,Monsoon,33.55417299610661,Weekday,None,Afternoon,Urban,Butterscotch,151,8305
2023-08-24,8,Monsoon,33.55417299610661,Weekday,None,Afternoon,Urban,Coffee,101,6060
2023-08-25,8,Monsoon,29.464973236838734,Weekday,None,Morning,Urban,Vanilla,131,5240
2023-08-25,8,Monsoon,29.464973236838734,Weekday,None,Morning,Urban,Chocolate,174,8700
2023-08-25,8,Monsoon,29.464973236838734,Weekday,None,Morning,Urban,Strawberry,96,4320
2023-08-25,8,Monsoon,29.464973236838734,Weekday,None,Morning,Urban,Butterscotch,154,8470
2023-08-25,8,Monsoon,29.464973236838734,Weekday,None,Morning,Urban,Coffee,100,6000
2023-08-26,8,Monsoon,29.9981916322755,Weekend,None,Afternoon,Urban,Vanilla,114,4560
2023-08-26,8,Monsoon,29.9981916322755,Weekend,None,Afternoon,Urban,Chocolate,167,8350
2023-08-26,8,Monsoon,29.9981916322755,Weekend,None,Afternoon,Urban,Strawberry,98,4410
2023-08-26,8,Monsoon,29.9981916322755,Weekend,None,Afternoon,Urban,Butterscotch,144,7920
2023-08-26,8,Monsoon,29.9981916322755,Weekend,None,Afternoon,Urban,Coffee,83,4980
2023-08-27,8,Monsoon,29.858356239749998,Weekend,None,Afternoon,Rural,Vanilla,127,5080
2023-08-27,8,Monsoon,29.858356239749998,Weekend,None,Afternoon,Rural,Chocolate,119,5950
2023-08-27,8,Monsoon,29.858356239749998,Weekend,None,Afternoon,Rural,Strawberry,86,3870
2023-08-27,8,Monsoon,29.858356239749998,Weekend,None,Afternoon,Rural,Butterscotch,136,7480
2023-08-27,8,Monsoon,29.858356239749998,Weekend,None,Afternoon,Rural,Coffee,91,5460
2023-08-28,8,Monsoon,28.72297551078555,Weekday,None,Afternoon,Rural,Vanilla,84,3360
2023-08-28,8,Monsoon,28.72297551078555,Weekday,None,Afternoon,Rural,Chocolate,80,4000
2023-08-28,8,Monsoon,28.72297551078555,Weekday,None,Afternoon,Rural,Strawberry,63,2835
2023-08-28,8,Monsoon,28.72297551078555,Weekday,None,Afternoon,Rural,Butterscotch,102,5610
2023-08-28,8,Monsoon,28.72297551078555,Weekday,None,Afternoon,Rural,Coffee,76,4560
2023-08-29,8,Monsoon,29.612877668510336,Weekday,None,Morning,Urban,Vanilla,118,4720
2023-08-29,8,Monsoon,29.612877668510336,Weekday,None,Morning,Urban,Chocolate,124,6200
2023-08-29,8,Monsoon,29.612877668510336,Weekday,None,Morning,Urban,Strawberry,103,4635
2023-08-29,8,Monsoon,29.612877668510336,Weekday,None,Morning,Urban,Butterscotch,139,7645
2023-08-29,8,Monsoon,29.612877668510336,Weekday,None,Morning,Urban,Coffee,71,4260
2023-08-30,8,Monsoon,29.40169018623142,Weekday,None,Evening,Rural,Vanilla,124,4960
2023-08-30,8,Monsoon,29.40169018623142,Weekday,None,Evening,Rural,Chocolate,173,8650
2023-08-30,8,Monsoon,29.40169018623142,Weekday,None,Evening,Rural,Strawberry,141,6345
2023-08-30,8,Monsoon,29.40169018623142,Weekday,None,Evening,Rural,Butterscotch,109,5995
2023-08-30,8,Monsoon,29.40169018623142,Weekday,None,Evening,Rural,Coffee,101,6060
2023-08-31,8,Monsoon,29.172860378175084,Weekday,None,Night,Urban,Vanilla,111,4440
2023-08-31,8,Monsoon,29.172860378175084,Weekday,None,Night,Urban,Chocolate,142,7100
2023-08-31,8,Monsoon,29.172860378175084,Weekday,None,Night,Urban,Strawberry,95,4275
2023-08-31,8,Monsoon,29.172860378175084,Weekday,None,Night,Urban,Butterscotch,101,5555
2023-08-31,8,Monsoon,29.172860378175084,Weekday,None,Night,Urban,Coffee,83,4980
2023-09-01,9,Monsoon,26.216083238096537,Weekday,None,Afternoon,Urban,Vanilla,134,5360
2023-09-01,9,Monsoon,26.216083238096537,Weekday,None,Afternoon,Urban,Chocolate,135,6750
2023-09-01,9,Monsoon,26.216083238096537,Weekday,None,Afternoon,Urban,Strawberry,99,4455
2023-09-01,9,Monsoon,26.216083238096537,Weekday,None,Afternoon,Urban,Butterscotch,131,7205
2023-09-01,9,Monsoon,26.216083238096537,Weekday,None,Afternoon,Urban,Coffee,77,4620
2023-09-02,9,Monsoon,29.115204452010484,Weekend,None,Night,Urban,Vanilla,127,5080
2023-09-02,9,Monsoon,29.115204452010484,Weekend,None,Night,Urban,Chocolate,180,9000
2023-09-02,9,Monsoon,29.115204452010484,Weekend,None,Night,Urban,Strawberry,131,5895
2023-09-02,9,Monsoon,29.115204452010484,Weekend,None,Night,Urban,Butterscotch,154,8470
2023-09-02,9,Monsoon,29.115204452010484,Weekend,None,Night,Urban,Coffee,111,6660
2023-09-03,9,Monsoon,29.80047171105355,Weekend,None,Morning,Urban,Vanilla,142,5680
2023-09-03,9,Monsoon,29.80047171105355,Weekend,None,Morning,Urban,Chocolate,170,8500
2023-09-03,9,Monsoon,29.80047171105355,Weekend,None,Morning,Urban,Strawberry,110,4950
2023-09-03,9,Monsoon,29.80047171105355,Weekend,None,Morning,Urban,Butterscotch,188,10340
2023-09-03,9,Monsoon,29.80047171105355,Weekend,None,Morning,Urban,Coffee,106,6360
2023-09-04,9,Monsoon,30.290075710897995,Weekday,None,Afternoon,Urban,Vanilla,120,4800
2023-09-04,9,Monsoon,30.290075710897995,Weekday,None,Afternoon,Urban,Chocolate,121,6050
2023-09-04,9,Monsoon,30.290075710897995,Weekday,None,Afternoon,Urban,Strawberry,121,5445
2023-09-04,9,Monsoon,30.290075710897995,Weekday,None,Afternoon,Urban,Butterscotch,112,6160
2023-09-04,9,Monsoon,30.290075710897995,Weekday,None,Afternoon,Urban,Coffee,90,5400
2023-09-05,9,Monsoon,28.48475902897801,Weekday,None,Evening,Urban,Vanilla,144,5760
2023-09-05,9,Monsoon,28.48475902897801,Weekday,None,Evening,Urban,Chocolate,173,8650
2023-09-05,9,Monsoon,28.48475902897801,Weekday,None,Evening,Urban,Strawberry,118,5310
2023-09-05,9,Monsoon,28.48475902897801,Weekday,None,Evening,Urban,Butterscotch,168,9240
2023-09-05,9,Monsoon,28.48475902897801,Weekday,None,Evening,Urban,Coffee,126,7560
2023-09-06,9,Monsoon,28.32588502791075,Weekday,None,Evening,Rural,Vanilla,122,4880
2023-09-06,9,Monsoon,28.32588502791075,Weekday,None,Evening,Rural,Chocolate,120,6000
2023-09-06,9,Monsoon,28.32588502791075,Weekday,None,Evening,Rural,Strawberry,108,4860
2023-09-06,9,Monsoon,28.32588502791075,Weekday,None,Evening,Rural,Butterscotch,139,7645
2023-09-06,9,Monsoon,28.32588502791075,Weekday,None,Evening,Rural,Coffee,106,6360
2023-09-07,9,Monsoon,27.61529845153241,Weekday,Navratri,Afternoon,Rural,Vanilla,112,4480
2023-09-07,9,Monsoon,27.61529845153241,Weekday,Navratri,Afternoon,Rural,Chocolate,141,7050
2023-09-07,9,Monsoon,27.61529845153241,Weekday,Navratri,Afternoon,Rural,Strawberry,126,5670
2023-09-07,9,Monsoon,27.61529845153241,Weekday,Navratri,Afternoon,Rural,Butterscotch,138,7590
2023-09-07,9,Monsoon,27.61529845153241,Weekday,Navratri,Afternoon,Rural,Coffee,116,6960
2023-09-08,9,Monsoon,30.596119746704684,Weekday,None,Evening,Rural,Vanilla,109,4360
2023-09-08,9,Monsoon,30.596119746704684,Weekday,None,Evening,Rural,Chocolate,159,7950
2023-09-08,9,Monsoon,30.596119746704684,Weekday,None,Evening,Rural,Strawberry,106,4770
2023-09-08,9,Monsoon,30.596119746704684,Weekday,None,Evening,Rural,Butterscotch,126,6930
2023-09-08,9,Monsoon,30.596119746704684,Weekday,None,Evening,Rural,Coffee,101,6060
2023-09-09,9,Monsoon,29.274704958814073,Weekend,None,Afternoon,Urban,Vanilla,181,7240
2023-09-09,9,Monsoon,29.274704958814073,Weekend,None,Afternoon,Urban,Chocolate,203,10150
2023-09-09,9,Monsoon,29.274704958814073,Weekend,None,Afternoon,Urban,Strawberry,133,5985
2023-09-09,9,Monsoon,29.274704958814073,Weekend,None,Afternoon,Urban,Butterscotch,138,7590
2023-09-09,9,Monsoon,29.274704958814073,Weekend,None,Afternoon,Urban,Coffee,131,7860
2023-09-10,9,Monsoon,27.015912878445732,Weekend,None,Afternoon,Urban,Vanilla,122,4880
2023-09-10,9,Monsoon,27.015912878445732,Weekend,None,Afternoon,Urban,Chocolate,165,8250
2023-09-10,9,Monsoon,27.015912878445732,Weekend,None,Afternoon,Urban,Strawberry,144,6480
2023-09-10,9,Monsoon,27.015912878445732,Weekend,None,Afternoon,Urban,Butterscotch,124,6820
2023-09-10,9,Monsoon,27.015912878445732,Weekend,None,Afternoon,Urban,Coffee,77,4620
2023-09-11,9,Monsoon,28.750226229299866,Weekday,Navratri,Night,Urban,Vanilla,151,6040
2023-09-11,9,Monsoon,28.750226229299866,Weekday,Navratri,Night,Urban,Chocolate,188,9400
2023-09-11,9,Monsoon,28.750226229299866,Weekday,Navratri,Night,Urban,Strawberry,139,6255
2023-09-11,9,Monsoon,28.750226229299866,Weekday,Navratri,Night,Urban,Butterscotch,154,8470
2023-09-11,9,Monsoon,28.750226229299866,Weekday,Navratri,Night,Urban,Coffee,100,6000
2023-09-12,9,Monsoon,30.983500690893113,Weekday,Navratri,Evening,Rural,Vanilla,165,6600
2023-09-12,9,Monsoon,30.983500690893113,Weekday,Navratri,Evening,Rural,Chocolate,181,9050
2023-09-12,9,Monsoon,30.983500690893113,Weekday,Navratri,Evening,Rural,Strawberry,172,7740
2023-09-12,9,Monsoon,30.983500690893113,Weekday,Navratri,Evening,Rural,Butterscotch,169,9295
2023-09-12,9,Monsoon,30.983500690893113,Weekday,Navratri,Evening,Rural,Coffee,129,7740
2023-09-13,9,Monsoon,30.112044193684582,Weekday,None,Afternoon,Urban,Vanilla,111,4440
2023-09-13,9,Monsoon,30.112044193684582,Weekday,None,Afternoon,Urban,Chocolate,150,7500
2023-09-13,9,Monsoon,30.112044193684582,Weekday,None,Afternoon,Urban,Strawberry,117,5265
2023-09-13,9,Monsoon,30.112044193684582,Weekday,None,Afternoon,Urban,Butterscotch,123,6765
2023-09-13,9,Monsoon,30.112044193684582,Weekday,None,Afternoon,Urban,Coffee,91,5460
2023-09-14,9,Monsoon,29.527806234437517,Weekday,None,Evening,Urban,Vanilla,146,5840
2023-09-14,9,Monsoon,29.527806234437517,Weekday,None,Evening,Urban,Chocolate,195,9750
2023-09-14,9,Monsoon,29.527806234437517,Weekday,None,Evening,Urban,Strawberry,126,5670
2023-09-14,9,Monsoon,29.527806234437517,Weekday,None,Evening,Urban,Butterscotch,148,8140
2023-09-14,9,Monsoon,29.527806234437517,Weekday,None,Evening,Urban,Coffee,119,7140
2023-09-15,9,Monsoon,29.214339830519194,Weekday,None,Afternoon,Rural,Vanilla,76,3040
2023-09-15,9,Monsoon,29.214339830519194,Weekday,None,Afternoon,Rural,Chocolate,99,4950
2023-09-15,9,Monsoon,29.214339830519194,Weekday,None,Afternoon,Rural,Strawberry,95,4275
2023-09-15,9,Monsoon,29.214339830519194,Weekday,None,Afternoon,Rural,Butterscotch,89,4895
2023-09-15,9,Monsoon,29.214339830519194,Weekday,None,Afternoon,Rural,Coffee,83,4980
2023-09-16,9,Monsoon,29.061495166174996,Weekend,None,Morning,Rural,Vanilla,77,3080
2023-09-16,9,Monsoon,29.061495166174996,Weekend,None,Morning,Rural,Chocolate,178,8900
2023-09-16,9,Monsoon,29.061495166174996,Weekend,None,Morning,Rural,Strawberry,84,3780
2023-09-16,9,Monsoon,29.061495166174996,Weekend,None,Morning,Rural,Butterscotch,116,6380
2023-09-16,9,Monsoon,29.061495166174996,Weekend,None,Morning,Rural,Coffee,95,5700
2023-09-17,9,Monsoon,30.200425931488557,Weekend,None,Evening,Urban,Vanilla,184,7360
2023-09-17,9,Monsoon,30.200425931488557,Weekend,None,Evening,Urban,Chocolate,210,10500
2023-09-17,9,Monsoon,30.200425931488557,Weekend,None,Evening,Urban,Strawberry,140,6300
2023-09-17,9,Monsoon,30.200425931488557,Weekend,None,Evening,Urban,Butterscotch,220,12100
2023-09-17,9,Monsoon,30.200425931488557,Weekend,None,Evening,Urban,Coffee,142,8520
2023-09-18,9,Monsoon,30.352957337546083,Weekday,None,Morning,Urban,Vanilla,117,4680
2023-09-18,9,Monsoon,30.352957337546083,Weekday,None,Morning,Urban,Chocolate,156,7800
2023-09-18,9,Monsoon,30.352957337546083,Weekday,None,Morning,Urban,Strawberry,118,5310
2023-09-18,9,Monsoon,30.352957337546083,Weekday,None,Morning,Urban,Butterscotch,147,8085
2023-09-18,9,Monsoon,30.352957337546083,Weekday,None,Morning,Urban,Coffee,96,5760
2023-09-19,9,Monsoon,27.800355953360302,Weekday,None,Night,Rural,Vanilla,65,2600
2023-09-19,9,Monsoon,27.800355953360302,Weekday,None,Night,Rural,Chocolate,100,5000
2023-09-19,9,Monsoon,27.800355953360302,Weekday,None,Night,Rural,Strawberry,91,4095
2023-09-19,9,Monsoon,27.800355953360302,Weekday,None,Night,Rural,Butterscotch,89,4895
2023-09-19,9,Monsoon,27.800355953360302,Weekday,None,Night,Rural,Coffee,60,3600
2023-09-20,9,Monsoon,25.945917878359086,Weekday,None,Morning,Urban,Vanilla,100,4000
2023-09-20,9,Monsoon,25.945917878359086,Weekday,None,Morning,Urban,Chocolate,105,5250
2023-09-20,9,Monsoon,25.945917878359086,Weekday,None,Morning,Urban,Strawberry,127,5715
2023-09-20,9,Monsoon,25.945917878359086,Weekday,None,Morning,Urban,Butterscotch,137,7535
2023-09-20,9,Monsoon,25.945917878359086,Weekday,None,Morning,Urban,Coffee,74,4440
2023-09-21,9,Monsoon,29.544842793307218,Weekday,Summer Vacation,Evening,Urban,Vanilla,189,7560
2023-09-21,9,Monsoon,29.544842793307218,Weekday,Summer Vacation,Evening,Urban,Chocolate,214,10700
2023-09-21,9,Monsoon,29.544842793307218,Weekday,Summer Vacation,Evening,Urban,Strawberry,152,6840
2023-09-21,9,Monsoon,29.544842793307218,Weekday,Summer Vacation,Evening,Urban,Butterscotch,192,10560
2023-09-21,9,Monsoon,29.544842793307218,Weekday,Summer Vacation,Evening,Urban,Coffee,157,9420
2023-09-22,9,Monsoon,29.72205029028551,Weekday,None,Evening,Urban,Vanilla,163,6520
2023-09-22,9,Monsoon,29.72205029028551,Weekday,None,Evening,Urban,Chocolate,161,8050
2023-09-22,9,Monsoon,29.72205029028551,Weekday,None,Evening,Urban,Strawberry,144,6480
2023-09-22,9,Monsoon,29.72205029028551,Weekday,None,Evening,Urban,Butterscotch,157,8635
2023-09-22,9,Monsoon,29.72205029028551,Weekday,None,Evening,Urban,Coffee,131,7860
2023-09-23,9,Monsoon,26.0590208975375,Weekend,None,Morning,Urban,Vanilla,109,4360
2023-09-23,9,Monsoon,26.0590208975375,Weekend,None,Morning,Urban,Chocolate,163,8150
2023-09-23,9,Monsoon,26.0590208975375,Weekend,None,Morning,Urban,Strawberry,99,4455
2023-09-23,9,Monsoon,26.0590208975375,Weekend,None,Morning,Urban,Butterscotch,145,7975
2023-09-23,9,Monsoon,26.0590208975375,Weekend,None,Morning,Urban,Coffee,122,7320
2023-09-24,9,Monsoon,30.645434749000877,Weekend,None,Evening,Urban,Vanilla,190,7600
2023-09-24,9,Monsoon,30.645434749000877,Weekend,None,Evening,Urban,Chocolate,229,11450
2023-09-24,9,Monsoon,30.645434749000877,Weekend,None,Evening,Urban,Strawberry,161,7245
2023-09-24,9,Monsoon,30.645434749000877,Weekend,None,Evening,Urban,Butterscotch,166,9130
2023-09-24,9,Monsoon,30.645434749000877,Weekend,None,Evening,Urban,Coffee,123,7380
2023-09-25,9,Monsoon,31.64548893377027,Weekday,None,Evening,Rural,Vanilla,127,5080
2023-09-25,9,Monsoon,31.64548893377027,Weekday,None,Evening,Rural,Chocolate,167,8350
2023-09-25,9,Monsoon,31.64548893377027,Weekday,None,Evening,Rural,Strawberry,102,4590
2023-09-25,9,Monsoon,31.64548893377027,Weekday,None,Evening,Rural,Butterscotch,147,8085
2023-09-25,9,Monsoon,31.64548893377027,Weekday,None,Evening,Rural,Coffee,107,6420
2023-09-26,9,Monsoon,27.35703028675265,Weekday,None,Afternoon,Urban,Vanilla,109,4360
2023-09-26,9,Monsoon,27.35703028675265,Weekday,None,Afternoon,Urban,Chocolate,130,6500
2023-09-26,9,Monsoon,27.35703028675265,Weekday,None,Afternoon,Urban,Strawberry,119,5355
2023-09-26,9,Monsoon,27.35703028675265,Weekday,None,Afternoon,Urban,Butterscotch,111,6105
2023-09-26,9,Monsoon,27.35703028675265,Weekday,None,Afternoon,Urban,Coffee,92,5520
2023-09-27,9,Monsoon,27.686621308745174,Weekday,None,Evening,Rural,Vanilla,114,4560
2023-09-27,9,Monsoon,27.686621308745174,Weekday,None,Evening,Rural,Chocolate,126,6300
2023-09-27,9,Monsoon,27.686621308745174,Weekday,None,Evening,Rural,Strawberry,99,4455
2023-09-27,9,Monsoon,27.686621308745174,Weekday,None,Evening,Rural,Butterscotch,139,7645
2023-09-27,9,Monsoon,27.686621308745174,Weekday,None,Evening,Rural,Coffee,95,5700
2023-09-28,9,Monsoon,29.350349898618006,Weekday,None,Evening,Rural,Vanilla,108,4320
2023-09-28,9,Monsoon,29.350349898618006,Weekday,None,Evening,Rural,Chocolate,139,6950
2023-09-28,9,Monsoon,29.350349898618006,Weekday,None,Evening,Rural,Strawberry,114,5130
2023-09-28,9,Monsoon,29.350349898618006,Weekday,None,Evening,Rural,Butterscotch,142,7810
2023-09-28,9,Monsoon,29.350349898618006,Weekday,None,Evening,Rural,Coffee,72,4320
2023-09-29,9,Monsoon,27.922478325307807,Weekday,None,Afternoon,Urban,Vanilla,109,4360
2023-09-29,9,Monsoon,27.922478325307807,Weekday,None,Afternoon,Urban,Chocolate,121,6050
2023-09-29,9,Monsoon,27.922478325307807,Weekday,None,Afternoon,Urban,Strawberry,87,3915
2023-09-29,9,Monsoon,27.922478325307807,Weekday,None,Afternoon,Urban,Butterscotch,120,6600
2023-09-29,9,Monsoon,27.922478325307807,Weekday,None,Afternoon,Urban,Coffee,86,5160
2023-09-30,9,Monsoon,30.82366355702674,Weekend,None,Night,Rural,Vanilla,107,4280
2023-09-30,9,Monsoon,30.82366355702674,Weekend,None,Night,Rural,Chocolate,135,6750
2023-09-30,9,Monsoon,30.82366355702674,Weekend,None,Night,Rural,Strawberry,117,5265
2023-09-30,9,Monsoon,30.82366355702674,Weekend,None,Night,Rural,Butterscotch,113,6215
2023-09-30,9,Monsoon,30.82366355702674,Weekend,None,Night,Rural,Coffee,100,6000
2023-10-01,10,Winter,16.89429330994499,Weekend,None,Evening,Rural,Vanilla,97,3880
2023-10-01,10,Winter,16.89429330994499,Weekend,None,Evening,Rural,Chocolate,124,6200
2023-10-01,10,Winter,16.89429330994499,Weekend,None,Evening,Rural,Strawberry,87,3915
2023-10-01,10,Winter,16.89429330994499,Weekend,None,Evening,Rural,Butterscotch,125,6875
2023-10-01,10,Winter,16.89429330994499,Weekend,None,Evening,Rural,Coffee,30,1800
2023-10-02,10,Winter,25.409411525101113,Weekday,None,Night,Rural,Vanilla,67,2680
2023-10-02,10,Winter,25.409411525101113,Weekday,None,Night,Rural,Chocolate,99,4950
2023-10-02,10,Winter,25.409411525101113,Weekday,None,Night,Rural,Strawberry,90,4050
2023-10-02,10,Winter,25.409411525101113,Weekday,None,Night,Rural,Butterscotch,81,4455
2023-10-02,10,Winter,25.409411525101113,Weekday,None,Night,Rural,Coffee,78,4680
2023-10-03,10,Winter,17.10395534492075,Weekday,None,Afternoon,Urban,Vanilla,67,2680
2023-10-03,10,Winter,17.10395534492075,Weekday,None,Afternoon,Urban,Chocolate,88,4400
2023-10-03,10,Winter,17.10395534492075,Weekday,None,Afternoon,Urban,Strawberry,68,3060
2023-10-03,10,Winter,17.10395534492075,Weekday,None,Afternoon,Urban,Butterscotch,79,4345
2023-10-03,10,Winter,17.10395534492075,Weekday,None,Afternoon,Urban,Coffee,65,3900
2023-10-04,10,Winter,21.291687967242378,Weekday,None,Afternoon,Urban,Vanilla,88,3520
2023-10-04,10,Winter,21.291687967242378,Weekday,None,Afternoon,Urban,Chocolate,105,5250
2023-10-04,10,Winter,21.291687967242378,Weekday,None,Afternoon,Urban,Strawberry,108,4860
2023-10-04,10,Winter,21.291687967242378,Weekday,None,Afternoon,Urban,Butterscotch,84,4620
2023-10-04,10,Winter,21.291687967242378,Weekday,None,Afternoon,Urban,Coffee,58,3480
2023-10-05,10,Winter,18.711339025394306,Weekday,None,Night,Urban,Vanilla,85,3400
2023-10-05,10,Winter,18.711339025394306,Weekday,None,Night,Urban,Chocolate,101,5050
2023-10-05,10,Winter,18.711339025394306,Weekday,None,Night,Urban,Strawberry,105,4725
2023-10-05,10,Winter,18.711339025394306,Weekday,None,Night,Urban,Butterscotch,101,5555
2023-10-05,10,Winter,18.711339025394306,Weekday,None,Night,Urban,Coffee,69,4140
2023-10-06,10,Winter,20.42692013295525,Weekday,None,Evening,Urban,Vanilla,129,5160
2023-10-06,10,Winter,20.42692013295525,Weekday,None,Evening,Urban,Chocolate,158,7900
2023-10-06,10,Winter,20.42692013295525,Weekday,None,Evening,Urban,Strawberry,109,4905
2023-10-06,10,Winter,20.42692013295525,Weekday,None,Evening,Urban,Butterscotch,153,8415
2023-10-06,10,Winter,20.42692013295525,Weekday,None,Evening,Urban,Coffee,74,4440
2023-10-07,10,Winter,18.00788460600722,Weekend,None,Morning,Urban,Vanilla,71,2840
2023-10-07,10,Winter,18.00788460600722,Weekend,None,Morning,Urban,Chocolate,141,7050
2023-10-07,10,Winter,18.00788460600722,Weekend,None,Morning,Urban,Strawberry,71,3195
2023-10-07,10,Winter,18.00788460600722,Weekend,None,Morning,Urban,Butterscotch,121,6655
2023-10-07,10,Winter,18.00788460600722,Weekend,None,Morning,Urban,Coffee,79,4740
2023-10-08,10,Winter,20.112829805924786,Weekend,Navratri,Night,Rural,Vanilla,123,4920
2023-10-08,10,Winter,20.112829805924786,Weekend,Navratri,Night,Rural,Chocolate,116,5800
2023-10-08,10,Winter,20.112829805924786,Weekend,Navratri,Night,Rural,Strawberry,112,5040
2023-10-08,10,Winter,20.112829805924786,Weekend,Navratri,Night,Rural,Butterscotch,114,6270
2023-10-08,10,Winter,20.112829805924786,Weekend,Navratri,Night,Rural,Coffee,90,5400
2023-10-09,10,Winter,23.60309469590915,Weekday,None,Morning,Urban,Vanilla,102,4080
2023-10-09,10,Winter,23.60309469590915,Weekday,None,Morning,Urban,Chocolate,134,6700
2023-10-09,10,Winter,23.60309469590915,Weekday,None,Morning,Urban,Strawberry,84,3780
2023-10-09,10,Winter,23.60309469590915,Weekday,None,Morning,Urban,Butterscotch,90,4950
2023-10-09,10,Winter,23.60309469590915,Weekday,None,Morning,Urban,Coffee,76,4560
2023-10-10,10,Winter,23.760392133954177,Weekday,None,Evening,Urban,Vanilla,121,4840
2023-10-10,10,Winter,23.760392133954177,Weekday,None,Evening,Urban,Chocolate,151,7550
2023-10-10,10,Winter,23.760392133954177,Weekday,None,Evening,Urban,Strawberry,88,3960
2023-10-10,10,Winter,23.760392133954177,Weekday,None,Evening,Urban,Butterscotch,135,7425
2023-10-10,10,Winter,23.760392133954177,Weekday,None,Evening,Urban,Coffee,87,5220
2023-10-11,10,Winter,22.10170817104701,Weekday,None,Night,Urban,Vanilla,78,3120
2023-10-11,10,Winter,22.10170817104701,Weekday,None,Night,Urban,Chocolate,113,5650
2023-10-11,10,Winter,22.10170817104701,Weekday,None,Night,Urban,Strawberry,50,2250
2023-10-11,10,Winter,22.10170817104701,Weekday,None,Night,Urban,Butterscotch,84,4620
2023-10-11,10,Winter,22.10170817104701,Weekday,None,Night,Urban,Coffee,70,4200
2023-10-12,10,Winter,18.05748772268549,Weekday,None,Afternoon,Urban,Vanilla,96,3840
2023-10-12,10,Winter,18.05748772268549,Weekday,None,Afternoon,Urban,Chocolate,100,5000
2023-10-12,10,Winter,18.05748772268549,Weekday,None,Afternoon,Urban,Strawberry,93,4185
2023-10-12,10,Winter,18.05748772268549,Weekday,None,Afternoon,Urban,Butterscotch,97,5335
2023-10-12,10,Winter,18.05748772268549,Weekday,None,Afternoon,Urban,Coffee,66,3960
2023-10-13,10,Winter,20.19416667419447,Weekday,None,Afternoon,Urban,Vanilla,81,3240
2023-10-13,10,Winter,20.19416667419447,Weekday,None,Afternoon,Urban,Chocolate,111,5550
2023-10-13,10,Winter,20.19416667419447,Weekday,None,Afternoon,Urban,Strawberry,93,4185
2023-10-13,10,Winter,20.19416667419447,Weekday,None,Afternoon,Urban,Butterscotch,109,5995
2023-10-13,10,Winter,20.19416667419447,Weekday,None,Afternoon,Urban,Coffee,70,4200
2023-10-14,10,Winter,27.99771908900051,Weekend,None,Afternoon,Urban,Vanilla,151,6040
2023-10-14,10,Winter,27.99771908900051,Weekend,None,Afternoon,Urban,Chocolate,175,8750
2023-10-14,10,Winter,27.99771908900051,Weekend,None,Afternoon,Urban,Strawberry,141,6345
2023-10-14,10,Winter,27.99771908900051,Weekend,None,Afternoon,Urban,Butterscotch,137,7535
2023-10-14,10,Winter,27.99771908900051,Weekend,None,Afternoon,Urban,Coffee,103,6180
2023-10-15,10,Winter,18.89107225787869,Weekend,None,Evening,Rural,Vanilla,108,4320
2023-10-15,10,Winter,18.89107225787869,Weekend,None,Evening,Rural,Chocolate,133,6650
2023-10-15,10,Winter,18.89107225787869,Weekend,None,Evening,Rural,Strawberry,124,5580
2023-10-15,10,Winter,18.89107225787869,Weekend,None,Evening,Rural,Butterscotch,137,7535
2023-10-15,10,Winter,18.89107225787869,Weekend,None,Evening,Rural,Coffee,80,4800
2023-10-16,10,Winter,23.16802718265921,Weekday,None,Evening,Urban,Vanilla,141,5640
2023-10-16,10,Winter,23.16802718265921,Weekday,None,Evening,Urban,Chocolate,149,7450
2023-10-16,10,Winter,23.16802718265921,Weekday,None,Evening,Urban,Strawberry,109,4905
2023-10-16,10,Winter,23.16802718265921,Weekday,None,Evening,Urban,Butterscotch,139,7645
2023-10-16,10,Winter,23.16802718265921,Weekday,None,Evening,Urban,Coffee,128,7680
2023-10-17,10,Winter,21.45009787142141,Weekday,None,Afternoon,Rural,Vanilla,69,2760
2023-10-17,10,Winter,21.45009787142141,Weekday,None,Afternoon,Rural,Chocolate,100,5000
2023-10-17,10,Winter,21.45009787142141,Weekday,None,Afternoon,Rural,Strawberry,77,3465
2023-10-17,10,Winter,21.45009787142141,Weekday,None,Afternoon,Rural,Butterscotch,76,4180
2023-10-17,10,Winter,21.45009787142141,Weekday,None,Afternoon,Rural,Coffee,64,3840
2023-10-18,10,Winter,23.586324035076657,Weekday,Summer Vacation,Afternoon,Urban,Vanilla,134,5360
2023-10-18,10,Winter,23.586324035076657,Weekday,Summer Vacation,Afternoon,Urban,Chocolate,156,7800
2023-10-18,10,Winter,23.586324035076657,Weekday,Summer Vacation,Afternoon,Urban,Strawberry,137,6165
2023-10-18,10,Winter,23.586324035076657,Weekday,Summer Vacation,Afternoon,Urban,Butterscotch,143,7865
2023-10-18,10,Winter,23.586324035076657,Weekday,Summer Vacation,Afternoon,Urban,Coffee,139,8340
2023-10-19,10,Winter,23.292587257045113,Weekday,None,Afternoon,Urban,Vanilla,80,3200
2023-10-19,10,Winter,23.292587257045113,Weekday,None,Afternoon,Urban,Chocolate,143,7150
2023-10-19,10,Winter,23.292587257045113,Weekday,None,Afternoon,Urban,Strawberry,83,3735
2023-10-19,10,Winter,23.292587257045113,Weekday,None,Afternoon,Urban,Butterscotch,117,6435
2023-10-19,10,Winter,23.292587257045113,Weekday,None,Afternoon,Urban,Coffee,89,5340
2023-10-20,10,Winter,24.20602346259339,Weekday,None,Evening,Rural,Vanilla,108,4320
2023-10-20,10,Winter,24.20602346259339,Weekday,None,Evening,Rural,Chocolate,113,5650
2023-10-20,10,Winter,24.20602346259339,Weekday,None,Evening,Rural,Strawberry,58,2610
2023-10-20,10,Winter,24.20602346259339,Weekday,None,Evening,Rural,Butterscotch,114,6270
2023-10-20,10,Winter,24.20602346259339,Weekday,None,Evening,Rural,Coffee,83,4980
2023-10-21,10,Winter,22.40669024924413,Weekend,None,Night,Urban,Vanilla,128,5120
2023-10-21,10,Winter,22.40669024924413,Weekend,None,Night,Urban,Chocolate,134,6700
2023-10-21,10,Winter,22.40669024924413,Weekend,None,Night,Urban,Strawberry,107,4815
2023-10-21,10,Winter,22.40669024924413,Weekend,None,Night,Urban,Butterscotch,135,7425
2023-10-21,10,Winter,22.40669024924413,Weekend,None,Night,Urban,Coffee,87,5220
2023-10-22,10,Winter,19.944248357388712,Weekend,Diwali,Evening,Urban,Vanilla,193,7720
2023-10-22,10,Winter,19.944248357388712,Weekend,Diwali,Evening,Urban,Chocolate,198,9900
2023-10-22,10,Winter,19.944248357388712,Weekend,Diwali,Evening,Urban,Strawberry,147,6615
2023-10-22,10,Winter,19.944248357388712,Weekend,Diwali,Evening,Urban,Butterscotch,203,11165
2023-10-22,10,Winter,19.944248357388712,Weekend,Diwali,Evening,Urban,Coffee,130,7800
2023-10-23,10,Winter,19.430954445156388,Weekday,None,Night,Urban,Vanilla,79,3160
2023-10-23,10,Winter,19.430954445156388,Weekday,None,Night,Urban,Chocolate,102,5100
2023-10-23,10,Winter,19.430954445156388,Weekday,None,Night,Urban,Strawberry,69,3105
2023-10-23,10,Winter,19.430954445156388,Weekday,None,Night,Urban,Butterscotch,102,5610
2023-10-23,10,Winter,19.430954445156388,Weekday,None,Night,Urban,Coffee,94,5640
2023-10-24,10,Winter,23.384274498875556,Weekday,None,Morning,Urban,Vanilla,119,4760
2023-10-24,10,Winter,23.384274498875556,Weekday,None,Morning,Urban,Chocolate,104,5200
2023-10-24,10,Winter,23.384274498875556,Weekday,None,Morning,Urban,Strawberry,84,3780
2023-10-24,10,Winter,23.384274498875556,Weekday,None,Morning,Urban,Butterscotch,91,5005
2023-10-24,10,Winter,23.384274498875556,Weekday,None,Morning,Urban,Coffee,94,5640
2023-10-25,10,Winter,27.067566800955035,Weekday,None,Evening,Urban,Vanilla,166,6640
2023-10-25,10,Winter,27.067566800955035,Weekday,None,Evening,Urban,Chocolate,194,9700
2023-10-25,10,Winter,27.067566800955035,Weekday,None,Evening,Urban,Strawberry,92,4140
2023-10-25,10,Winter,27.067566800955035,Weekday,None,Evening,Urban,Butterscotch,172,9460
2023-10-25,10,Winter,27.067566800955035,Weekday,None,Evening,Urban,Coffee,122,7320
2023-10-26,10,Winter,26.921191842799118,Weekday,None,Night,Urban,Vanilla,93,3720
2023-10-26,10,Winter,26.921191842799118,Weekday,None,Night,Urban,Chocolate,131,6550
2023-10-26,10,Winter,26.921191842799118,Weekday,None,Night,Urban,Strawberry,77,3465
2023-10-26,10,Winter,26.921191842799118,Weekday,None,Night,Urban,Butterscotch,122,6710
2023-10-26,10,Winter,26.921191842799118,Weekday,None,Night,Urban,Coffee,104,6240
2023-10-27,10,Winter,21.912350782438043,Weekday,None,Morning,Urban,Vanilla,107,4280
2023-10-27,10,Winter,21.912350782438043,Weekday,None,Morning,Urban,Chocolate,120,6000
2023-10-27,10,Winter,21.912350782438043,Weekday,None,Morning,Urban,Strawberry,82,3690
2023-10-27,10,Winter,21.912350782438043,Weekday,None,Morning,Urban,Butterscotch,135,7425
2023-10-27,10,Winter,21.912350782438043,Weekday,None,Morning,Urban,Coffee,80,4800
2023-10-28,10,Winter,20.659156817252004,Weekend,None,Morning,Urban,Vanilla,117,4680
2023-10-28,10,Winter,20.659156817252004,Weekend,None,Morning,Urban,Chocolate,129,6450
2023-10-28,10,Winter,20.659156817252004,Weekend,None,Morning,Urban,Strawberry,95,4275
2023-10-28,10,Winter,20.659156817252004,Weekend,None,Morning,Urban,Butterscotch,108,5940
2023-10-28,10,Winter,20.659156817252004,Weekend,None,Morning,Urban,Coffee,60,3600
2023-10-29,10,Winter,19.995570855016698,Weekend,None,Afternoon,Urban,Vanilla,112,4480
2023-10-29,10,Winter,19.995570855016698,Weekend,None,Afternoon,Urban,Chocolate,144,7200
2023-10-29,10,Winter,19.995570855016698,Weekend,None,Afternoon,Urban,Strawberry,129,5805
2023-10-29,10,Winter,19.995570855016698,Weekend,None,Afternoon,Urban,Butterscotch,108,5940
2023-10-29,10,Winter,19.995570855016698,Weekend,None,Afternoon,Urban,Coffee,106,6360
2023-10-30,10,Winter,20.85436196681293,Weekday,Diwali,Evening,Urban,Vanilla,180,7200
2023-10-30,10,Winter,20.85436196681293,Weekday,Diwali,Evening,Urban,Chocolate,206,10300
2023-10-30,10,Winter,20.85436196681293,Weekday,Diwali,Evening,Urban,Strawberry,164,7380
2023-10-30,10,Winter,20.85436196681293,Weekday,Diwali,Evening,Urban,Butterscotch,165,9075
2023-10-30,10,Winter,20.85436196681293,Weekday,Diwali,Evening,Urban,Coffee,122,7320
2023-10-31,10,Winter,19.738413658927115,Weekday,None,Evening,Urban,Vanilla,124,4960
2023-10-31,10,Winter,19.738413658927115,Weekday,None,Evening,Urban,Chocolate,121,6050
2023-10-31,10,Winter,19.738413658927115,Weekday,None,Evening,Urban,Strawberry,117,5265
2023-10-31,10,Winter,19.738413658927115,Weekday,None,Evening,Urban,Butterscotch,138,7590
2023-10-31,10,Winter,19.738413658927115,Weekday,None,Evening,Urban,Coffee,90,5400
2023-11-01,11,Winter,26.859439702726966,Weekday,None,Afternoon,Rural,Vanilla,76,3040
2023-11-01,11,Winter,26.859439702726966,Weekday,None,Afternoon,Rural,Chocolate,116,5800
2023-11-01,11,Winter,26.859439702726966,Weekday,None,Afternoon,Rural,Strawberry,77,3465
2023-11-01,11,Winter,26.859439702726966,Weekday,None,Afternoon,Rural,Butterscotch,104,5720
2023-11-01,11,Winter,26.859439702726966,Weekday,None,Afternoon,Rural,Coffee,94,5640
2023-11-02,11,Winter,25.11581820762645,Weekday,Navratri,Evening,Urban,Vanilla,171,6840
2023-11-02,11,Winter,25.11581820762645,Weekday,Navratri,Evening,Urban,Chocolate,190,9500
2023-11-02,11,Winter,25.11581820762645,Weekday,Navratri,Evening,Urban,Strawberry,135,6075
2023-11-02,11,Winter,25.11581820762645,Weekday,Navratri,Evening,Urban,Butterscotch,186,10230
2023-11-02,11,Winter,25.11581820762645,Weekday,Navratri,Evening,Urban,Coffee,138,8280
2023-11-03,11,Winter,27.981588817697784,Weekday,None,Evening,Urban,Vanilla,137,5480
2023-11-03,11,Winter,27.981588817697784,Weekday,None,Evening,Urban,Chocolate,177,8850
2023-11-03,11,Winter,27.981588817697784,Weekday,None,Evening,Urban,Strawberry,143,6435
2023-11-03,11,Winter,27.981588817697784,Weekday,None,Evening,Urban,Butterscotch,146,8030
2023-11-03,11,Winter,27.981588817697784,Weekday,None,Evening,Urban,Coffee,120,7200
2023-11-04,11,Winter,19.778529681003526,Weekend,None,Evening,Rural,Vanilla,127,5080
2023-11-04,11,Winter,19.778529681003526,Weekend,None,Evening,Rural,Chocolate,132,6600
2023-11-04,11,Winter,19.778529681003526,Weekend,None,Evening,Rural,Strawberry,80,3600
2023-11-04,11,Winter,19.778529681003526,Weekend,None,Evening,Rural,Butterscotch,145,7975
2023-11-04,11,Winter,19.778529681003526,Weekend,None,Evening,Rural,Coffee,100,6000
2023-11-05,11,Winter,21.04152978828199,Weekend,None,Evening,Rural,Vanilla,126,5040
2023-11-05,11,Winter,21.04152978828199,Weekend,None,Evening,Rural,Chocolate,153,7650
2023-11-05,11,Winter,21.04152978828199,Weekend,None,Evening,Rural,Strawberry,80,3600
2023-11-05,11,Winter,21.04152978828199,Weekend,None,Evening,Rural,Butterscotch,120,6600
2023-11-05,11,Winter,21.04152978828199,Weekend,None,Evening,Rural,Coffee,118,7080
2023-11-06,11,Winter,26.343389255373598,Weekday,None,Morning,Rural,Vanilla,98,3920
2023-11-06,11,Winter,26.343389255373598,Weekday,None,Morning,Rural,Chocolate,75,3750
2023-11-06,11,Winter,26.343389255373598,Weekday,None,Morning,Rural,Strawberry,71,3195
2023-11-06,11,Winter,26.343389255373598,Weekday,None,Morning,Rural,Butterscotch,90,4950
2023-11-06,11,Winter,26.343389255373598,Weekday,None,Morning,Rural,Coffee,42,2520
2023-11-07,11,Winter,21.176193020438685,Weekday,None,Morning,Rural,Vanilla,81,3240
2023-11-07,11,Winter,21.176193020438685,Weekday,None,Morning,Rural,Chocolate,82,4100
2023-11-07,11,Winter,21.176193020438685,Weekday,None,Morning,Rural,Strawberry,39,1755
2023-11-07,11,Winter,21.176193020438685,Weekday,None,Morning,Rural,Butterscotch,68,3740
2023-11-07,11,Winter,21.176193020438685,Weekday,None,Morning,Rural,Coffee,33,1980
2023-11-08,11,Winter,24.081769699573776,Weekday,None,Night,Urban,Vanilla,112,4480
2023-11-08,11,Winter,24.081769699573776,Weekday,None,Night,Urban,Chocolate,123,6150
2023-11-08,11,Winter,24.081769699573776,Weekday,None,Night,Urban,Strawberry,56,2520
2023-11-08,11,Winter,24.081769699573776,Weekday,None,Night,Urban,Butterscotch,130,7150
2023-11-08,11,Winter,24.081769699573776,Weekday,None,Night,Urban,Coffee,112,6720
2023-11-09,11,Winter,25.85212302050886,Weekday,None,Evening,Urban,Vanilla,84,3360
2023-11-09,11,Winter,25.85212302050886,Weekday,None,Evening,Urban,Chocolate,170,8500
2023-11-09,11,Winter,25.85212302050886,Weekday,None,Evening,Urban,Strawberry,116,5220
2023-11-09,11,Winter,25.85212302050886,Weekday,None,Evening,Urban,Butterscotch,137,7535
2023-11-09,11,Winter,25.85212302050886,Weekday,None,Evening,Urban,Coffee,104,6240
2023-11-10,11,Winter,18.97921791716457,Weekday,None,Afternoon,Rural,Vanilla,62,2480
2023-11-10,11,Winter,18.97921791716457,Weekday,None,Afternoon,Rural,Chocolate,48,2400
2023-11-10,11,Winter,18.97921791716457,Weekday,None,Afternoon,Rural,Strawberry,35,1575
2023-11-10,11,Winter,18.97921791716457,Weekday,None,Afternoon,Rural,Butterscotch,64,3520
2023-11-10,11,Winter,18.97921791716457,Weekday,None,Afternoon,Rural,Coffee,70,4200
2023-11-11,11,Winter,20.393328760903614,Weekend,None,Morning,Urban,Vanilla,99,3960
2023-11-11,11,Winter,20.393328760903614,Weekend,None,Morning,Urban,Chocolate,159,7950
2023-11-11,11,Winter,20.393328760903614,Weekend,None,Morning,Urban,Strawberry,107,4815
2023-11-11,11,Winter,20.393328760903614,Weekend,None,Morning,Urban,Butterscotch,116,6380
2023-11-11,11,Winter,20.393328760903614,Weekend,None,Morning,Urban,Coffee,77,4620
2023-11-12,11,Winter,21.685096877309128,Weekend,Holi,Afternoon,Urban,Vanilla,159,6360
2023-11-12,11,Winter,21.685096877309128,Weekend,Holi,Afternoon,Urban,Chocolate,149,7450
2023-11-12,11,Winter,21.685096877309128,Weekend,Holi,Afternoon,Urban,Strawberry,143,6435
2023-11-12,11,Winter,21.685096877309128,Weekend,Holi,Afternoon,Urban,Butterscotch,200,11000
2023-11-12,11,Winter,21.685096877309128,Weekend,Holi,Afternoon,Urban,Coffee,111,6660
2023-11-13,11,Winter,23.121511435005008,Weekday,None,Evening,Urban,Vanilla,142,5680
2023-11-13,11,Winter,23.121511435005008,Weekday,None,Evening,Urban,Chocolate,156,7800
2023-11-13,11,Winter,23.121511435005008,Weekday,None,Evening,Urban,Strawberry,100,4500
2023-11-13,11,Winter,23.121511435005008,Weekday,None,Evening,Urban,Butterscotch,155,8525
2023-11-13,11,Winter,23.121511435005008,Weekday,None,Evening,Urban,Coffee,109,6540
2023-11-14,11,Winter,23.18373995645266,Weekday,None,Night,Rural,Vanilla,68,2720
2023-11-14,11,Winter,23.18373995645266,Weekday,None,Night,Rural,Chocolate,85,4250
2023-11-14,11,Winter,23.18373995645266,Weekday,None,Night,Rural,Strawberry,76,3420
2023-11-14,11,Winter,23.18373995645266,Weekday,None,Night,Rural,Butterscotch,72,3960
2023-11-14,11,Winter,23.18373995645266,Weekday,None,Night,Rural,Coffee,60,3600
2023-11-15,11,Winter,17.128784253648313,Weekday,Diwali,Evening,Urban,Vanilla,140,5600
2023-11-15,11,Winter,17.128784253648313,Weekday,Diwali,Evening,Urban,Chocolate,168,8400
2023-11-15,11,Winter,17.128784253648313,Weekday,Diwali,Evening,Urban,Strawberry,113,5085
2023-11-15,11,Winter,17.128784253648313,Weekday,Diwali,Evening,Urban,Butterscotch,127,6985
2023-11-15,11,Winter,17.128784253648313,Weekday,Diwali,Evening,Urban,Coffee,113,6780
2023-11-16,11,Winter,22.407578272244972,Weekday,None,Morning,Urban,Vanilla,96,3840
2023-11-16,11,Winter,22.407578272244972,Weekday,None,Morning,Urban,Chocolate,110,5500
2023-11-16,11,Winter,22.407578272244972,Weekday,None,Morning,Urban,Strawberry,98,4410
2023-11-16,11,Winter,22.407578272244972,Weekday,None,Morning,Urban,Butterscotch,110,6050
2023-11-16,11,Winter,22.407578272244972,Weekday,None,Morning,Urban,Coffee,72,4320
2023-11-17,11,Winter,25.87989848572378,Weekday,None,Morning,Urban,Vanilla,136,5440
2023-11-17,11,Winter,25.87989848572378,Weekday,None,Morning,Urban,Chocolate,129,6450
2023-11-17,11,Winter,25.87989848572378,Weekday,None,Morning,Urban,Strawberry,74,3330
2023-11-17,11,Winter,25.87989848572378,Weekday,None,Morning,Urban,Butterscotch,91,5005
2023-11-17,11,Winter,25.87989848572378,Weekday,None,Morning,Urban,Coffee,91,5460
2023-11-18,11,Winter,20.84837577600765,Weekend,Summer Vacation,Evening,Urban,Vanilla,180,7200
2023-11-18,11,Winter,20.84837577600765,Weekend,Summer Vacation,Evening,Urban,Chocolate,179,8950
2023-11-18,11,Winter,20.84837577600765,Weekend,Summer Vacation,Evening,Urban,Strawberry,156,7020
2023-11-18,11,Winter,20.84837577600765,Weekend,Summer Vacation,Evening,Urban,Butterscotch,181,9955
2023-11-18,11,Winter,20.84837577600765,Weekend,Summer Vacation,Evening,Urban,Coffee,147,8820
2023-11-19,11,Winter,17.030858418576923,Weekend,None,Morning,Rural,Vanilla,68,2720
2023-11-19,11,Winter,17.030858418576923,Weekend,None,Morning,Rural,Chocolate,83,4150
2023-11-19,11,Winter,17.030858418576923,Weekend,None,Morning,Rural,Strawberry,81,3645
2023-11-19,11,Winter,17.030858418576923,Weekend,None,Morning,Rural,Butterscotch,84,4620
2023-11-19,11,Winter,17.030858418576923,Weekend,None,Morning,Rural,Coffee,68,4080
2023-11-20,11,Winter,19.056022190447607,Weekday,Holi,Night,Urban,Vanilla,101,4040
2023-11-20,11,Winter,19.056022190447607,Weekday,Holi,Night,Urban,Chocolate,135,6750
2023-11-20,11,Winter,19.056022190447607,Weekday,Holi,Night,Urban,Strawberry,139,6255
2023-11-20,11,Winter,19.056022190447607,Weekday,Holi,Night,Urban,Butterscotch,111,6105
2023-11-20,11,Winter,19.056022190447607,Weekday,Holi,Night,Urban,Coffee,140,8400
2023-11-21,11,Winter,20.828090407745943,Weekday,None,Afternoon,Urban,Vanilla,95,3800
2023-11-21,11,Winter,20.828090407745943,Weekday,None,Afternoon,Urban,Chocolate,115,5750
2023-11-21,11,Winter,20.828090407745943,Weekday,None,Afternoon,Urban,Strawberry,63,2835
2023-11-21,11,Winter,20.828090407745943,Weekday,None,Afternoon,Urban,Butterscotch,108,5940
2023-11-21,11,Winter,20.828090407745943,Weekday,None,Afternoon,Urban,Coffee,68,4080
2023-11-22,11,Winter,22.0875715118067,Weekday,Holi,Afternoon,Urban,Vanilla,141,5640
2023-11-22,11,Winter,22.0875715118067,Weekday,Holi,Afternoon,Urban,Chocolate,170,8500
2023-11-22,11,Winter,22.0875715118067,Weekday,Holi,Afternoon,Urban,Strawberry,99,4455
2023-11-22,11,Winter,22.0875715118067,Weekday,Holi,Afternoon,Urban,Butterscotch,154,8470
2023-11-22,11,Winter,22.0875715118067,Weekday,Holi,Afternoon,Urban,Coffee,105,6300
2023-11-23,11,Winter,26.79527936607352,Weekday,None,Evening,Urban,Vanilla,127,5080
2023-11-23,11,Winter,26.79527936607352,Weekday,None,Evening,Urban,Chocolate,144,7200
2023-11-23,11,Winter,26.79527936607352,Weekday,None,Evening,Urban,Strawberry,88,3960
2023-11-23,11,Winter,26.79527936607352,Weekday,None,Evening,Urban,Butterscotch,158,8690
2023-11-23,11,Winter,26.79527936607352,Weekday,None,Evening,Urban,Coffee,114,6840
2023-11-24,11,Winter,21.145489186773396,Weekday,Summer Vacation,Evening,Urban,Vanilla,156,6240
2023-11-24,11,Winter,21.145489186773396,Weekday,Summer Vacation,Evening,Urban,Chocolate,195,9750
2023-11-24,11,Winter,21.145489186773396,Weekday,Summer Vacation,Evening,Urban,Strawberry,153,6885
2023-11-24,11,Winter,21.145489186773396,Weekday,Summer Vacation,Evening,Urban,Butterscotch,202,11110
2023-11-24,11,Winter,21.145489186773396,Weekday,Summer Vacation,Evening,Urban,Coffee,94,5640
2023-11-25,11,Winter,21.796848407941887,Weekend,None,Evening,Urban,Vanilla,163,6520
2023-11-25,11,Winter,21.796848407941887,Weekend,None,Evening,Urban,Chocolate,191,9550
2023-11-25,11,Winter,21.796848407941887,Weekend,None,Evening,Urban,Strawberry,152,6840
2023-11-25,11,Winter,21.796848407941887,Weekend,None,Evening,Urban,Butterscotch,163,8965
2023-11-25,11,Winter,21.796848407941887,Weekend,None,Evening,Urban,Coffee,103,6180
2023-11-26,11,Winter,14.694063004651335,Weekend,None,Morning,Urban,Vanilla,104,4160
2023-11-26,11,Winter,14.694063004651335,Weekend,None,Morning,Urban,Chocolate,140,7000
2023-11-26,11,Winter,14.694063004651335,Weekend,None,Morning,Urban,Strawberry,93,4185
2023-11-26,11,Winter,14.694063004651335,Weekend,None,Morning,Urban,Butterscotch,93,5115
2023-11-26,11,Winter,14.694063004651335,Weekend,None,Morning,Urban,Coffee,71,4260
2023-11-27,11,Winter,27.583772121941585,Weekday,None,Evening,Urban,Vanilla,128,5120
2023-11-27,11,Winter,27.583772121941585,Weekday,None,Evening,Urban,Chocolate,167,8350
2023-11-27,11,Winter,27.583772121941585,Weekday,None,Evening,Urban,Strawberry,126,5670
2023-11-27,11,Winter,27.583772121941585,Weekday,None,Evening,Urban,Butterscotch,140,7700
2023-11-27,11,Winter,27.583772121941585,Weekday,None,Evening,Urban,Coffee,126,7560
2023-11-28,11,Winter,22.55292719223431,Weekday,None,Afternoon,Urban,Vanilla,91,3640
2023-11-28,11,Winter,22.55292719223431,Weekday,None,Afternoon,Urban,Chocolate,127,6350
2023-11-28,11,Winter,22.55292719223431,Weekday,None,Afternoon,Urban,Strawberry,71,3195
2023-11-28,11,Winter,22.55292719223431,Weekday,None,Afternoon,Urban,Butterscotch,85,4675
2023-11-28,11,Winter,22.55292719223431,Weekday,None,Afternoon,Urban,Coffee,106,6360
2023-11-29,11,Winter,17.14017360500714,Weekday,None,Evening,Rural,Vanilla,81,3240
2023-11-29,11,Winter,17.14017360500714,Weekday,None,Evening,Rural,Chocolate,89,4450
2023-11-29,11,Winter,17.14017360500714,Weekday,None,Evening,Rural,Strawberry,69,3105
2023-11-29,11,Winter,17.14017360500714,Weekday,None,Evening,Rural,Butterscotch,98,5390
2023-11-29,11,Winter,17.14017360500714,Weekday,None,Evening,Rural,Coffee,62,3720
2023-11-30,11,Winter,23.836996642007534,Weekday,None,Afternoon,Urban,Vanilla,86,3440
2023-11-30,11,Winter,23.836996642007534,Weekday,None,Afternoon,Urban,Chocolate,109,5450
2023-11-30,11,Winter,23.836996642007534,Weekday,None,Afternoon,Urban,Strawberry,87,3915
2023-11-30,11,Winter,23.836996642007534,Weekday,None,Afternoon,Urban,Butterscotch,127,6985
2023-11-30,11,Winter,23.836996642007534,Weekday,None,Afternoon,Urban,Coffee,62,3720
2023-12-01,12,Winter,18.284061618657773,Weekday,None,Afternoon,Urban,Vanilla,99,3960
2023-12-01,12,Winter,18.284061618657773,Weekday,None,Afternoon,Urban,Chocolate,91,4550
2023-12-01,12,Winter,18.284061618657773,Weekday,None,Afternoon,Urban,Strawberry,65,2925
2023-12-01,12,Winter,18.284061618657773,Weekday,None,Afternoon,Urban,Butterscotch,83,4565
2023-12-01,12,Winter,18.284061618657773,Weekday,None,Afternoon,Urban,Coffee,62,3720
2023-12-02,12,Winter,20.09337670355333,Weekend,None,Evening,Urban,Vanilla,143,5720
2023-12-02,12,Winter,20.09337670355333,Weekend,None,Evening,Urban,Chocolate,175,8750
2023-12-02,12,Winter,20.09337670355333,Weekend,None,Evening,Urban,Strawberry,152,6840
2023-12-02,12,Winter,20.09337670355333,Weekend,None,Evening,Urban,Butterscotch,166,9130
2023-12-02,12,Winter,20.09337670355333,Weekend,None,Evening,Urban,Coffee,93,5580
2023-12-03,12,Winter,22.289107720179988,Weekend,None,Afternoon,Urban,Vanilla,101,4040
2023-12-03,12,Winter,22.289107720179988,Weekend,None,Afternoon,Urban,Chocolate,118,5900
2023-12-03,12,Winter,22.289107720179988,Weekend,None,Afternoon,Urban,Strawberry,130,5850
2023-12-03,12,Winter,22.289107720179988,Weekend,None,Afternoon,Urban,Butterscotch,117,6435
2023-12-03,12,Winter,22.289107720179988,Weekend,None,Afternoon,Urban,Coffee,80,4800
2023-12-04,12,Winter,15.201843717552151,Weekday,None,Afternoon,Rural,Vanilla,45,1800
2023-12-04,12,Winter,15.201843717552151,Weekday,None,Afternoon,Rural,Chocolate,77,3850
2023-12-04,12,Winter,15.201843717552151,Weekday,None,Afternoon,Rural,Strawberry,39,1755
2023-12-04,12,Winter,15.201843717552151,Weekday,None,Afternoon,Rural,Butterscotch,73,4015
2023-12-04,12,Winter,15.201843717552151,Weekday,None,Afternoon,Rural,Coffee,64,3840
2023-12-05,12,Winter,25.067344818567772,Weekday,None,Night,Urban,Vanilla,97,3880
2023-12-05,12,Winter,25.067344818567772,Weekday,None,Night,Urban,Chocolate,125,6250
2023-12-05,12,Winter,25.067344818567772,Weekday,None,Night,Urban,Strawberry,56,2520
2023-12-05,12,Winter,25.067344818567772,Weekday,None,Night,Urban,Butterscotch,113,6215
2023-12-05,12,Winter,25.067344818567772,Weekday,None,Night,Urban,Coffee,100,6000
2023-12-06,12,Winter,19.318761942748857,Weekday,None,Evening,Urban,Vanilla,112,4480
2023-12-06,12,Winter,19.318761942748857,Weekday,None,Evening,Urban,Chocolate,129,6450
2023-12-06,12,Winter,19.318761942748857,Weekday,None,Evening,Urban,Strawberry,132,5940
2023-12-06,12,Winter,19.318761942748857,Weekday,None,Evening,Urban,Butterscotch,131,7205
2023-12-06,12,Winter,19.318761942748857,Weekday,None,Evening,Urban,Coffee,101,6060
2023-12-07,12,Winter,21.642741569511823,Weekday,None,Afternoon,Urban,Vanilla,96,3840
2023-12-07,12,Winter,21.642741569511823,Weekday,None,Afternoon,Urban,Chocolate,123,6150
2023-12-07,12,Winter,21.642741569511823,Weekday,None,Afternoon,Urban,Strawberry,68,3060
2023-12-07,12,Winter,21.642741569511823,Weekday,None,Afternoon,Urban,Butterscotch,123,6765
2023-12-07,12,Winter,21.642741569511823,Weekday,None,Afternoon,Urban,Coffee,78,4680
2023-12-08,12,Winter,23.932371303550326,Weekday,None,Afternoon,Urban,Vanilla,103,4120
2023-12-08,12,Winter,23.932371303550326,Weekday,None,Afternoon,Urban,Chocolate,125,6250
2023-12-08,12,Winter,23.932371303550326,Weekday,None,Afternoon,Urban,Strawberry,78,3510
2023-12-08,12,Winter,23.932371303550326,Weekday,None,Afternoon,Urban,Butterscotch,103,5665
2023-12-08,12,Winter,23.932371303550326,Weekday,None,Afternoon,Urban,Coffee,94,5640
2023-12-09,12,Winter,24.238745618295695,Weekend,None,Afternoon,Urban,Vanilla,112,4480
2023-12-09,12,Winter,24.238745618295695,Weekend,None,Afternoon,Urban,Chocolate,172,8600
2023-12-09,12,Winter,24.238745618295695,Weekend,None,Afternoon,Urban,Strawberry,117,5265
2023-12-09,12,Winter,24.238745618295695,Weekend,None,Afternoon,Urban,Butterscotch,153,8415
2023-12-09,12,Winter,24.238745618295695,Weekend,None,Afternoon,Urban,Coffee,74,4440
2023-12-10,12,Winter,25.733695481065766,Weekend,Navratri,Afternoon,Urban,Vanilla,195,7800
2023-12-10,12,Winter,25.733695481065766,Weekend,Navratri,Afternoon,Urban,Chocolate,190,9500
2023-12-10,12,Winter,25.733695481065766,Weekend,Navratri,Afternoon,Urban,Strawberry,139,6255
2023-12-10,12,Winter,25.733695481065766,Weekend,Navratri,Afternoon,Urban,Butterscotch,197,10835
2023-12-10,12,Winter,25.733695481065766,Weekend,Navratri,Afternoon,Urban,Coffee,129,7740
2023-12-11,12,Winter,24.91426559444862,Weekday,None,Afternoon,Urban,Vanilla,114,4560
2023-12-11,12,Winter,24.91426559444862,Weekday,None,Afternoon,Urban,Chocolate,127,6350
2023-12-11,12,Winter,24.91426559444862,Weekday,None,Afternoon,Urban,Strawberry,94,4230
2023-12-11,12,Winter,24.91426559444862,Weekday,None,Afternoon,Urban,Butterscotch,104,5720
2023-12-11,12,Winter,24.91426559444862,Weekday,None,Afternoon,Urban,Coffee,95,5700
2023-12-12,12,Winter,23.592682942647848,Weekday,None,Afternoon,Rural,Vanilla,88,3520
2023-12-12,12,Winter,23.592682942647848,Weekday,None,Afternoon,Rural,Chocolate,124,6200
2023-12-12,12,Winter,23.592682942647848,Weekday,None,Afternoon,Rural,Strawberry,59,2655
2023-12-12,12,Winter,23.592682942647848,Weekday,None,Afternoon,Rural,Butterscotch,63,3465
2023-12-12,12,Winter,23.592682942647848,Weekday,None,Afternoon,Rural,Coffee,57,3420
2023-12-13,12,Winter,31.72041744591042,Weekday,None,Evening,Rural,Vanilla,143,5720
2023-12-13,12,Winter,31.72041744591042,Weekday,None,Evening,Rural,Chocolate,161,8050
2023-12-13,12,Winter,31.72041744591042,Weekday,None,Evening,Rural,Strawberry,108,4860
2023-12-13,12,Winter,31.72041744591042,Weekday,None,Evening,Rural,Butterscotch,157,8635
2023-12-13,12,Winter,31.72041744591042,Weekday,None,Evening,Rural,Coffee,104,6240
2023-12-14,12,Winter,24.057573455825256,Weekday,Diwali,Evening,Urban,Vanilla,134,5360
2023-12-14,12,Winter,24.057573455825256,Weekday,Diwali,Evening,Urban,Chocolate,205,10250
2023-12-14,12,Winter,24.057573455825256,Weekday,Diwali,Evening,Urban,Strawberry,132,5940
2023-12-14,12,Winter,24.057573455825256,Weekday,Diwali,Evening,Urban,Butterscotch,190,10450
2023-12-14,12,Winter,24.057573455825256,Weekday,Diwali,Evening,Urban,Coffee,137,8220
2023-12-15,12,Winter,25.040337279651293,Weekday,Summer Vacation,Morning,Urban,Vanilla,158,6320
2023-12-15,12,Winter,25.040337279651293,Weekday,Summer Vacation,Morning,Urban,Chocolate,198,9900
2023-12-15,12,Winter,25.040337279651293,Weekday,Summer Vacation,Morning,Urban,Strawberry,132,5940
2023-12-15,12,Winter,25.040337279651293,Weekday,Summer Vacation,Morning,Urban,Butterscotch,177,9735
2023-12-15,12,Winter,25.040337279651293,Weekday,Summer Vacation,Morning,Urban,Coffee,103,6180
2023-12-16,12,Winter,19.60865930132506,Weekend,None,Evening,Urban,Vanilla,139,5560
2023-12-16,12,Winter,19.60865930132506,Weekend,None,Evening,Urban,Chocolate,180,9000
2023-12-16,12,Winter,19.60865930132506,Weekend,None,Evening,Urban,Strawberry,106,4770
2023-12-16,12,Winter,19.60865930132506,Weekend,None,Evening,Urban,Butterscotch,157,8635
2023-12-16,12,Winter,19.60865930132506,Weekend,None,Evening,Urban,Coffee,92,5520
2023-12-17,12,Winter,21.145262956367606,Weekend,None,Afternoon,Urban,Vanilla,123,4920
2023-12-17,12,Winter,21.145262956367606,Weekend,None,Afternoon,Urban,Chocolate,119,5950
2023-12-17,12,Winter,21.145262956367606,Weekend,None,Afternoon,Urban,Strawberry,92,4140
2023-12-17,12,Winter,21.145262956367606,Weekend,None,Afternoon,Urban,Butterscotch,110,6050
2023-12-17,12,Winter,21.145262956367606,Weekend,None,Afternoon,Urban,Coffee,82,4920
2023-12-18,12,Winter,21.357549067866433,Weekday,None,Afternoon,Urban,Vanilla,106,4240
2023-12-18,12,Winter,21.357549067866433,Weekday,None,Afternoon,Urban,Chocolate,129,6450
2023-12-18,12,Winter,21.357549067866433,Weekday,None,Afternoon,Urban,Strawberry,81,3645
2023-12-18,12,Winter,21.357549067866433,Weekday,None,Afternoon,Urban,Butterscotch,85,4675
2023-12-18,12,Winter,21.357549067866433,Weekday,None,Afternoon,Urban,Coffee,78,4680
2023-12-19,12,Winter,22.41368732762472,Weekday,None,Night,Urban,Vanilla,126,5040
2023-12-19,12,Winter,22.41368732762472,Weekday,None,Night,Urban,Chocolate,120,6000
2023-12-19,12,Winter,22.41368732762472,Weekday,None,Night,Urban,Strawberry,93,4185
2023-12-19,12,Winter,22.41368732762472,Weekday,None,Night,Urban,Butterscotch,144,7920
2023-12-19,12,Winter,22.41368732762472,Weekday,None,Night,Urban,Coffee,73,4380
2023-12-20,12,Winter,21.046717317947813,Weekday,Holi,Evening,Urban,Vanilla,159,6360
2023-12-20,12,Winter,21.046717317947813,Weekday,Holi,Evening,Urban,Chocolate,189,9450
2023-12-20,12,Winter,21.046717317947813,Weekday,Holi,Evening,Urban,Strawberry,136,6120
2023-12-20,12,Winter,21.046717317947813,Weekday,Holi,Evening,Urban,Butterscotch,163,8965
2023-12-20,12,Winter,21.046717317947813,Weekday,Holi,Evening,Urban,Coffee,97,5820
2023-12-21,12,Winter,19.82858876694499,Weekday,None,Evening,Urban,Vanilla,111,4440
2023-12-21,12,Winter,19.82858876694499,Weekday,None,Evening,Urban,Chocolate,156,7800
2023-12-21,12,Winter,19.82858876694499,Weekday,None,Evening,Urban,Strawberry,82,3690
2023-12-21,12,Winter,19.82858876694499,Weekday,None,Evening,Urban,Butterscotch,143,7865
2023-12-21,12,Winter,19.82858876694499,Weekday,None,Evening,Urban,Coffee,107,6420
2023-12-22,12,Winter,24.862255306469883,Weekday,Holi,Evening,Urban,Vanilla,187,7480
2023-12-22,12,Winter,24.862255306469883,Weekday,Holi,Evening,Urban,Chocolate,222,11100
2023-12-22,12,Winter,24.862255306469883,Weekday,Holi,Evening,Urban,Strawberry,161,7245
2023-12-22,12,Winter,24.862255306469883,Weekday,Holi,Evening,Urban,Butterscotch,152,8360
2023-12-22,12,Winter,24.862255306469883,Weekday,Holi,Evening,Urban,Coffee,135,8100
2023-12-23,12,Winter,24.58589426825946,Weekend,None,Night,Urban,Vanilla,103,4120
2023-12-23,12,Winter,24.58589426825946,Weekend,None,Night,Urban,Chocolate,153,7650
2023-12-23,12,Winter,24.58589426825946,Weekend,None,Night,Urban,Strawberry,133,5985
2023-12-23,12,Winter,24.58589426825946,Weekend,None,Night,Urban,Butterscotch,137,7535
2023-12-23,12,Winter,24.58589426825946,Weekend,None,Night,Urban,Coffee,114,6840
2023-12-24,12,Winter,29.92603573147786,Weekend,Navratri,Night,Rural,Vanilla,158,6320
2023-12-24,12,Winter,29.92603573147786,Weekend,Navratri,Night,Rural,Chocolate,214,10700
2023-12-24,12,Winter,29.92603573147786,Weekend,Navratri,Night,Rural,Strawberry,143,6435
2023-12-24,12,Winter,29.92603573147786,Weekend,Navratri,Night,Rural,Butterscotch,151,8305
2023-12-24,12,Winter,29.92603573147786,Weekend,Navratri,Night,Rural,Coffee,119,7140
2023-12-25,12,Winter,24.285016558885005,Weekday,None,Afternoon,Urban,Vanilla,115,4600
2023-12-25,12,Winter,24.285016558885005,Weekday,None,Afternoon,Urban,Chocolate,132,6600
2023-12-25,12,Winter,24.285016558885005,Weekday,None,Afternoon,Urban,Strawberry,69,3105
2023-12-25,12,Winter,24.285016558885005,Weekday,None,Afternoon,Urban,Butterscotch,115,6325
2023-12-25,12,Winter,24.285016558885005,Weekday,None,Afternoon,Urban,Coffee,89,5340
2023-12-26,12,Winter,27.12198942867767,Weekday,None,Afternoon,Urban,Vanilla,99,3960
2023-12-26,12,Winter,27.12198942867767,Weekday,None,Afternoon,Urban,Chocolate,144,7200
2023-12-26,12,Winter,27.12198942867767,Weekday,None,Afternoon,Urban,Strawberry,119,5355
2023-12-26,12,Winter,27.12198942867767,Weekday,None,Afternoon,Urban,Butterscotch,115,6325
2023-12-26,12,Winter,27.12198942867767,Weekday,None,Afternoon,Urban,Coffee,86,5160
2023-12-27,12,Winter,22.16512767184313,Weekday,None,Evening,Rural,Vanilla,94,3760
2023-12-27,12,Winter,22.16512767184313,Weekday,None,Evening,Rural,Chocolate,120,6000
2023-12-27,12,Winter,22.16512767184313,Weekday,None,Evening,Rural,Strawberry,86,3870
2023-12-27,12,Winter,22.16512767184313,Weekday,None,Evening,Rural,Butterscotch,106,5830
2023-12-27,12,Winter,22.16512767184313,Weekday,None,Evening,Rural,Coffee,57,3420
2023-12-28,12,Winter,22.792764290822017,Weekday,Diwali,Night,Urban,Vanilla,132,5280
2023-12-28,12,Winter,22.792764290822017,Weekday,Diwali,Night,Urban,Chocolate,166,8300
2023-12-28,12,Winter,22.792764290822017,Weekday,Diwali,Night,Urban,Strawberry,123,5535
2023-12-28,12,Winter,22.792764290822017,Weekday,Diwali,Night,Urban,Butterscotch,157,8635
2023-12-28,12,Winter,22.792764290822017,Weekday,Diwali,Night,Urban,Coffee,104,6240
2023-12-29,12,Winter,26.939105188224993,Weekday,None,Morning,Urban,Vanilla,148,5920
2023-12-29,12,Winter,26.939105188224993,Weekday,None,Morning,Urban,Chocolate,136,6800
2023-12-29,12,Winter,26.939105188224993,Weekday,None,Morning,Urban,Strawberry,88,3960
2023-12-29,12,Winter,26.939105188224993,Weekday,None,Morning,Urban,Butterscotch,113,6215
2023-12-29,12,Winter,26.939105188224993,Weekday,None,Morning,Urban,Coffee,92,5520
2023-12-30,12,Winter,18.59973694512213,Weekend,None,Afternoon,Rural,Vanilla,86,3440
2023-12-30,12,Winter,18.59973694512213,Weekend,None,Afternoon,Rural,Chocolate,79,3950
2023-12-30,12,Winter,18.59973694512213,Weekend,None,Afternoon,Rural,Strawberry,78,3510
2023-12-30,12,Winter,18.59973694512213,Weekend,None,Afternoon,Rural,Butterscotch,75,4125
2023-12-30,12,Winter,18.59973694512213,Weekend,None,Afternoon,Rural,Coffee,80,4800
2023-12-31,12,Winter,19.138332734760063,Weekend,None,Morning,Urban,Vanilla,114,4560
2023-12-31,12,Winter,19.138332734760063,Weekend,None,Morning,Urban,Chocolate,141,7050
2023-12-31,12,Winter,19.138332734760063,Weekend,None,Morning,Urban,Strawberry,84,3780
2023-12-31,12,Winter,19.138332734760063,Weekend,None,Morning,Urban,Butterscotch,126,6930
2023-12-31,12,Winter,19.138332734760063,Weekend,None,Morning,Urban,Coffee,80,4800
2024-01-01,1,Winter,21.65658288460341,Weekday,None,Morning,Urban,Vanilla,97,3880
2024-01-01,1,Winter,21.65658288460341,Weekday,None,Morning,Urban,Chocolate,128,6400
2024-01-01,1,Winter,21.65658288460341,Weekday,None,Morning,Urban,Strawberry,104,4680
2024-01-01,1,Winter,21.65658288460341,Weekday,None,Morning,Urban,Butterscotch,82,4510
2024-01-01,1,Winter,21.65658288460341,Weekday,None,Morning,Urban,Coffee,88,5280
2024-01-02,1,Winter,19.530111792226872,Weekday,None,Evening,Rural,Vanilla,89,3560
2024-01-02,1,Winter,19.530111792226872,Weekday,None,Evening,Rural,Chocolate,100,5000
2024-01-02,1,Winter,19.530111792226872,Weekday,None,Evening,Rural,Strawberry,67,3015
2024-01-02,1,Winter,19.530111792226872,Weekday,None,Evening,Rural,Butterscotch,119,6545
2024-01-02,1,Winter,19.530111792226872,Weekday,None,Evening,Rural,Coffee,66,3960
2024-01-03,1,Winter,22.131486398381284,Weekday,None,Morning,Urban,Vanilla,110,4400
2024-01-03,1,Winter,22.131486398381284,Weekday,None,Morning,Urban,Chocolate,83,4150
2024-01-03,1,Winter,22.131486398381284,Weekday,None,Morning,Urban,Strawberry,84,3780
2024-01-03,1,Winter,22.131486398381284,Weekday,None,Morning,Urban,Butterscotch,125,6875
2024-01-03,1,Winter,22.131486398381284,Weekday,None,Morning,Urban,Coffee,110,6600
2024-01-04,1,Winter,20.91085040893426,Weekday,Diwali,Evening,Urban,Vanilla,136,5440
2024-01-04,1,Winter,20.91085040893426,Weekday,Diwali,Evening,Urban,Chocolate,177,8850
2024-01-04,1,Winter,20.91085040893426,Weekday,Diwali,Evening,Urban,Strawberry,128,5760
2024-01-04,1,Winter,20.91085040893426,Weekday,Diwali,Evening,Urban,Butterscotch,184,10120
2024-01-04,1,Winter,20.91085040893426,Weekday,Diwali,Evening,Urban,Coffee,132,7920
2024-01-05,1,Winter,21.52438692275063,Weekday,None,Evening,Urban,Vanilla,110,4400
2024-01-05,1,Winter,21.52438692275063,Weekday,None,Evening,Urban,Chocolate,120,6000
2024-01-05,1,Winter,21.52438692275063,Weekday,None,Evening,Urban,Strawberry,125,5625
2024-01-05,1,Winter,21.52438692275063,Weekday,None,Evening,Urban,Butterscotch,117,6435
2024-01-05,1,Winter,21.52438692275063,Weekday,None,Evening,Urban,Coffee,73,4380
2024-01-06,1,Winter,20.909160112295147,Weekend,None,Night,Rural,Vanilla,113,4520
2024-01-06,1,Winter,20.909160112295147,Weekend,None,Night,Rural,Chocolate,92,4600
2024-01-06,1,Winter,20.909160112295147,Weekend,None,Night,Rural,Strawberry,80,3600
2024-01-06,1,Winter,20.909160112295147,Weekend,None,Night,Rural,Butterscotch,90,4950
2024-01-06,1,Winter,20.909160112295147,Weekend,None,Night,Rural,Coffee,50,3000
2024-01-07,1,Winter,23.012446224179197,Weekend,None,Evening,Urban,Vanilla,145,5800
2024-01-07,1,Winter,23.012446224179197,Weekend,None,Evening,Urban,Chocolate,164,8200
2024-01-07,1,Winter,23.012446224179197,Weekend,None,Evening,Urban,Strawberry,157,7065
2024-01-07,1,Winter,23.012446224179197,Weekend,None,Evening,Urban,Butterscotch,166,9130
2024-01-07,1,Winter,23.012446224179197,Weekend,None,Evening,Urban,Coffee,135,8100
2024-01-08,1,Winter,19.818701379472106,Weekday,None,Evening,Urban,Vanilla,117,4680
2024-01-08,1,Winter,19.818701379472106,Weekday,None,Evening,Urban,Chocolate,143,7150
2024-01-08,1,Winter,19.818701379472106,Weekday,None,Evening,Urban,Strawberry,126,5670
2024-01-08,1,Winter,19.818701379472106,Weekday,None,Evening,Urban,Butterscotch,147,8085
2024-01-08,1,Winter,19.818701379472106,Weekday,None,Evening,Urban,Coffee,79,4740
2024-01-09,1,Winter,19.97862968302157,Weekday,None,Afternoon,Urban,Vanilla,104,4160
2024-01-09,1,Winter,19.97862968302157,Weekday,None,Afternoon,Urban,Chocolate,100,5000
2024-01-09,1,Winter,19.97862968302157,Weekday,None,Afternoon,Urban,Strawberry,75,3375
2024-01-09,1,Winter,19.97862968302157,Weekday,None,Afternoon,Urban,Butterscotch,76,4180
2024-01-09,1,Winter,19.97862968302157,Weekday,None,Afternoon,Urban,Coffee,87,5220
2024-01-10,1,Winter,18.208692768338373,Weekday,Holi,Evening,Urban,Vanilla,129,5160
2024-01-10,1,Winter,18.208692768338373,Weekday,Holi,Evening,Urban,Chocolate,213,10650
2024-01-10,1,Winter,18.208692768338373,Weekday,Holi,Evening,Urban,Strawberry,162,7290
2024-01-10,1,Winter,18.208692768338373,Weekday,Holi,Evening,Urban,Butterscotch,147,8085
2024-01-10,1,Winter,18.208692768338373,Weekday,Holi,Evening,Urban,Coffee,143,8580
2024-01-11,1,Winter,20.801603528581442,Weekday,None,Evening,Urban,Vanilla,124,4960
2024-01-11,1,Winter,20.801603528581442,Weekday,None,Evening,Urban,Chocolate,139,6950
2024-01-11,1,Winter,20.801603528581442,Weekday,None,Evening,Urban,Strawberry,118,5310
2024-01-11,1,Winter,20.801603528581442,Weekday,None,Evening,Urban,Butterscotch,110,6050
2024-01-11,1,Winter,20.801603528581442,Weekday,None,Evening,Urban,Coffee,84,5040
2024-01-12,1,Winter,18.7422324121311,Weekday,None,Evening,Urban,Vanilla,111,4440
2024-01-12,1,Winter,18.7422324121311,Weekday,None,Evening,Urban,Chocolate,157,7850
2024-01-12,1,Winter,18.7422324121311,Weekday,None,Evening,Urban,Strawberry,104,4680
2024-01-12,1,Winter,18.7422324121311,Weekday,None,Evening,Urban,Butterscotch,126,6930
2024-01-12,1,Winter,18.7422324121311,Weekday,None,Evening,Urban,Coffee,121,7260
2024-01-13,1,Winter,23.562268361076132,Weekend,None,Afternoon,Urban,Vanilla,115,4600
2024-01-13,1,Winter,23.562268361076132,Weekend,None,Afternoon,Urban,Chocolate,137,6850
2024-01-13,1,Winter,23.562268361076132,Weekend,None,Afternoon,Urban,Strawberry,127,5715
2024-01-13,1,Winter,23.562268361076132,Weekend,None,Afternoon,Urban,Butterscotch,148,8140
2024-01-13,1,Winter,23.562268361076132,Weekend,None,Afternoon,Urban,Coffee,96,5760
2024-01-14,1,Winter,25.059329581564864,Weekend,None,Morning,Urban,Vanilla,89,3560
2024-01-14,1,Winter,25.059329581564864,Weekend,None,Morning,Urban,Chocolate,138,6900
2024-01-14,1,Winter,25.059329581564864,Weekend,None,Morning,Urban,Strawberry,118,5310
2024-01-14,1,Winter,25.059329581564864,Weekend,None,Morning,Urban,Butterscotch,134,7370
2024-01-14,1,Winter,25.059329581564864,Weekend,None,Morning,Urban,Coffee,86,5160
2024-01-15,1,Winter,25.997654402995384,Weekday,None,Morning,Urban,Vanilla,121,4840
2024-01-15,1,Winter,25.997654402995384,Weekday,None,Morning,Urban,Chocolate,139,6950
2024-01-15,1,Winter,25.997654402995384,Weekday,None,Morning,Urban,Strawberry,90,4050
2024-01-15,1,Winter,25.997654402995384,Weekday,None,Morning,Urban,Butterscotch,124,6820
2024-01-15,1,Winter,25.997654402995384,Weekday,None,Morning,Urban,Coffee,93,5580
2024-01-16,1,Winter,23.179343968174102,Weekday,None,Evening,Rural,Vanilla,98,3920
2024-01-16,1,Winter,23.179343968174102,Weekday,None,Evening,Rural,Chocolate,116,5800
2024-01-16,1,Winter,23.179343968174102,Weekday,None,Evening,Rural,Strawberry,88,3960
2024-01-16,1,Winter,23.179343968174102,Weekday,None,Evening,Rural,Butterscotch,154,8470
2024-01-16,1,Winter,23.179343968174102,Weekday,None,Evening,Rural,Coffee,88,5280
2024-01-17,1,Winter,20.841032573658474,Weekday,None,Evening,Urban,Vanilla,89,3560
2024-01-17,1,Winter,20.841032573658474,Weekday,None,Evening,Urban,Chocolate,141,7050
2024-01-17,1,Winter,20.841032573658474,Weekday,None,Evening,Urban,Strawberry,93,4185
2024-01-17,1,Winter,20.841032573658474,Weekday,None,Evening,Urban,Butterscotch,139,7645
2024-01-17,1,Winter,20.841032573658474,Weekday,None,Evening,Urban,Coffee,83,4980
2024-01-18,1,Winter,22.797797758954786,Weekday,Navratri,Night,Urban,Vanilla,135,5400
2024-01-18,1,Winter,22.797797758954786,Weekday,Navratri,Night,Urban,Chocolate,151,7550
2024-01-18,1,Winter,22.797797758954786,Weekday,Navratri,Night,Urban,Strawberry,122,5490
2024-01-18,1,Winter,22.797797758954786,Weekday,Navratri,Night,Urban,Butterscotch,147,8085
2024-01-18,1,Winter,22.797797758954786,Weekday,Navratri,Night,Urban,Coffee,121,7260
2024-01-19,1,Winter,24.90153436731685,Weekday,None,Morning,Urban,Vanilla,112,4480
2024-01-19,1,Winter,24.90153436731685,Weekday,None,Morning,Urban,Chocolate,114,5700
2024-01-19,1,Winter,24.90153436731685,Weekday,None,Morning,Urban,Strawberry,88,3960
2024-01-19,1,Winter,24.90153436731685,Weekday,None,Morning,Urban,Butterscotch,151,8305
2024-01-19,1,Winter,24.90153436731685,Weekday,None,Morning,Urban,Coffee,72,4320
2024-01-20,1,Winter,21.766681899206752,Weekend,None,Night,Rural,Vanilla,83,3320
2024-01-20,1,Winter,21.766681899206752,Weekend,None,Night,Rural,Chocolate,90,4500
2024-01-20,1,Winter,21.766681899206752,Weekend,None,Night,Rural,Strawberry,82,3690
2024-01-20,1,Winter,21.766681899206752,Weekend,None,Night,Rural,Butterscotch,101,5555
2024-01-20,1,Winter,21.766681899206752,Weekend,None,Night,Rural,Coffee,75,4500
2024-01-21,1,Winter,24.75961454786329,Weekend,None,Afternoon,Urban,Vanilla,139,5560
2024-01-21,1,Winter,24.75961454786329,Weekend,None,Afternoon,Urban,Chocolate,144,7200
2024-01-21,1,Winter,24.75961454786329,Weekend,None,Afternoon,Urban,Strawberry,90,4050
2024-01-21,1,Winter,24.75961454786329,Weekend,None,Afternoon,Urban,Butterscotch,146,8030
2024-01-21,1,Winter,24.75961454786329,Weekend,None,Afternoon,Urban,Coffee,109,6540
2024-01-22,1,Winter,26.291088397355068,Weekday,None,Evening,Rural,Vanilla,110,4400
2024-01-22,1,Winter,26.291088397355068,Weekday,None,Evening,Rural,Chocolate,122,6100
2024-01-22,1,Winter,26.291088397355068,Weekday,None,Evening,Rural,Strawberry,85,3825
2024-01-22,1,Winter,26.291088397355068,Weekday,None,Evening,Rural,Butterscotch,120,6600
2024-01-22,1,Winter,26.291088397355068,Weekday,None,Evening,Rural,Coffee,82,4920
2024-01-23,1,Winter,21.335200916844883,Weekday,None,Morning,Rural,Vanilla,47,1880
2024-01-23,1,Winter,21.335200916844883,Weekday,None,Morning,Rural,Chocolate,73,3650
2024-01-23,1,Winter,21.335200916844883,Weekday,None,Morning,Rural,Strawberry,66,2970
2024-01-23,1,Winter,21.335200916844883,Weekday,None,Morning,Rural,Butterscotch,77,4235
2024-01-23,1,Winter,21.335200916844883,Weekday,None,Morning,Rural,Coffee,66,3960
2024-01-24,1,Winter,25.904778994011977,Weekday,Holi,Evening,Urban,Vanilla,162,6480
2024-01-24,1,Winter,25.904778994011977,Weekday,Holi,Evening,Urban,Chocolate,204,10200
2024-01-24,1,Winter,25.904778994011977,Weekday,Holi,Evening,Urban,Strawberry,173,7785
2024-01-24,1,Winter,25.904778994011977,Weekday,Holi,Evening,Urban,Butterscotch,171,9405
2024-01-24,1,Winter,25.904778994011977,Weekday,Holi,Evening,Urban,Coffee,147,8820
2024-01-25,1,Winter,25.30399049466865,Weekday,None,Evening,Urban,Vanilla,146,5840
2024-01-25,1,Winter,25.30399049466865,Weekday,None,Evening,Urban,Chocolate,163,8150
2024-01-25,1,Winter,25.30399049466865,Weekday,None,Evening,Urban,Strawberry,136,6120
2024-01-25,1,Winter,25.30399049466865,Weekday,None,Evening,Urban,Butterscotch,155,8525
2024-01-25,1,Winter,25.30399049466865,Weekday,None,Evening,Urban,Coffee,115,6900
2024-01-26,1,Winter,17.721658848570687,Weekday,None,Evening,Urban,Vanilla,106,4240
2024-01-26,1,Winter,17.721658848570687,Weekday,None,Evening,Urban,Chocolate,156,7800
2024-01-26,1,Winter,17.721658848570687,Weekday,None,Evening,Urban,Strawberry,103,4635
2024-01-26,1,Winter,17.721658848570687,Weekday,None,Evening,Urban,Butterscotch,144,7920
2024-01-26,1,Winter,17.721658848570687,Weekday,None,Evening,Urban,Coffee,70,4200
2024-01-27,1,Winter,20.67020960554629,Weekend,None,Morning,Rural,Vanilla,82,3280
2024-01-27,1,Winter,20.67020960554629,Weekend,None,Morning,Rural,Chocolate,98,4900
2024-01-27,1,Winter,20.67020960554629,Weekend,None,Morning,Rural,Strawberry,92,4140
2024-01-27,1,Winter,20.67020960554629,Weekend,None,Morning,Rural,Butterscotch,89,4895
2024-01-27,1,Winter,20.67020960554629,Weekend,None,Morning,Rural,Coffee,96,5760
2024-01-28,1,Winter,22.898597509129637,Weekend,Summer Vacation,Night,Urban,Vanilla,145,5800
2024-01-28,1,Winter,22.898597509129637,Weekend,Summer Vacation,Night,Urban,Chocolate,182,9100
2024-01-28,1,Winter,22.898597509129637,Weekend,Summer Vacation,Night,Urban,Strawberry,135,6075
2024-01-28,1,Winter,22.898597509129637,Weekend,Summer Vacation,Night,Urban,Butterscotch,169,9295
2024-01-28,1,Winter,22.898597509129637,Weekend,Summer Vacation,Night,Urban,Coffee,124,7440
2024-01-29,1,Winter,20.70311446267801,Weekday,None,Afternoon,Urban,Vanilla,111,4440
2024-01-29,1,Winter,20.70311446267801,Weekday,None,Afternoon,Urban,Chocolate,141,7050
2024-01-29,1,Winter,20.70311446267801,Weekday,None,Afternoon,Urban,Strawberry,95,4275
2024-01-29,1,Winter,20.70311446267801,Weekday,None,Afternoon,Urban,Butterscotch,101,5555
2024-01-29,1,Winter,20.70311446267801,Weekday,None,Afternoon,Urban,Coffee,68,4080
2024-01-30,1,Winter,20.201009036923004,Weekday,None,Afternoon,Urban,Vanilla,61,2440
2024-01-30,1,Winter,20.201009036923004,Weekday,None,Afternoon,Urban,Chocolate,122,6100
2024-01-30,1,Winter,20.201009036923004,Weekday,None,Afternoon,Urban,Strawberry,98,4410
2024-01-30,1,Winter,20.201009036923004,Weekday,None,Afternoon,Urban,Butterscotch,91,5005
2024-01-30,1,Winter,20.201009036923004,Weekday,None,Afternoon,Urban,Coffee,82,4920
2024-01-31,1,Winter,26.17076598253597,Weekday,None,Evening,Urban,Vanilla,165,6600
2024-01-31,1,Winter,26.17076598253597,Weekday,None,Evening,Urban,Chocolate,160,8000
2024-01-31,1,Winter,26.17076598253597,Weekday,None,Evening,Urban,Strawberry,117,5265
2024-01-31,1,Winter,26.17076598253597,Weekday,None,Evening,Urban,Butterscotch,157,8635
2024-01-31,1,Winter,26.17076598253597,Weekday,None,Evening,Urban,Coffee,100,6000
2024-02-01,2,Winter,23.187206387395143,Weekday,None,Morning,Rural,Vanilla,76,3040
2024-02-01,2,Winter,23.187206387395143,Weekday,None,Morning,Rural,Chocolate,86,4300
2024-02-01,2,Winter,23.187206387395143,Weekday,None,Morning,Rural,Strawberry,83,3735
2024-02-01,2,Winter,23.187206387395143,Weekday,None,Morning,Rural,Butterscotch,87,4785
2024-02-01,2,Winter,23.187206387395143,Weekday,None,Morning,Rural,Coffee,60,3600
2024-02-02,2,Winter,24.71963247132989,Weekday,None,Afternoon,Urban,Vanilla,105,4200
2024-02-02,2,Winter,24.71963247132989,Weekday,None,Afternoon,Urban,Chocolate,143,7150
2024-02-02,2,Winter,24.71963247132989,Weekday,None,Afternoon,Urban,Strawberry,98,4410
2024-02-02,2,Winter,24.71963247132989,Weekday,None,Afternoon,Urban,Butterscotch,95,5225
2024-02-02,2,Winter,24.71963247132989,Weekday,None,Afternoon,Urban,Coffee,89,5340
2024-02-03,2,Winter,27.10469821015857,Weekend,None,Evening,Rural,Vanilla,135,5400
2024-02-03,2,Winter,27.10469821015857,Weekend,None,Evening,Rural,Chocolate,139,6950
2024-02-03,2,Winter,27.10469821015857,Weekend,None,Evening,Rural,Strawberry,112,5040
2024-02-03,2,Winter,27.10469821015857,Weekend,None,Evening,Rural,Butterscotch,136,7480
2024-02-03,2,Winter,27.10469821015857,Weekend,None,Evening,Rural,Coffee,121,7260
2024-02-04,2,Winter,22.35049052251655,Weekend,Summer Vacation,Evening,Urban,Vanilla,162,6480
2024-02-04,2,Winter,22.35049052251655,Weekend,Summer Vacation,Evening,Urban,Chocolate,199,9950
2024-02-04,2,Winter,22.35049052251655,Weekend,Summer Vacation,Evening,Urban,Strawberry,177,7965
2024-02-04,2,Winter,22.35049052251655,Weekend,Summer Vacation,Evening,Urban,Butterscotch,211,11605
2024-02-04,2,Winter,22.35049052251655,Weekend,Summer Vacation,Evening,Urban,Coffee,135,8100
2024-02-05,2,Winter,23.07894747364635,Weekday,Navratri,Evening,Urban,Vanilla,165,6600
2024-02-05,2,Winter,23.07894747364635,Weekday,Navratri,Evening,Urban,Chocolate,203,10150
2024-02-05,2,Winter,23.07894747364635,Weekday,Navratri,Evening,Urban,Strawberry,146,6570
2024-02-05,2,Winter,23.07894747364635,Weekday,Navratri,Evening,Urban,Butterscotch,153,8415
2024-02-05,2,Winter,23.07894747364635,Weekday,Navratri,Evening,Urban,Coffee,136,8160
2024-02-06,2,Winter,23.09368443206637,Weekday,None,Afternoon,Urban,Vanilla,89,3560
2024-02-06,2,Winter,23.09368443206637,Weekday,None,Afternoon,Urban,Chocolate,115,5750
2024-02-06,2,Winter,23.09368443206637,Weekday,None,Afternoon,Urban,Strawberry,97,4365
2024-02-06,2,Winter,23.09368443206637,Weekday,None,Afternoon,Urban,Butterscotch,112,6160
2024-02-06,2,Winter,23.09368443206637,Weekday,None,Afternoon,Urban,Coffee,54,3240
2024-02-07,2,Winter,23.717155696923708,Weekday,None,Afternoon,Urban,Vanilla,88,3520
2024-02-07,2,Winter,23.717155696923708,Weekday,None,Afternoon,Urban,Chocolate,111,5550
2024-02-07,2,Winter,23.717155696923708,Weekday,None,Afternoon,Urban,Strawberry,51,2295
2024-02-07,2,Winter,23.717155696923708,Weekday,None,Afternoon,Urban,Butterscotch,89,4895
2024-02-07,2,Winter,23.717155696923708,Weekday,None,Afternoon,Urban,Coffee,60,3600
2024-02-08,2,Winter,22.405571022962157,Weekday,None,Afternoon,Urban,Vanilla,92,3680
2024-02-08,2,Winter,22.405571022962157,Weekday,None,Afternoon,Urban,Chocolate,115,5750
2024-02-08,2,Winter,22.405571022962157,Weekday,None,Afternoon,Urban,Strawberry,108,4860
2024-02-08,2,Winter,22.405571022962157,Weekday,None,Afternoon,Urban,Butterscotch,121,6655
2024-02-08,2,Winter,22.405571022962157,Weekday,None,Afternoon,Urban,Coffee,56,3360
2024-02-09,2,Winter,19.077128317520113,Weekday,Christmas,Morning,Rural,Vanilla,85,3400
2024-02-09,2,Winter,19.077128317520113,Weekday,Christmas,Morning,Rural,Chocolate,105,5250
2024-02-09,2,Winter,19.077128317520113,Weekday,Christmas,Morning,Rural,Strawberry,80,3600
2024-02-09,2,Winter,19.077128317520113,Weekday,Christmas,Morning,Rural,Butterscotch,73,4015
2024-02-09,2,Winter,19.077128317520113,Weekday,Christmas,Morning,Rural,Coffee,82,4920
2024-02-10,2,Winter,21.18146636097961,Weekend,None,Afternoon,Urban,Vanilla,128,5120
2024-02-10,2,Winter,21.18146636097961,Weekend,None,Afternoon,Urban,Chocolate,153,7650
2024-02-10,2,Winter,21.18146636097961,Weekend,None,Afternoon,Urban,Strawberry,84,3780
2024-02-10,2,Winter,21.18146636097961,Weekend,None,Afternoon,Urban,Butterscotch,134,7370
2024-02-10,2,Winter,21.18146636097961,Weekend,None,Afternoon,Urban,Coffee,65,3900
2024-02-11,2,Winter,23.971603303888163,Weekend,None,Evening,Urban,Vanilla,149,5960
2024-02-11,2,Winter,23.971603303888163,Weekend,None,Evening,Urban,Chocolate,169,8450
2024-02-11,2,Winter,23.971603303888163,Weekend,None,Evening,Urban,Strawberry,129,5805
2024-02-11,2,Winter,23.971603303888163,Weekend,None,Evening,Urban,Butterscotch,175,9625
2024-02-11,2,Winter,23.971603303888163,Weekend,None,Evening,Urban,Coffee,111,6660
2024-02-12,2,Winter,22.112724578007597,Weekday,None,Evening,Urban,Vanilla,121,4840
2024-02-12,2,Winter,22.112724578007597,Weekday,None,Evening,Urban,Chocolate,134,6700
2024-02-12,2,Winter,22.112724578007597,Weekday,None,Evening,Urban,Strawberry,98,4410
2024-02-12,2,Winter,22.112724578007597,Weekday,None,Evening,Urban,Butterscotch,148,8140
2024-02-12,2,Winter,22.112724578007597,Weekday,None,Evening,Urban,Coffee,106,6360
2024-02-13,2,Winter,21.147129668339986,Weekday,Summer Vacation,Afternoon,Urban,Vanilla,139,5560
2024-02-13,2,Winter,21.147129668339986,Weekday,Summer Vacation,Afternoon,Urban,Chocolate,164,8200
2024-02-13,2,Winter,21.147129668339986,Weekday,Summer Vacation,Afternoon,Urban,Strawberry,153,6885
2024-02-13,2,Winter,21.147129668339986,Weekday,Summer Vacation,Afternoon,Urban,Butterscotch,137,7535
2024-02-13,2,Winter,21.147129668339986,Weekday,Summer Vacation,Afternoon,Urban,Coffee,81,4860
2024-02-14,2,Winter,23.206804231603893,Weekday,None,Evening,Urban,Vanilla,149,5960
2024-02-14,2,Winter,23.206804231603893,Weekday,None,Evening,Urban,Chocolate,163,8150
2024-02-14,2,Winter,23.206804231603893,Weekday,None,Evening,Urban,Strawberry,135,6075
2024-02-14,2,Winter,23.206804231603893,Weekday,None,Evening,Urban,Butterscotch,149,8195
2024-02-14,2,Winter,23.206804231603893,Weekday,None,Evening,Urban,Coffee,91,5460
2024-02-15,2,Winter,16.766305144305893,Weekday,None,Afternoon,Urban,Vanilla,66,2640
2024-02-15,2,Winter,16.766305144305893,Weekday,None,Afternoon,Urban,Chocolate,112,5600
2024-02-15,2,Winter,16.766305144305893,Weekday,None,Afternoon,Urban,Strawberry,68,3060
2024-02-15,2,Winter,16.766305144305893,Weekday,None,Afternoon,Urban,Butterscotch,107,5885
2024-02-15,2,Winter,16.766305144305893,Weekday,None,Afternoon,Urban,Coffee,71,4260
2024-02-16,2,Winter,18.33033930981421,Weekday,None,Evening,Urban,Vanilla,136,5440
2024-02-16,2,Winter,18.33033930981421,Weekday,None,Evening,Urban,Chocolate,146,7300
2024-02-16,2,Winter,18.33033930981421,Weekday,None,Evening,Urban,Strawberry,141,6345
2024-02-16,2,Winter,18.33033930981421,Weekday,None,Evening,Urban,Butterscotch,127,6985
2024-02-16,2,Winter,18.33033930981421,Weekday,None,Evening,Urban,Coffee,117,7020
2024-02-17,2,Winter,16.427563652009788,Weekend,None,Afternoon,Urban,Vanilla,78,3120
2024-02-17,2,Winter,16.427563652009788,Weekend,None,Afternoon,Urban,Chocolate,113,5650
2024-02-17,2,Winter,16.427563652009788,Weekend,None,Afternoon,Urban,Strawberry,101,4545
2024-02-17,2,Winter,16.427563652009788,Weekend,None,Afternoon,Urban,Butterscotch,126,6930
2024-02-17,2,Winter,16.427563652009788,Weekend,None,Afternoon,Urban,Coffee,83,4980
2024-02-18,2,Winter,20.982066438585523,Weekend,None,Evening,Urban,Vanilla,142,5680
2024-02-18,2,Winter,20.982066438585523,Weekend,None,Evening,Urban,Chocolate,164,8200
2024-02-18,2,Winter,20.982066438585523,Weekend,None,Evening,Urban,Strawberry,131,5895
2024-02-18,2,Winter,20.982066438585523,Weekend,None,Evening,Urban,Butterscotch,165,9075
2024-02-18,2,Winter,20.982066438585523,Weekend,None,Evening,Urban,Coffee,104,6240
2024-02-19,2,Winter,23.11520808403614,Weekday,None,Morning,Urban,Vanilla,115,4600
2024-02-19,2,Winter,23.11520808403614,Weekday,None,Morning,Urban,Chocolate,108,5400
2024-02-19,2,Winter,23.11520808403614,Weekday,None,Morning,Urban,Strawberry,101,4545
2024-02-19,2,Winter,23.11520808403614,Weekday,None,Morning,Urban,Butterscotch,95,5225
2024-02-19,2,Winter,23.11520808403614,Weekday,None,Morning,Urban,Coffee,89,5340
2024-02-20,2,Winter,20.450157403719675,Weekday,None,Evening,Urban,Vanilla,106,4240
2024-02-20,2,Winter,20.450157403719675,Weekday,None,Evening,Urban,Chocolate,122,6100
2024-02-20,2,Winter,20.450157403719675,Weekday,None,Evening,Urban,Strawberry,132,5940
2024-02-20,2,Winter,20.450157403719675,Weekday,None,Evening,Urban,Butterscotch,144,7920
2024-02-20,2,Winter,20.450157403719675,Weekday,None,Evening,Urban,Coffee,90,5400
2024-02-21,2,Winter,23.8492663144442,Weekday,None,Morning,Urban,Vanilla,107,4280
2024-02-21,2,Winter,23.8492663144442,Weekday,None,Morning,Urban,Chocolate,117,5850
2024-02-21,2,Winter,23.8492663144442,Weekday,None,Morning,Urban,Strawberry,70,3150
2024-02-21,2,Winter,23.8492663144442,Weekday,None,Morning,Urban,Butterscotch,110,6050
2024-02-21,2,Winter,23.8492663144442,Weekday,None,Morning,Urban,Coffee,97,5820
2024-02-22,2,Winter,24.055870254132905,Weekday,None,Afternoon,Rural,Vanilla,98,3920
2024-02-22,2,Winter,24.055870254132905,Weekday,None,Afternoon,Rural,Chocolate,103,5150
2024-02-22,2,Winter,24.055870254132905,Weekday,None,Afternoon,Rural,Strawberry,68,3060
2024-02-22,2,Winter,24.055870254132905,Weekday,None,Afternoon,Rural,Butterscotch,40,2200
2024-02-22,2,Winter,24.055870254132905,Weekday,None,Afternoon,Rural,Coffee,45,2700
2024-02-23,2,Winter,23.747130837858254,Weekday,None,Afternoon,Urban,Vanilla,108,4320
2024-02-23,2,Winter,23.747130837858254,Weekday,None,Afternoon,Urban,Chocolate,153,7650
2024-02-23,2,Winter,23.747130837858254,Weekday,None,Afternoon,Urban,Strawberry,84,3780
2024-02-23,2,Winter,23.747130837858254,Weekday,None,Afternoon,Urban,Butterscotch,113,6215
2024-02-23,2,Winter,23.747130837858254,Weekday,None,Afternoon,Urban,Coffee,98,5880
2024-02-24,2,Winter,20.174518288806393,Weekend,Holi,Evening,Urban,Vanilla,160,6400
2024-02-24,2,Winter,20.174518288806393,Weekend,Holi,Evening,Urban,Chocolate,216,10800
2024-02-24,2,Winter,20.174518288806393,Weekend,Holi,Evening,Urban,Strawberry,151,6795
2024-02-24,2,Winter,20.174518288806393,Weekend,Holi,Evening,Urban,Butterscotch,187,10285
2024-02-24,2,Winter,20.174518288806393,Weekend,Holi,Evening,Urban,Coffee,132,7920
2024-02-25,2,Winter,25.142540911262884,Weekend,None,Afternoon,Rural,Vanilla,57,2280
2024-02-25,2,Winter,25.142540911262884,Weekend,None,Afternoon,Rural,Chocolate,107,5350
2024-02-25,2,Winter,25.142540911262884,Weekend,None,Afternoon,Rural,Strawberry,94,4230
2024-02-25,2,Winter,25.142540911262884,Weekend,None,Afternoon,Rural,Butterscotch,107,5885
2024-02-25,2,Winter,25.142540911262884,Weekend,None,Afternoon,Rural,Coffee,62,3720
2024-02-26,2,Winter,26.40935277636249,Weekday,Summer Vacation,Afternoon,Urban,Vanilla,134,5360
2024-02-26,2,Winter,26.40935277636249,Weekday,Summer Vacation,Afternoon,Urban,Chocolate,179,8950
2024-02-26,2,Winter,26.40935277636249,Weekday,Summer Vacation,Afternoon,Urban,Strawberry,108,4860
2024-02-26,2,Winter,26.40935277636249,Weekday,Summer Vacation,Afternoon,Urban,Butterscotch,166,9130
2024-02-26,2,Winter,26.40935277636249,Weekday,Summer Vacation,Afternoon,Urban,Coffee,75,4500
2024-02-27,2,Winter,23.476718393394563,Weekday,None,Afternoon,Rural,Vanilla,60,2400
2024-02-27,2,Winter,23.476718393394563,Weekday,None,Afternoon,Rural,Chocolate,78,3900
2024-02-27,2,Winter,23.476718393394563,Weekday,None,Afternoon,Rural,Strawberry,70,3150
2024-02-27,2,Winter,23.476718393394563,Weekday,None,Afternoon,Rural,Butterscotch,71,3905
2024-02-27,2,Winter,23.476718393394563,Weekday,None,Afternoon,Rural,Coffee,63,3780
2024-02-28,2,Winter,24.045230226445426,Weekday,None,Afternoon,Urban,Vanilla,116,4640
2024-02-28,2,Winter,24.045230226445426,Weekday,None,Afternoon,Urban,Chocolate,122,6100
2024-02-28,2,Winter,24.045230226445426,Weekday,None,Afternoon,Urban,Strawberry,100,4500
2024-02-28,2,Winter,24.045230226445426,Weekday,None,Afternoon,Urban,Butterscotch,114,6270
2024-02-28,2,Winter,24.045230226445426,Weekday,None,Afternoon,Urban,Coffee,92,5520
2024-02-29,2,Winter,15.309038725680914,Weekday,None,Morning,Urban,Vanilla,104,4160
2024-02-29,2,Winter,15.309038725680914,Weekday,None,Morning,Urban,Chocolate,55,2750
2024-02-29,2,Winter,15.309038725680914,Weekday,None,Morning,Urban,Strawberry,71,3195
2024-02-29,2,Winter,15.309038725680914,Weekday,None,Morning,Urban,Butterscotch,89,4895
2024-02-29,2,Winter,15.309038725680914,Weekday,None,Morning,Urban,Coffee,60,3600
2024-03-01,3,Summer,36.03639928700507,Weekday,None,Morning,Urban,Vanilla,147,5880
2024-03-01,3,Summer,36.03639928700507,Weekday,None,Morning,Urban,Chocolate,236,11800
2024-03-01,3,Summer,36.03639928700507,Weekday,None,Morning,Urban,Strawberry,166,7470
2024-03-01,3,Summer,36.03639928700507,Weekday,None,Morning,Urban,Butterscotch,199,10945
2024-03-01,3,Summer,36.03639928700507,Weekday,None,Morning,Urban,Coffee,125,7500
2024-03-02,3,Summer,35.52654408303947,Weekend,None,Morning,Urban,Vanilla,185,7400
2024-03-02,3,Summer,35.52654408303947,Weekend,None,Morning,Urban,Chocolate,224,11200
2024-03-02,3,Summer,35.52654408303947,Weekend,None,Morning,Urban,Strawberry,171,7695
2024-03-02,3,Summer,35.52654408303947,Weekend,None,Morning,Urban,Butterscotch,221,12155
2024-03-02,3,Summer,35.52654408303947,Weekend,None,Morning,Urban,Coffee,137,8220
2024-03-03,3,Summer,36.80865400529644,Weekend,None,Afternoon,Urban,Vanilla,199,7960
2024-03-03,3,Summer,36.80865400529644,Weekend,None,Afternoon,Urban,Chocolate,249,12450
2024-03-03,3,Summer,36.80865400529644,Weekend,None,Afternoon,Urban,Strawberry,163,7335
2024-03-03,3,Summer,36.80865400529644,Weekend,None,Afternoon,Urban,Butterscotch,201,11055
2024-03-03,3,Summer,36.80865400529644,Weekend,None,Afternoon,Urban,Coffee,155,9300
2024-03-04,3,Summer,39.86879680943589,Weekday,None,Morning,Rural,Vanilla,191,7640
2024-03-04,3,Summer,39.86879680943589,Weekday,None,Morning,Rural,Chocolate,186,9300
2024-03-04,3,Summer,39.86879680943589,Weekday,None,Morning,Rural,Strawberry,153,6885
2024-03-04,3,Summer,39.86879680943589,Weekday,None,Morning,Rural,Butterscotch,172,9460
2024-03-04,3,Summer,39.86879680943589,Weekday,None,Morning,Rural,Coffee,158,9480
2024-03-05,3,Summer,34.19212668427069,Weekday,None,Afternoon,Rural,Vanilla,170,6800
2024-03-05,3,Summer,34.19212668427069,Weekday,None,Afternoon,Rural,Chocolate,172,8600
2024-03-05,3,Summer,34.19212668427069,Weekday,None,Afternoon,Rural,Strawberry,140,6300
2024-03-05,3,Summer,34.19212668427069,Weekday,None,Afternoon,Rural,Butterscotch,156,8580
2024-03-05,3,Summer,34.19212668427069,Weekday,None,Afternoon,Rural,Coffee,94,5640
2024-03-06,3,Summer,32.37808977295266,Weekday,None,Afternoon,Urban,Vanilla,169,6760
2024-03-06,3,Summer,32.37808977295266,Weekday,None,Afternoon,Urban,Chocolate,181,9050
2024-03-06,3,Summer,32.37808977295266,Weekday,None,Afternoon,Urban,Strawberry,147,6615
2024-03-06,3,Summer,32.37808977295266,Weekday,None,Afternoon,Urban,Butterscotch,189,10395
2024-03-06,3,Summer,32.37808977295266,Weekday,None,Afternoon,Urban,Coffee,144,8640
2024-03-07,3,Summer,38.722630271601226,Weekday,Diwali,Night,Urban,Vanilla,211,8440
2024-03-07,3,Summer,38.722630271601226,Weekday,Diwali,Night,Urban,Chocolate,267,13350
2024-03-07,3,Summer,38.722630271601226,Weekday,Diwali,Night,Urban,Strawberry,197,8865
2024-03-07,3,Summer,38.722630271601226,Weekday,Diwali,Night,Urban,Butterscotch,245,13475
2024-03-07,3,Summer,38.722630271601226,Weekday,Diwali,Night,Urban,Coffee,181,10860
2024-03-08,3,Summer,37.19510546882584,Weekday,Summer Vacation,Afternoon,Urban,Vanilla,219,8760
2024-03-08,3,Summer,37.19510546882584,Weekday,Summer Vacation,Afternoon,Urban,Chocolate,255,12750
2024-03-08,3,Summer,37.19510546882584,Weekday,Summer Vacation,Afternoon,Urban,Strawberry,198,8910
2024-03-08,3,Summer,37.19510546882584,Weekday,Summer Vacation,Afternoon,Urban,Butterscotch,248,13640
2024-03-08,3,Summer,37.19510546882584,Weekday,Summer Vacation,Afternoon,Urban,Coffee,172,10320
2024-03-09,3,Summer,38.04837436370142,Weekend,None,Afternoon,Urban,Vanilla,206,8240
2024-03-09,3,Summer,38.04837436370142,Weekend,None,Afternoon,Urban,Chocolate,228,11400
2024-03-09,3,Summer,38.04837436370142,Weekend,None,Afternoon,Urban,Strawberry,169,7605
2024-03-09,3,Summer,38.04837436370142,Weekend,None,Afternoon,Urban,Butterscotch,236,12980
2024-03-09,3,Summer,38.04837436370142,Weekend,None,Afternoon,Urban,Coffee,166,9960
2024-03-10,3,Summer,35.3851934055281,Weekend,None,Evening,Urban,Vanilla,217,8680
2024-03-10,3,Summer,35.3851934055281,Weekend,None,Evening,Urban,Chocolate,254,12700
2024-03-10,3,Summer,35.3851934055281,Weekend,None,Evening,Urban,Strawberry,191,8595
2024-03-10,3,Summer,35.3851934055281,Weekend,None,Evening,Urban,Butterscotch,266,14630
2024-03-10,3,Summer,35.3851934055281,Weekend,None,Evening,Urban,Coffee,178,10680
2024-03-11,3,Summer,31.34066615764445,Weekday,None,Afternoon,Urban,Vanilla,143,5720
2024-03-11,3,Summer,31.34066615764445,Weekday,None,Afternoon,Urban,Chocolate,196,9800
2024-03-11,3,Summer,31.34066615764445,Weekday,None,Afternoon,Urban,Strawberry,141,6345
2024-03-11,3,Summer,31.34066615764445,Weekday,None,Afternoon,Urban,Butterscotch,190,10450
2024-03-11,3,Summer,31.34066615764445,Weekday,None,Afternoon,Urban,Coffee,147,8820
2024-03-12,3,Summer,40.19085145792089,Weekday,None,Evening,Urban,Vanilla,224,8960
2024-03-12,3,Summer,40.19085145792089,Weekday,None,Evening,Urban,Chocolate,235,11750
2024-03-12,3,Summer,40.19085145792089,Weekday,None,Evening,Urban,Strawberry,205,9225
2024-03-12,3,Summer,40.19085145792089,Weekday,None,Evening,Urban,Butterscotch,258,14190
2024-03-12,3,Summer,40.19085145792089,Weekday,None,Evening,Urban,Coffee,175,10500
2024-03-13,3,Summer,43.233751610225745,Weekday,None,Evening,Rural,Vanilla,217,8680
2024-03-13,3,Summer,43.233751610225745,Weekday,None,Evening,Rural,Chocolate,266,13300
2024-03-13,3,Summer,43.233751610225745,Weekday,None,Evening,Rural,Strawberry,185,8325
2024-03-13,3,Summer,43.233751610225745,Weekday,None,Evening,Rural,Butterscotch,204,11220
2024-03-13,3,Summer,43.233751610225745,Weekday,None,Evening,Rural,Coffee,140,8400
2024-03-14,3,Summer,38.76294687966113,Weekday,None,Afternoon,Urban,Vanilla,175,7000
2024-03-14,3,Summer,38.76294687966113,Weekday,None,Afternoon,Urban,Chocolate,225,11250
2024-03-14,3,Summer,38.76294687966113,Weekday,None,Afternoon,Urban,Strawberry,157,7065
2024-03-14,3,Summer,38.76294687966113,Weekday,None,Afternoon,Urban,Butterscotch,214,11770
2024-03-14,3,Summer,38.76294687966113,Weekday,None,Afternoon,Urban,Coffee,156,9360
2024-03-15,3,Summer,40.43511671483979,Weekday,None,Evening,Urban,Vanilla,226,9040
2024-03-15,3,Summer,40.43511671483979,Weekday,None,Evening,Urban,Chocolate,263,13150
2024-03-15,3,Summer,40.43511671483979,Weekday,None,Evening,Urban,Strawberry,212,9540
2024-03-15,3,Summer,40.43511671483979,Weekday,None,Evening,Urban,Butterscotch,232,12760
2024-03-15,3,Summer,40.43511671483979,Weekday,None,Evening,Urban,Coffee,154,9240
2024-03-16,3,Summer,33.46310602494801,Weekend,Navratri,Night,Urban,Vanilla,213,8520
2024-03-16,3,Summer,33.46310602494801,Weekend,Navratri,Night,Urban,Chocolate,256,12800
2024-03-16,3,Summer,33.46310602494801,Weekend,Navratri,Night,Urban,Strawberry,210,9450
2024-03-16,3,Summer,33.46310602494801,Weekend,Navratri,Night,Urban,Butterscotch,240,13200
2024-03-16,3,Summer,33.46310602494801,Weekend,Navratri,Night,Urban,Coffee,177,10620
2024-03-17,3,Summer,40.682698323502805,Weekend,None,Afternoon,Rural,Vanilla,175,7000
2024-03-17,3,Summer,40.682698323502805,Weekend,None,Afternoon,Rural,Chocolate,240,12000
2024-03-17,3,Summer,40.682698323502805,Weekend,None,Afternoon,Rural,Strawberry,167,7515
2024-03-17,3,Summer,40.682698323502805,Weekend,None,Afternoon,Rural,Butterscotch,206,11330
2024-03-17,3,Summer,40.682698323502805,Weekend,None,Afternoon,Rural,Coffee,173,10380
2024-03-18,3,Summer,40.72466637978785,Weekday,None,Afternoon,Urban,Vanilla,198,7920
2024-03-18,3,Summer,40.72466637978785,Weekday,None,Afternoon,Urban,Chocolate,235,11750
2024-03-18,3,Summer,40.72466637978785,Weekday,None,Afternoon,Urban,Strawberry,197,8865
2024-03-18,3,Summer,40.72466637978785,Weekday,None,Afternoon,Urban,Butterscotch,179,9845
2024-03-18,3,Summer,40.72466637978785,Weekday,None,Afternoon,Urban,Coffee,159,9540
2024-03-19,3,Summer,44.4067601902321,Weekday,None,Evening,Urban,Vanilla,237,9480
2024-03-19,3,Summer,44.4067601902321,Weekday,None,Evening,Urban,Chocolate,277,13850
2024-03-19,3,Summer,44.4067601902321,Weekday,None,Evening,Urban,Strawberry,192,8640
2024-03-19,3,Summer,44.4067601902321,Weekday,None,Evening,Urban,Butterscotch,281,15455
2024-03-19,3,Summer,44.4067601902321,Weekday,None,Evening,Urban,Coffee,174,10440
2024-03-20,3,Summer,40.187935449614834,Weekday,None,Afternoon,Rural,Vanilla,146,5840
2024-03-20,3,Summer,40.187935449614834,Weekday,None,Afternoon,Rural,Chocolate,216,10800
2024-03-20,3,Summer,40.187935449614834,Weekday,None,Afternoon,Rural,Strawberry,149,6705
2024-03-20,3,Summer,40.187935449614834,Weekday,None,Afternoon,Rural,Butterscotch,182,10010
2024-03-20,3,Summer,40.187935449614834,Weekday,None,Afternoon,Rural,Coffee,128,7680
2024-03-21,3,Summer,40.05335143290928,Weekday,None,Evening,Urban,Vanilla,213,8520
2024-03-21,3,Summer,40.05335143290928,Weekday,None,Evening,Urban,Chocolate,239,11950
2024-03-21,3,Summer,40.05335143290928,Weekday,None,Evening,Urban,Strawberry,187,8415
2024-03-21,3,Summer,40.05335143290928,Weekday,None,Evening,Urban,Butterscotch,250,13750
2024-03-21,3,Summer,40.05335143290928,Weekday,None,Evening,Urban,Coffee,184,11040
2024-03-22,3,Summer,44.74831275258887,Weekday,None,Evening,Urban,Vanilla,220,8800
2024-03-22,3,Summer,44.74831275258887,Weekday,None,Evening,Urban,Chocolate,266,13300
2024-03-22,3,Summer,44.74831275258887,Weekday,None,Evening,Urban,Strawberry,197,8865
2024-03-22,3,Summer,44.74831275258887,Weekday,None,Evening,Urban,Butterscotch,222,12210
2024-03-22,3,Summer,44.74831275258887,Weekday,None,Evening,Urban,Coffee,212,12720
2024-03-23,3,Summer,35.408060452771764,Weekend,None,Afternoon,Rural,Vanilla,169,6760
2024-03-23,3,Summer,35.408060452771764,Weekend,None,Afternoon,Rural,Chocolate,184,9200
2024-03-23,3,Summer,35.408060452771764,Weekend,None,Afternoon,Rural,Strawberry,147,6615
2024-03-23,3,Summer,35.408060452771764,Weekend,None,Afternoon,Rural,Butterscotch,161,8855
2024-03-23,3,Summer,35.408060452771764,Weekend,None,Afternoon,Rural,Coffee,154,9240
2024-03-24,3,Summer,43.07698916203165,Weekend,None,Afternoon,Urban,Vanilla,184,7360
2024-03-24,3,Summer,43.07698916203165,Weekend,None,Afternoon,Urban,Chocolate,233,11650
2024-03-24,3,Summer,43.07698916203165,Weekend,None,Afternoon,Urban,Strawberry,175,7875
2024-03-24,3,Summer,43.07698916203165,Weekend,None,Afternoon,Urban,Butterscotch,241,13255
2024-03-24,3,Summer,43.07698916203165,Weekend,None,Afternoon,Urban,Coffee,167,10020
2024-03-25,3,Summer,43.97610990787793,Weekday,None,Afternoon,Rural,Vanilla,204,8160
2024-03-25,3,Summer,43.97610990787793,Weekday,None,Afternoon,Rural,Chocolate,212,10600
2024-03-25,3,Summer,43.97610990787793,Weekday,None,Afternoon,Rural,Strawberry,142,6390
2024-03-25,3,Summer,43.97610990787793,Weekday,None,Afternoon,Rural,Butterscotch,181,9955
2024-03-25,3,Summer,43.97610990787793,Weekday,None,Afternoon,Rural,Coffee,135,8100
2024-03-26,3,Summer,38.880030625781686,Weekday,None,Morning,Urban,Vanilla,214,8560
2024-03-26,3,Summer,38.880030625781686,Weekday,None,Morning,Urban,Chocolate,229,11450
2024-03-26,3,Summer,38.880030625781686,Weekday,None,Morning,Urban,Strawberry,150,6750
2024-03-26,3,Summer,38.880030625781686,Weekday,None,Morning,Urban,Butterscotch,219,12045
2024-03-26,3,Summer,38.880030625781686,Weekday,None,Morning,Urban,Coffee,122,7320
2024-03-27,3,Summer,36.26565962385307,Weekday,None,Afternoon,Urban,Vanilla,174,6960
2024-03-27,3,Summer,36.26565962385307,Weekday,None,Afternoon,Urban,Chocolate,195,9750
2024-03-27,3,Summer,36.26565962385307,Weekday,None,Afternoon,Urban,Strawberry,173,7785
2024-03-27,3,Summer,36.26565962385307,Weekday,None,Afternoon,Urban,Butterscotch,196,10780
2024-03-27,3,Summer,36.26565962385307,Weekday,None,Afternoon,Urban,Coffee,138,8280
2024-03-28,3,Summer,39.33019385190817,Weekday,None,Evening,Urban,Vanilla,219,8760
2024-03-28,3,Summer,39.33019385190817,Weekday,None,Evening,Urban,Chocolate,244,12200
2024-03-28,3,Summer,39.33019385190817,Weekday,None,Evening,Urban,Strawberry,184,8280
2024-03-28,3,Summer,39.33019385190817,Weekday,None,Evening,Urban,Butterscotch,240,13200
2024-03-28,3,Summer,39.33019385190817,Weekday,None,Evening,Urban,Coffee,148,8880
2024-03-29,3,Summer,38.06701771795582,Weekday,None,Evening,Urban,Vanilla,239,9560
2024-03-29,3,Summer,38.06701771795582,Weekday,None,Evening,Urban,Chocolate,271,13550
2024-03-29,3,Summer,38.06701771795582,Weekday,None,Evening,Urban,Strawberry,174,7830
2024-03-29,3,Summer,38.06701771795582,Weekday,None,Evening,Urban,Butterscotch,249,13695
2024-03-29,3,Summer,38.06701771795582,Weekday,None,Evening,Urban,Coffee,168,10080
2024-03-30,3,Summer,38.26730230011163,Weekend,None,Night,Urban,Vanilla,222,8880
2024-03-30,3,Summer,38.26730230011163,Weekend,None,Night,Urban,Chocolate,262,13100
2024-03-30,3,Summer,38.26730230011163,Weekend,None,Night,Urban,Strawberry,172,7740
2024-03-30,3,Summer,38.26730230011163,Weekend,None,Night,Urban,Butterscotch,217,11935
2024-03-30,3,Summer,38.26730230011163,Weekend,None,Night,Urban,Coffee,144,8640
2024-03-31,3,Summer,39.22719481500217,Weekend,None,Afternoon,Urban,Vanilla,217,8680
2024-03-31,3,Summer,39.22719481500217,Weekend,None,Afternoon,Urban,Chocolate,236,11800
2024-03-31,3,Summer,39.22719481500217,Weekend,None,Afternoon,Urban,Strawberry,178,8010
2024-03-31,3,Summer,39.22719481500217,Weekend,None,Afternoon,Urban,Butterscotch,215,11825
2024-03-31,3,Summer,39.22719481500217,Weekend,None,Afternoon,Urban,Coffee,178,10680
2024-04-01,4,Summer,31.406259663277968,Weekday,Navratri,Afternoon,Rural,Vanilla,160,6400
2024-04-01,4,Summer,31.406259663277968,Weekday,Navratri,Afternoon,Rural,Chocolate,211,10550
2024-04-01,4,Summer,31.406259663277968,Weekday,Navratri,Afternoon,Rural,Strawberry,144,6480
2024-04-01,4,Summer,31.406259663277968,Weekday,Navratri,Afternoon,Rural,Butterscotch,169,9295
2024-04-01,4,Summer,31.406259663277968,Weekday,Navratri,Afternoon,Rural,Coffee,166,9960
2024-04-02,4,Summer,36.10018188586918,Weekday,Summer Vacation,Evening,Urban,Vanilla,241,9640
2024-04-02,4,Summer,36.10018188586918,Weekday,Summer Vacation,Evening,Urban,Chocolate,295,14750
2024-04-02,4,Summer,36.10018188586918,Weekday,Summer Vacation,Evening,Urban,Strawberry,206,9270
2024-04-02,4,Summer,36.10018188586918,Weekday,Summer Vacation,Evening,Urban,Butterscotch,258,14190
2024-04-02,4,Summer,36.10018188586918,Weekday,Summer Vacation,Evening,Urban,Coffee,183,10980
2024-04-03,4,Summer,36.76552627633616,Weekday,None,Afternoon,Urban,Vanilla,188,7520
2024-04-03,4,Summer,36.76552627633616,Weekday,None,Afternoon,Urban,Chocolate,230,11500
2024-04-03,4,Summer,36.76552627633616,Weekday,None,Afternoon,Urban,Strawberry,163,7335
2024-04-03,4,Summer,36.76552627633616,Weekday,None,Afternoon,Urban,Butterscotch,204,11220
2024-04-03,4,Summer,36.76552627633616,Weekday,None,Afternoon,Urban,Coffee,137,8220
2024-04-04,4,Summer,36.89838819736475,Weekday,None,Afternoon,Urban,Vanilla,185,7400
2024-04-04,4,Summer,36.89838819736475,Weekday,None,Afternoon,Urban,Chocolate,222,11100
2024-04-04,4,Summer,36.89838819736475,Weekday,None,Afternoon,Urban,Strawberry,137,6165
2024-04-04,4,Summer,36.89838819736475,Weekday,None,Afternoon,Urban,Butterscotch,207,11385
2024-04-04,4,Summer,36.89838819736475,Weekday,None,Afternoon,Urban,Coffee,142,8520
2024-04-05,4,Summer,40.20004469806712,Weekday,None,Morning,Urban,Vanilla,179,7160
2024-04-05,4,Summer,40.20004469806712,Weekday,None,Morning,Urban,Chocolate,244,12200
2024-04-05,4,Summer,40.20004469806712,Weekday,None,Morning,Urban,Strawberry,152,6840
2024-04-05,4,Summer,40.20004469806712,Weekday,None,Morning,Urban,Butterscotch,193,10615
2024-04-05,4,Summer,40.20004469806712,Weekday,None,Morning,Urban,Coffee,190,11400
2024-04-06,4,Summer,43.25277782578143,Weekend,None,Evening,Urban,Vanilla,249,9960
2024-04-06,4,Summer,43.25277782578143,Weekend,None,Evening,Urban,Chocolate,292,14600
2024-04-06,4,Summer,43.25277782578143,Weekend,None,Evening,Urban,Strawberry,250,11250
2024-04-06,4,Summer,43.25277782578143,Weekend,None,Evening,Urban,Butterscotch,259,14245
2024-04-06,4,Summer,43.25277782578143,Weekend,None,Evening,Urban,Coffee,195,11700
2024-04-07,4,Summer,34.76027047741758,Weekend,None,Evening,Urban,Vanilla,224,8960
2024-04-07,4,Summer,34.76027047741758,Weekend,None,Evening,Urban,Chocolate,272,13600
2024-04-07,4,Summer,34.76027047741758,Weekend,None,Evening,Urban,Strawberry,201,9045
2024-04-07,4,Summer,34.76027047741758,Weekend,None,Evening,Urban,Butterscotch,259,14245
2024-04-07,4,Summer,34.76027047741758,Weekend,None,Evening,Urban,Coffee,186,11160
2024-04-08,4,Summer,42.339689873754104,Weekday,None,Morning,Urban,Vanilla,190,7600
2024-04-08,4,Summer,42.339689873754104,Weekday,None,Morning,Urban,Chocolate,253,12650
2024-04-08,4,Summer,42.339689873754104,Weekday,None,Morning,Urban,Strawberry,172,7740
2024-04-08,4,Summer,42.339689873754104,Weekday,None,Morning,Urban,Butterscotch,236,12980
2024-04-08,4,Summer,42.339689873754104,Weekday,None,Morning,Urban,Coffee,138,8280
2024-04-09,4,Summer,40.03356192452309,Weekday,None,Evening,Urban,Vanilla,244,9760
2024-04-09,4,Summer,40.03356192452309,Weekday,None,Evening,Urban,Chocolate,258,12900
2024-04-09,4,Summer,40.03356192452309,Weekday,None,Evening,Urban,Strawberry,208,9360
2024-04-09,4,Summer,40.03356192452309,Weekday,None,Evening,Urban,Butterscotch,222,12210
2024-04-09,4,Summer,40.03356192452309,Weekday,None,Evening,Urban,Coffee,193,11580
2024-04-10,4,Summer,33.605075761685335,Weekday,None,Afternoon,Urban,Vanilla,160,6400
2024-04-10,4,Summer,33.605075761685335,Weekday,None,Afternoon,Urban,Chocolate,215,10750
2024-04-10,4,Summer,33.605075761685335,Weekday,None,Afternoon,Urban,Strawberry,154,6930
2024-04-10,4,Summer,33.605075761685335,Weekday,None,Afternoon,Urban,Butterscotch,187,10285
2024-04-10,4,Summer,33.605075761685335,Weekday,None,Afternoon,Urban,Coffee,127,7620
2024-04-11,4,Summer,40.31006746139212,Weekday,None,Evening,Urban,Vanilla,223,8920
2024-04-11,4,Summer,40.31006746139212,Weekday,None,Evening,Urban,Chocolate,272,13600
2024-04-11,4,Summer,40.31006746139212,Weekday,None,Evening,Urban,Strawberry,193,8685
2024-04-11,4,Summer,40.31006746139212,Weekday,None,Evening,Urban,Butterscotch,245,13475
2024-04-11,4,Summer,40.31006746139212,Weekday,None,Evening,Urban,Coffee,184,11040
2024-04-12,4,Summer,36.264620813371,Weekday,Diwali,Evening,Rural,Vanilla,217,8680
2024-04-12,4,Summer,36.264620813371,Weekday,Diwali,Evening,Rural,Chocolate,259,12950
2024-04-12,4,Summer,36.264620813371,Weekday,Diwali,Evening,Rural,Strawberry,226,10170
2024-04-12,4,Summer,36.264620813371,Weekday,Diwali,Evening,Rural,Butterscotch,236,12980
2024-04-12,4,Summer,36.264620813371,Weekday,Diwali,Evening,Rural,Coffee,169,10140
2024-04-13,4,Summer,38.35493344435001,Weekend,None,Evening,Urban,Vanilla,224,8960
2024-04-13,4,Summer,38.35493344435001,Weekend,None,Evening,Urban,Chocolate,286,14300
2024-04-13,4,Summer,38.35493344435001,Weekend,None,Evening,Urban,Strawberry,226,10170
2024-04-13,4,Summer,38.35493344435001,Weekend,None,Evening,Urban,Butterscotch,281,15455
2024-04-13,4,Summer,38.35493344435001,Weekend,None,Evening,Urban,Coffee,158,9480
2024-04-14,4,Summer,34.053676078850465,Weekend,None,Morning,Rural,Vanilla,186,7440
2024-04-14,4,Summer,34.053676078850465,Weekend,None,Morning,Rural,Chocolate,183,9150
2024-04-14,4,Summer,34.053676078850465,Weekend,None,Morning,Rural,Strawberry,128,5760
2024-04-14,4,Summer,34.053676078850465,Weekend,None,Morning,Rural,Butterscotch,190,10450
2024-04-14,4,Summer,34.053676078850465,Weekend,None,Morning,Rural,Coffee,113,6780
2024-04-15,4,Summer,36.50109379066255,Weekday,None,Evening,Urban,Vanilla,208,8320
2024-04-15,4,Summer,36.50109379066255,Weekday,None,Evening,Urban,Chocolate,265,13250
2024-04-15,4,Summer,36.50109379066255,Weekday,None,Evening,Urban,Strawberry,204,9180
2024-04-15,4,Summer,36.50109379066255,Weekday,None,Evening,Urban,Butterscotch,220,12100
2024-04-15,4,Summer,36.50109379066255,Weekday,None,Evening,Urban,Coffee,163,9780
2024-04-16,4,Summer,40.30709496632683,Weekday,Diwali,Evening,Rural,Vanilla,223,8920
2024-04-16,4,Summer,40.30709496632683,Weekday,Diwali,Evening,Rural,Chocolate,270,13500
2024-04-16,4,Summer,40.30709496632683,Weekday,Diwali,Evening,Rural,Strawberry,195,8775
2024-04-16,4,Summer,40.30709496632683,Weekday,Diwali,Evening,Rural,Butterscotch,242,13310
2024-04-16,4,Summer,40.30709496632683,Weekday,Diwali,Evening,Rural,Coffee,186,11160
2024-04-17,4,Summer,37.518609344548864,Weekday,None,Evening,Rural,Vanilla,195,7800
2024-04-17,4,Summer,37.518609344548864,Weekday,None,Evening,Rural,Chocolate,249,12450
2024-04-17,4,Summer,37.518609344548864,Weekday,None,Evening,Rural,Strawberry,189,8505
2024-04-17,4,Summer,37.518609344548864,Weekday,None,Evening,Rural,Butterscotch,226,12430
2024-04-17,4,Summer,37.518609344548864,Weekday,None,Evening,Rural,Coffee,171,10260
2024-04-18,4,Summer,38.874136954447835,Weekday,None,Evening,Rural,Vanilla,192,7680
2024-04-18,4,Summer,38.874136954447835,Weekday,None,Evening,Rural,Chocolate,263,13150
2024-04-18,4,Summer,38.874136954447835,Weekday,None,Evening,Rural,Strawberry,131,5895
2024-04-18,4,Summer,38.874136954447835,Weekday,None,Evening,Rural,Butterscotch,207,11385
2024-04-18,4,Summer,38.874136954447835,Weekday,None,Evening,Rural,Coffee,172,10320
2024-04-19,4,Summer,40.94078885816505,Weekday,None,Evening,Urban,Vanilla,261,10440
2024-04-19,4,Summer,40.94078885816505,Weekday,None,Evening,Urban,Chocolate,272,13600
2024-04-19,4,Summer,40.94078885816505,Weekday,None,Evening,Urban,Strawberry,183,8235
2024-04-19,4,Summer,40.94078885816505,Weekday,None,Evening,Urban,Butterscotch,227,12485
2024-04-19,4,Summer,40.94078885816505,Weekday,None,Evening,Urban,Coffee,183,10980
2024-04-20,4,Summer,33.907682018544925,Weekend,None,Evening,Urban,Vanilla,213,8520
2024-04-20,4,Summer,33.907682018544925,Weekend,None,Evening,Urban,Chocolate,255,12750
2024-04-20,4,Summer,33.907682018544925,Weekend,None,Evening,Urban,Strawberry,203,9135
2024-04-20,4,Summer,33.907682018544925,Weekend,None,Evening,Urban,Butterscotch,240,13200
2024-04-20,4,Summer,33.907682018544925,Weekend,None,Evening,Urban,Coffee,190,11400
2024-04-21,4,Summer,36.834451932930634,Weekend,None,Night,Urban,Vanilla,171,6840
2024-04-21,4,Summer,36.834451932930634,Weekend,None,Night,Urban,Chocolate,252,12600
2024-04-21,4,Summer,36.834451932930634,Weekend,None,Night,Urban,Strawberry,174,7830
2024-04-21,4,Summer,36.834451932930634,Weekend,None,Night,Urban,Butterscotch,227,12485
2024-04-21,4,Summer,36.834451932930634,Weekend,None,Night,Urban,Coffee,137,8220
2024-04-22,4,Summer,40.39392576374571,Weekday,None,Evening,Urban,Vanilla,212,8480
2024-04-22,4,Summer,40.39392576374571,Weekday,None,Evening,Urban,Chocolate,282,14100
2024-04-22,4,Summer,40.39392576374571,Weekday,None,Evening,Urban,Strawberry,178,8010
2024-04-22,4,Summer,40.39392576374571,Weekday,None,Evening,Urban,Butterscotch,248,13640
2024-04-22,4,Summer,40.39392576374571,Weekday,None,Evening,Urban,Coffee,192,11520
2024-04-23,4,Summer,36.6529891388854,Weekday,Diwali,Evening,Urban,Vanilla,255,10200
2024-04-23,4,Summer,36.6529891388854,Weekday,Diwali,Evening,Urban,Chocolate,323,16150
2024-04-23,4,Summer,36.6529891388854,Weekday,Diwali,Evening,Urban,Strawberry,230,10350
2024-04-23,4,Summer,36.6529891388854,Weekday,Diwali,Evening,Urban,Butterscotch,292,16060
2024-04-23,4,Summer,36.6529891388854,Weekday,Diwali,Evening,Urban,Coffee,204,12240
2024-04-24,4,Summer,35.86609031915156,Weekday,None,Evening,Urban,Vanilla,209,8360
2024-04-24,4,Summer,35.86609031915156,Weekday,None,Evening,Urban,Chocolate,247,12350
2024-04-24,4,Summer,35.86609031915156,Weekday,None,Evening,Urban,Strawberry,175,7875
2024-04-24,4,Summer,35.86609031915156,Weekday,None,Evening,Urban,Butterscotch,199,10945
2024-04-24,4,Summer,35.86609031915156,Weekday,None,Evening,Urban,Coffee,175,10500
2024-04-25,4,Summer,40.62587016024958,Weekday,None,Evening,Urban,Vanilla,242,9680
2024-04-25,4,Summer,40.62587016024958,Weekday,None,Evening,Urban,Chocolate,278,13900
2024-04-25,4,Summer,40.62587016024958,Weekday,None,Evening,Urban,Strawberry,230,10350
2024-04-25,4,Summer,40.62587016024958,Weekday,None,Evening,Urban,Butterscotch,252,13860
2024-04-25,4,Summer,40.62587016024958,Weekday,None,Evening,Urban,Coffee,175,10500
2024-04-26,4,Summer,39.02877913196403,Weekday,None,Afternoon,Urban,Vanilla,205,8200
2024-04-26,4,Summer,39.02877913196403,Weekday,None,Afternoon,Urban,Chocolate,196,9800
2024-04-26,4,Summer,39.02877913196403,Weekday,None,Afternoon,Urban,Strawberry,165,7425
2024-04-26,4,Summer,39.02877913196403,Weekday,None,Afternoon,Urban,Butterscotch,186,10230
2024-04-26,4,Summer,39.02877913196403,Weekday,None,Afternoon,Urban,Coffee,150,9000
2024-04-27,4,Summer,43.308011970201875,Weekend,None,Evening,Urban,Vanilla,252,10080
2024-04-27,4,Summer,43.308011970201875,Weekend,None,Evening,Urban,Chocolate,310,15500
2024-04-27,4,Summer,43.308011970201875,Weekend,None,Evening,Urban,Strawberry,199,8955
2024-04-27,4,Summer,43.308011970201875,Weekend,None,Evening,Urban,Butterscotch,315,17325
2024-04-27,4,Summer,43.308011970201875,Weekend,None,Evening,Urban,Coffee,198,11880
2024-04-28,4,Summer,35.3675479335331,Weekend,None,Morning,Urban,Vanilla,174,6960
2024-04-28,4,Summer,35.3675479335331,Weekend,None,Morning,Urban,Chocolate,216,10800
2024-04-28,4,Summer,35.3675479335331,Weekend,None,Morning,Urban,Strawberry,189,8505
2024-04-28,4,Summer,35.3675479335331,Weekend,None,Morning,Urban,Butterscotch,215,11825
2024-04-28,4,Summer,35.3675479335331,Weekend,None,Morning,Urban,Coffee,173,10380
2024-04-29,4,Summer,38.52573558209768,Weekday,Summer Vacation,Evening,Urban,Vanilla,221,8840
2024-04-29,4,Summer,38.52573558209768,Weekday,Summer Vacation,Evening,Urban,Chocolate,320,16000
2024-04-29,4,Summer,38.52573558209768,Weekday,Summer Vacation,Evening,Urban,Strawberry,211,9495
2024-04-29,4,Summer,38.52573558209768,Weekday,Summer Vacation,Evening,Urban,Butterscotch,291,16005
2024-04-29,4,Summer,38.52573558209768,Weekday,Summer Vacation,Evening,Urban,Coffee,193,11580
2024-04-30,4,Summer,43.25958440619676,Weekday,None,Evening,Urban,Vanilla,224,8960
2024-04-30,4,Summer,43.25958440619676,Weekday,None,Evening,Urban,Chocolate,268,13400
2024-04-30,4,Summer,43.25958440619676,Weekday,None,Evening,Urban,Strawberry,201,9045
2024-04-30,4,Summer,43.25958440619676,Weekday,None,Evening,Urban,Butterscotch,248,13640
2024-04-30,4,Summer,43.25958440619676,Weekday,None,Evening,Urban,Coffee,159,9540
2024-05-01,5,Summer,37.74829441019511,Weekday,None,Night,Urban,Vanilla,177,7080
2024-05-01,5,Summer,37.74829441019511,Weekday,None,Night,Urban,Chocolate,222,11100
2024-05-01,5,Summer,37.74829441019511,Weekday,None,Night,Urban,Strawberry,184,8280
2024-05-01,5,Summer,37.74829441019511,Weekday,None,Night,Urban,Butterscotch,200,11000
2024-05-01,5,Summer,37.74829441019511,Weekday,None,Night,Urban,Coffee,143,8580
2024-05-02,5,Summer,39.77698864104003,Weekday,None,Afternoon,Rural,Vanilla,165,6600
2024-05-02,5,Summer,39.77698864104003,Weekday,None,Afternoon,Rural,Chocolate,203,10150
2024-05-02,5,Summer,39.77698864104003,Weekday,None,Afternoon,Rural,Strawberry,155,6975
2024-05-02,5,Summer,39.77698864104003,Weekday,None,Afternoon,Rural,Butterscotch,182,10010
2024-05-02,5,Summer,39.77698864104003,Weekday,None,Afternoon,Rural,Coffee,94,5640
2024-05-03,5,Summer,33.04424545042464,Weekday,Summer Vacation,Morning,Urban,Vanilla,200,8000
2024-05-03,5,Summer,33.04424545042464,Weekday,Summer Vacation,Morning,Urban,Chocolate,249,12450
2024-05-03,5,Summer,33.04424545042464,Weekday,Summer Vacation,Morning,Urban,Strawberry,190,8550
2024-05-03,5,Summer,33.04424545042464,Weekday,Summer Vacation,Morning,Urban,Butterscotch,233,12815
2024-05-03,5,Summer,33.04424545042464,Weekday,Summer Vacation,Morning,Urban,Coffee,123,7380
2024-05-04,5,Summer,42.09916823556331,Weekend,None,Evening,Rural,Vanilla,210,8400
2024-05-04,5,Summer,42.09916823556331,Weekend,None,Evening,Rural,Chocolate,256,12800
2024-05-04,5,Summer,42.09916823556331,Weekend,None,Evening,Rural,Strawberry,182,8190
2024-05-04,5,Summer,42.09916823556331,Weekend,None,Evening,Rural,Butterscotch,212,11660
2024-05-04,5,Summer,42.09916823556331,Weekend,None,Evening,Rural,Coffee,171,10260
2024-05-05,5,Summer,35.66740062813543,Weekend,None,Afternoon,Urban,Vanilla,214,8560
2024-05-05,5,Summer,35.66740062813543,Weekend,None,Afternoon,Urban,Chocolate,244,12200
2024-05-05,5,Summer,35.66740062813543,Weekend,None,Afternoon,Urban,Strawberry,157,7065
2024-05-05,5,Summer,35.66740062813543,Weekend,None,Afternoon,Urban,Butterscotch,205,11275
2024-05-05,5,Summer,35.66740062813543,Weekend,None,Afternoon,Urban,Coffee,155,9300
2024-05-06,5,Summer,43.69366187797612,Weekday,None,Night,Urban,Vanilla,199,7960
2024-05-06,5,Summer,43.69366187797612,Weekday,None,Night,Urban,Chocolate,259,12950
2024-05-06,5,Summer,43.69366187797612,Weekday,None,Night,Urban,Strawberry,152,6840
2024-05-06,5,Summer,43.69366187797612,Weekday,None,Night,Urban,Butterscotch,211,11605
2024-05-06,5,Summer,43.69366187797612,Weekday,None,Night,Urban,Coffee,176,10560
2024-05-07,5,Summer,35.902089682692484,Weekday,None,Morning,Urban,Vanilla,183,7320
2024-05-07,5,Summer,35.902089682692484,Weekday,None,Morning,Urban,Chocolate,224,11200
2024-05-07,5,Summer,35.902089682692484,Weekday,None,Morning,Urban,Strawberry,145,6525
2024-05-07,5,Summer,35.902089682692484,Weekday,None,Morning,Urban,Butterscotch,196,10780
2024-05-07,5,Summer,35.902089682692484,Weekday,None,Morning,Urban,Coffee,152,9120
2024-05-08,5,Summer,31.80409167487817,Weekday,None,Evening,Urban,Vanilla,227,9080
2024-05-08,5,Summer,31.80409167487817,Weekday,None,Evening,Urban,Chocolate,265,13250
2024-05-08,5,Summer,31.80409167487817,Weekday,None,Evening,Urban,Strawberry,169,7605
2024-05-08,5,Summer,31.80409167487817,Weekday,None,Evening,Urban,Butterscotch,211,11605
2024-05-08,5,Summer,31.80409167487817,Weekday,None,Evening,Urban,Coffee,169,10140
2024-05-09,5,Summer,37.72937847497649,Weekday,None,Evening,Urban,Vanilla,220,8800
2024-05-09,5,Summer,37.72937847497649,Weekday,None,Evening,Urban,Chocolate,268,13400
2024-05-09,5,Summer,37.72937847497649,Weekday,None,Evening,Urban,Strawberry,179,8055
2024-05-09,5,Summer,37.72937847497649,Weekday,None,Evening,Urban,Butterscotch,208,11440
2024-05-09,5,Summer,37.72937847497649,Weekday,None,Evening,Urban,Coffee,172,10320
2024-05-10,5,Summer,38.84369147665581,Weekday,None,Afternoon,Urban,Vanilla,208,8320
2024-05-10,5,Summer,38.84369147665581,Weekday,None,Afternoon,Urban,Chocolate,203,10150
2024-05-10,5,Summer,38.84369147665581,Weekday,None,Afternoon,Urban,Strawberry,193,8685
2024-05-10,5,Summer,38.84369147665581,Weekday,None,Afternoon,Urban,Butterscotch,231,12705
2024-05-10,5,Summer,38.84369147665581,Weekday,None,Afternoon,Urban,Coffee,150,9000
2024-05-11,5,Summer,32.68926747207354,Weekend,None,Afternoon,Urban,Vanilla,171,6840
2024-05-11,5,Summer,32.68926747207354,Weekend,None,Afternoon,Urban,Chocolate,222,11100
2024-05-11,5,Summer,32.68926747207354,Weekend,None,Afternoon,Urban,Strawberry,216,9720
2024-05-11,5,Summer,32.68926747207354,Weekend,None,Afternoon,Urban,Butterscotch,206,11330
2024-05-11,5,Summer,32.68926747207354,Weekend,None,Afternoon,Urban,Coffee,133,7980
2024-05-12,5,Summer,37.82780760863962,Weekend,None,Evening,Rural,Vanilla,207,8280
2024-05-12,5,Summer,37.82780760863962,Weekend,None,Evening,Rural,Chocolate,262,13100
2024-05-12,5,Summer,37.82780760863962,Weekend,None,Evening,Rural,Strawberry,184,8280
2024-05-12,5,Summer,37.82780760863962,Weekend,None,Evening,Rural,Butterscotch,248,13640
2024-05-12,5,Summer,37.82780760863962,Weekend,None,Evening,Rural,Coffee,176,10560
2024-05-13,5,Summer,39.21174674394716,Weekday,Summer Vacation,Night,Rural,Vanilla,195,7800
2024-05-13,5,Summer,39.21174674394716,Weekday,Summer Vacation,Night,Rural,Chocolate,223,11150
2024-05-13,5,Summer,39.21174674394716,Weekday,Summer Vacation,Night,Rural,Strawberry,162,7290
2024-05-13,5,Summer,39.21174674394716,Weekday,Summer Vacation,Night,Rural,Butterscotch,227,12485
2024-05-13,5,Summer,39.21174674394716,Weekday,Summer Vacation,Night,Rural,Coffee,151,9060
2024-05-14,5,Summer,35.43853073748687,Weekday,None,Evening,Urban,Vanilla,196,7840
2024-05-14,5,Summer,35.43853073748687,Weekday,None,Evening,Urban,Chocolate,247,12350
2024-05-14,5,Summer,35.43853073748687,Weekday,None,Evening,Urban,Strawberry,184,8280
2024-05-14,5,Summer,35.43853073748687,Weekday,None,Evening,Urban,Butterscotch,212,11660
2024-05-14,5,Summer,35.43853073748687,Weekday,None,Evening,Urban,Coffee,161,9660
2024-05-15,5,Summer,41.571009021828104,Weekday,Diwali,Evening,Rural,Vanilla,250,10000
2024-05-15,5,Summer,41.571009021828104,Weekday,Diwali,Evening,Rural,Chocolate,292,14600
2024-05-15,5,Summer,41.571009021828104,Weekday,Diwali,Evening,Rural,Strawberry,238,10710
2024-05-15,5,Summer,41.571009021828104,Weekday,Diwali,Evening,Rural,Butterscotch,256,14080
2024-05-15,5,Summer,41.571009021828104,Weekday,Diwali,Evening,Rural,Coffee,197,11820
2024-05-16,5,Summer,36.246797070211905,Weekday,None,Morning,Rural,Vanilla,190,7600
2024-05-16,5,Summer,36.246797070211905,Weekday,None,Morning,Rural,Chocolate,199,9950
2024-05-16,5,Summer,36.246797070211905,Weekday,None,Morning,Rural,Strawberry,148,6660
2024-05-16,5,Summer,36.246797070211905,Weekday,None,Morning,Rural,Butterscotch,181,9955
2024-05-16,5,Summer,36.246797070211905,Weekday,None,Morning,Rural,Coffee,125,7500
2024-05-17,5,Summer,37.02531555607933,Weekday,None,Evening,Urban,Vanilla,210,8400
2024-05-17,5,Summer,37.02531555607933,Weekday,None,Evening,Urban,Chocolate,256,12800
2024-05-17,5,Summer,37.02531555607933,Weekday,None,Evening,Urban,Strawberry,177,7965
2024-05-17,5,Summer,37.02531555607933,Weekday,None,Evening,Urban,Butterscotch,206,11330
2024-05-17,5,Summer,37.02531555607933,Weekday,None,Evening,Urban,Coffee,172,10320
2024-05-18,5,Summer,40.7148861244826,Weekend,None,Evening,Urban,Vanilla,238,9520
2024-05-18,5,Summer,40.7148861244826,Weekend,None,Evening,Urban,Chocolate,315,15750
2024-05-18,5,Summer,40.7148861244826,Weekend,None,Evening,Urban,Strawberry,212,9540
2024-05-18,5,Summer,40.7148861244826,Weekend,None,Evening,Urban,Butterscotch,265,14575
2024-05-18,5,Summer,40.7148861244826,Weekend,None,Evening,Urban,Coffee,193,11580
2024-05-19,5,Summer,37.97310102270878,Weekend,None,Afternoon,Urban,Vanilla,189,7560
2024-05-19,5,Summer,37.97310102270878,Weekend,None,Afternoon,Urban,Chocolate,260,13000
2024-05-19,5,Summer,37.97310102270878,Weekend,None,Afternoon,Urban,Strawberry,199,8955
2024-05-19,5,Summer,37.97310102270878,Weekend,None,Afternoon,Urban,Butterscotch,237,13035
2024-05-19,5,Summer,37.97310102270878,Weekend,None,Afternoon,Urban,Coffee,162,9720
2024-05-20,5,Summer,29.13725317627391,Weekday,Holi,Afternoon,Urban,Vanilla,182,7280
2024-05-20,5,Summer,29.13725317627391,Weekday,Holi,Afternoon,Urban,Chocolate,211,10550
2024-05-20,5,Summer,29.13725317627391,Weekday,Holi,Afternoon,Urban,Strawberry,183,8235
2024-05-20,5,Summer,29.13725317627391,Weekday,Holi,Afternoon,Urban,Butterscotch,227,12485
2024-05-20,5,Summer,29.13725317627391,Weekday,Holi,Afternoon,Urban,Coffee,142,8520
2024-05-21,5,Summer,34.557975451036015,Weekday,Summer Vacation,Evening,Urban,Vanilla,227,9080
2024-05-21,5,Summer,34.557975451036015,Weekday,Summer Vacation,Evening,Urban,Chocolate,293,14650
2024-05-21,5,Summer,34.557975451036015,Weekday,Summer Vacation,Evening,Urban,Strawberry,169,7605
2024-05-21,5,Summer,34.557975451036015,Weekday,Summer Vacation,Evening,Urban,Butterscotch,277,15235
2024-05-21,5,Summer,34.557975451036015,Weekday,Summer Vacation,Evening,Urban,Coffee,212,12720
2024-05-22,5,Summer,34.84944038791499,Weekday,None,Afternoon,Urban,Vanilla,159,6360
2024-05-22,5,Summer,34.84944038791499,Weekday,None,Afternoon,Urban,Chocolate,240,12000
2024-05-22,5,Summer,34.84944038791499,Weekday,None,Afternoon,Urban,Strawberry,161,7245
2024-05-22,5,Summer,34.84944038791499,Weekday,None,Afternoon,Urban,Butterscotch,213,11715
2024-05-22,5,Summer,34.84944038791499,Weekday,None,Afternoon,Urban,Coffee,127,7620
2024-05-23,5,Summer,34.24518922260577,Weekday,Navratri,Morning,Urban,Vanilla,193,7720
2024-05-23,5,Summer,34.24518922260577,Weekday,Navratri,Morning,Urban,Chocolate,258,12900
2024-05-23,5,Summer,34.24518922260577,Weekday,Navratri,Morning,Urban,Strawberry,185,8325
2024-05-23,5,Summer,34.24518922260577,Weekday,Navratri,Morning,Urban,Butterscotch,221,12155
2024-05-23,5,Summer,34.24518922260577,Weekday,Navratri,Morning,Urban,Coffee,169,10140
2024-05-24,5,Summer,39.42390045670037,Weekday,None,Evening,Urban,Vanilla,228,9120
2024-05-24,5,Summer,39.42390045670037,Weekday,None,Evening,Urban,Chocolate,262,13100
2024-05-24,5,Summer,39.42390045670037,Weekday,None,Evening,Urban,Strawberry,173,7785
2024-05-24,5,Summer,39.42390045670037,Weekday,None,Evening,Urban,Butterscotch,266,14630
2024-05-24,5,Summer,39.42390045670037,Weekday,None,Evening,Urban,Coffee,208,12480
2024-05-25,5,Summer,39.85728943415465,Weekend,None,Night,Rural,Vanilla,185,7400
2024-05-25,5,Summer,39.85728943415465,Weekend,None,Night,Rural,Chocolate,220,11000
2024-05-25,5,Summer,39.85728943415465,Weekend,None,Night,Rural,Strawberry,140,6300
2024-05-25,5,Summer,39.85728943415465,Weekend,None,Night,Rural,Butterscotch,203,11165
2024-05-25,5,Summer,39.85728943415465,Weekend,None,Night,Rural,Coffee,165,9900
2024-05-26,5,Summer,36.20108001553639,Weekend,Summer Vacation,Evening,Urban,Vanilla,269,10760
2024-05-26,5,Summer,36.20108001553639,Weekend,Summer Vacation,Evening,Urban,Chocolate,296,14800
2024-05-26,5,Summer,36.20108001553639,Weekend,Summer Vacation,Evening,Urban,Strawberry,224,10080
2024-05-26,5,Summer,36.20108001553639,Weekend,Summer Vacation,Evening,Urban,Butterscotch,309,16995
2024-05-26,5,Summer,36.20108001553639,Weekend,Summer Vacation,Evening,Urban,Coffee,196,11760
2024-05-27,5,Summer,40.58811476597005,Weekday,None,Evening,Urban,Vanilla,190,7600
2024-05-27,5,Summer,40.58811476597005,Weekday,None,Evening,Urban,Chocolate,285,14250
2024-05-27,5,Summer,40.58811476597005,Weekday,None,Evening,Urban,Strawberry,212,9540
2024-05-27,5,Summer,40.58811476597005,Weekday,None,Evening,Urban,Butterscotch,248,13640
2024-05-27,5,Summer,40.58811476597005,Weekday,None,Evening,Urban,Coffee,173,10380
2024-05-28,5,Summer,34.42437588742625,Weekday,None,Night,Urban,Vanilla,202,8080
2024-05-28,5,Summer,34.42437588742625,Weekday,None,Night,Urban,Chocolate,198,9900
2024-05-28,5,Summer,34.42437588742625,Weekday,None,Night,Urban,Strawberry,139,6255
2024-05-28,5,Summer,34.42437588742625,Weekday,None,Night,Urban,Butterscotch,199,10945
2024-05-28,5,Summer,34.42437588742625,Weekday,None,Night,Urban,Coffee,152,9120
2024-05-29,5,Summer,36.9894013848784,Weekday,None,Afternoon,Rural,Vanilla,178,7120
2024-05-29,5,Summer,36.9894013848784,Weekday,None,Afternoon,Rural,Chocolate,190,9500
2024-05-29,5,Summer,36.9894013848784,Weekday,None,Afternoon,Rural,Strawberry,141,6345
2024-05-29,5,Summer,36.9894013848784,Weekday,None,Afternoon,Rural,Butterscotch,165,9075
2024-05-29,5,Summer,36.9894013848784,Weekday,None,Afternoon,Rural,Coffee,96,5760
2024-05-30,5,Summer,39.41144898838732,Weekday,Holi,Evening,Rural,Vanilla,257,10280
2024-05-30,5,Summer,39.41144898838732,Weekday,Holi,Evening,Rural,Chocolate,279,13950
2024-05-30,5,Summer,39.41144898838732,Weekday,Holi,Evening,Rural,Strawberry,218,9810
2024-05-30,5,Summer,39.41144898838732,Weekday,Holi,Evening,Rural,Butterscotch,263,14465
2024-05-30,5,Summer,39.41144898838732,Weekday,Holi,Evening,Rural,Coffee,177,10620
2024-05-31,5,Summer,39.59499678781579,Weekday,None,Night,Urban,Vanilla,195,7800
2024-05-31,5,Summer,39.59499678781579,Weekday,None,Night,Urban,Chocolate,245,12250
2024-05-31,5,Summer,39.59499678781579,Weekday,None,Night,Urban,Strawberry,171,7695
2024-05-31,5,Summer,39.59499678781579,Weekday,None,Night,Urban,Butterscotch,188,10340
2024-05-31,5,Summer,39.59499678781579,Weekday,None,Night,Urban,Coffee,145,8700
2024-06-01,6,Summer,38.132187702219795,Weekend,None,Evening,Urban,Vanilla,206,8240
2024-06-01,6,Summer,38.132187702219795,Weekend,None,Evening,Urban,Chocolate,302,15100
2024-06-01,6,Summer,38.132187702219795,Weekend,None,Evening,Urban,Strawberry,217,9765
2024-06-01,6,Summer,38.132187702219795,Weekend,None,Evening,Urban,Butterscotch,270,14850
2024-06-01,6,Summer,38.132187702219795,Weekend,None,Evening,Urban,Coffee,171,10260
2024-06-02,6,Summer,40.95177061173336,Weekend,None,Morning,Urban,Vanilla,209,8360
2024-06-02,6,Summer,40.95177061173336,Weekend,None,Morning,Urban,Chocolate,227,11350
2024-06-02,6,Summer,40.95177061173336,Weekend,None,Morning,Urban,Strawberry,209,9405
2024-06-02,6,Summer,40.95177061173336,Weekend,None,Morning,Urban,Butterscotch,249,13695
2024-06-02,6,Summer,40.95177061173336,Weekend,None,Morning,Urban,Coffee,171,10260
2024-06-03,6,Summer,37.319172601586224,Weekday,None,Evening,Urban,Vanilla,217,8680
2024-06-03,6,Summer,37.319172601586224,Weekday,None,Evening,Urban,Chocolate,242,12100
2024-06-03,6,Summer,37.319172601586224,Weekday,None,Evening,Urban,Strawberry,212,9540
2024-06-03,6,Summer,37.319172601586224,Weekday,None,Evening,Urban,Butterscotch,219,12045
2024-06-03,6,Summer,37.319172601586224,Weekday,None,Evening,Urban,Coffee,124,7440
2024-06-04,6,Summer,39.540905101595456,Weekday,None,Afternoon,Urban,Vanilla,162,6480
2024-06-04,6,Summer,39.540905101595456,Weekday,None,Afternoon,Urban,Chocolate,229,11450
2024-06-04,6,Summer,39.540905101595456,Weekday,None,Afternoon,Urban,Strawberry,146,6570
2024-06-04,6,Summer,39.540905101595456,Weekday,None,Afternoon,Urban,Butterscotch,208,11440
2024-06-04,6,Summer,39.540905101595456,Weekday,None,Afternoon,Urban,Coffee,129,7740
2024-06-05,6,Summer,39.383816252953494,Weekday,None,Morning,Rural,Vanilla,149,5960
2024-06-05,6,Summer,39.383816252953494,Weekday,None,Morning,Rural,Chocolate,198,9900
2024-06-05,6,Summer,39.383816252953494,Weekday,None,Morning,Rural,Strawberry,136,6120
2024-06-05,6,Summer,39.383816252953494,Weekday,None,Morning,Rural,Butterscotch,182,10010
2024-06-05,6,Summer,39.383816252953494,Weekday,None,Morning,Rural,Coffee,104,6240
2024-06-06,6,Summer,40.42178316900693,Weekday,None,Evening,Urban,Vanilla,221,8840
2024-06-06,6,Summer,40.42178316900693,Weekday,None,Evening,Urban,Chocolate,277,13850
2024-06-06,6,Summer,40.42178316900693,Weekday,None,Evening,Urban,Strawberry,191,8595
2024-06-06,6,Summer,40.42178316900693,Weekday,None,Evening,Urban,Butterscotch,261,14355
2024-06-06,6,Summer,40.42178316900693,Weekday,None,Evening,Urban,Coffee,173,10380
2024-06-07,6,Summer,36.62592445095633,Weekday,None,Afternoon,Rural,Vanilla,162,6480
2024-06-07,6,Summer,36.62592445095633,Weekday,None,Afternoon,Rural,Chocolate,201,10050
2024-06-07,6,Summer,36.62592445095633,Weekday,None,Afternoon,Rural,Strawberry,125,5625
2024-06-07,6,Summer,36.62592445095633,Weekday,None,Afternoon,Rural,Butterscotch,158,8690
2024-06-07,6,Summer,36.62592445095633,Weekday,None,Afternoon,Rural,Coffee,131,7860
2024-06-08,6,Summer,37.24385262609543,Weekend,Holi,Evening,Urban,Vanilla,261,10440
2024-06-08,6,Summer,37.24385262609543,Weekend,Holi,Evening,Urban,Chocolate,302,15100
2024-06-08,6,Summer,37.24385262609543,Weekend,Holi,Evening,Urban,Strawberry,222,9990
2024-06-08,6,Summer,37.24385262609543,Weekend,Holi,Evening,Urban,Butterscotch,325,17875
2024-06-08,6,Summer,37.24385262609543,Weekend,Holi,Evening,Urban,Coffee,200,12000
2024-06-09,6,Summer,37.03087289368098,Weekend,None,Afternoon,Rural,Vanilla,170,6800
2024-06-09,6,Summer,37.03087289368098,Weekend,None,Afternoon,Rural,Chocolate,216,10800
2024-06-09,6,Summer,37.03087289368098,Weekend,None,Afternoon,Rural,Strawberry,171,7695
2024-06-09,6,Summer,37.03087289368098,Weekend,None,Afternoon,Rural,Butterscotch,213,11715
2024-06-09,6,Summer,37.03087289368098,Weekend,None,Afternoon,Rural,Coffee,124,7440
2024-06-10,6,Summer,42.096568941218564,Weekday,None,Night,Rural,Vanilla,170,6800
2024-06-10,6,Summer,42.096568941218564,Weekday,None,Night,Rural,Chocolate,171,8550
2024-06-10,6,Summer,42.096568941218564,Weekday,None,Night,Rural,Strawberry,157,7065
2024-06-10,6,Summer,42.096568941218564,Weekday,None,Night,Rural,Butterscotch,217,11935
2024-06-10,6,Summer,42.096568941218564,Weekday,None,Night,Rural,Coffee,131,7860
2024-06-11,6,Summer,37.32351972999609,Weekday,None,Evening,Rural,Vanilla,191,7640
2024-06-11,6,Summer,37.32351972999609,Weekday,None,Evening,Rural,Chocolate,218,10900
2024-06-11,6,Summer,37.32351972999609,Weekday,None,Evening,Rural,Strawberry,177,7965
2024-06-11,6,Summer,37.32351972999609,Weekday,None,Evening,Rural,Butterscotch,218,11990
2024-06-11,6,Summer,37.32351972999609,Weekday,None,Evening,Rural,Coffee,126,7560
2024-06-12,6,Summer,38.06753892319318,Weekday,Summer Vacation,Afternoon,Urban,Vanilla,185,7400
2024-06-12,6,Summer,38.06753892319318,Weekday,Summer Vacation,Afternoon,Urban,Chocolate,255,12750
2024-06-12,6,Summer,38.06753892319318,Weekday,Summer Vacation,Afternoon,Urban,Strawberry,229,10305
2024-06-12,6,Summer,38.06753892319318,Weekday,Summer Vacation,Afternoon,Urban,Butterscotch,199,10945
2024-06-12,6,Summer,38.06753892319318,Weekday,Summer Vacation,Afternoon,Urban,Coffee,172,10320
2024-06-13,6,Summer,43.17708137844431,Weekday,None,Night,Urban,Vanilla,201,8040
2024-06-13,6,Summer,43.17708137844431,Weekday,None,Night,Urban,Chocolate,226,11300
2024-06-13,6,Summer,43.17708137844431,Weekday,None,Night,Urban,Strawberry,178,8010
2024-06-13,6,Summer,43.17708137844431,Weekday,None,Night,Urban,Butterscotch,196,10780
2024-06-13,6,Summer,43.17708137844431,Weekday,None,Night,Urban,Coffee,171,10260
2024-06-14,6,Summer,38.47952173149619,Weekday,None,Morning,Urban,Vanilla,167,6680
2024-06-14,6,Summer,38.47952173149619,Weekday,None,Morning,Urban,Chocolate,204,10200
2024-06-14,6,Summer,38.47952173149619,Weekday,None,Morning,Urban,Strawberry,173,7785
2024-06-14,6,Summer,38.47952173149619,Weekday,None,Morning,Urban,Butterscotch,230,12650
2024-06-14,6,Summer,38.47952173149619,Weekday,None,Morning,Urban,Coffee,144,8640
2024-06-15,6,Summer,30.863011877740327,Weekend,None,Evening,Urban,Vanilla,222,8880
2024-06-15,6,Summer,30.863011877740327,Weekend,None,Evening,Urban,Chocolate,246,12300
2024-06-15,6,Summer,30.863011877740327,Weekend,None,Evening,Urban,Strawberry,194,8730
2024-06-15,6,Summer,30.863011877740327,Weekend,None,Evening,Urban,Butterscotch,248,13640
2024-06-15,6,Summer,30.863011877740327,Weekend,None,Evening,Urban,Coffee,168,10080
2024-06-16,6,Summer,37.44197691712371,Weekend,None,Afternoon,Rural,Vanilla,186,7440
2024-06-16,6,Summer,37.44197691712371,Weekend,None,Afternoon,Rural,Chocolate,231,11550
2024-06-16,6,Summer,37.44197691712371,Weekend,None,Afternoon,Rural,Strawberry,168,7560
2024-06-16,6,Summer,37.44197691712371,Weekend,None,Afternoon,Rural,Butterscotch,196,10780
2024-06-16,6,Summer,37.44197691712371,Weekend,None,Afternoon,Rural,Coffee,135,8100
2024-06-17,6,Summer,36.41300475739062,Weekday,None,Evening,Urban,Vanilla,193,7720
2024-06-17,6,Summer,36.41300475739062,Weekday,None,Evening,Urban,Chocolate,250,12500
2024-06-17,6,Summer,36.41300475739062,Weekday,None,Evening,Urban,Strawberry,180,8100
2024-06-17,6,Summer,36.41300475739062,Weekday,None,Evening,Urban,Butterscotch,251,13805
2024-06-17,6,Summer,36.41300475739062,Weekday,None,Evening,Urban,Coffee,187,11220
2024-06-18,6,Summer,43.78653189206527,Weekday,Navratri,Evening,Urban,Vanilla,267,10680
2024-06-18,6,Summer,43.78653189206527,Weekday,Navratri,Evening,Urban,Chocolate,324,16200
2024-06-18,6,Summer,43.78653189206527,Weekday,Navratri,Evening,Urban,Strawberry,268,12060
2024-06-18,6,Summer,43.78653189206527,Weekday,Navratri,Evening,Urban,Butterscotch,270,14850
2024-06-18,6,Summer,43.78653189206527,Weekday,Navratri,Evening,Urban,Coffee,195,11700
2024-06-19,6,Summer,40.56560452324479,Weekday,None,Evening,Urban,Vanilla,225,9000
2024-06-19,6,Summer,40.56560452324479,Weekday,None,Evening,Urban,Chocolate,263,13150
2024-06-19,6,Summer,40.56560452324479,Weekday,None,Evening,Urban,Strawberry,191,8595
2024-06-19,6,Summer,40.56560452324479,Weekday,None,Evening,Urban,Butterscotch,262,14410
2024-06-19,6,Summer,40.56560452324479,Weekday,None,Evening,Urban,Coffee,163,9780
2024-06-20,6,Summer,35.825287904525624,Weekday,Summer Vacation,Morning,Urban,Vanilla,199,7960
2024-06-20,6,Summer,35.825287904525624,Weekday,Summer Vacation,Morning,Urban,Chocolate,249,12450
2024-06-20,6,Summer,35.825287904525624,Weekday,Summer Vacation,Morning,Urban,Strawberry,172,7740
2024-06-20,6,Summer,35.825287904525624,Weekday,Summer Vacation,Morning,Urban,Butterscotch,251,13805
2024-06-20,6,Summer,35.825287904525624,Weekday,Summer Vacation,Morning,Urban,Coffee,161,9660
2024-06-21,6,Summer,34.74275686765535,Weekday,None,Afternoon,Rural,Vanilla,149,5960
2024-06-21,6,Summer,34.74275686765535,Weekday,None,Afternoon,Rural,Chocolate,178,8900
2024-06-21,6,Summer,34.74275686765535,Weekday,None,Afternoon,Rural,Strawberry,98,4410
2024-06-21,6,Summer,34.74275686765535,Weekday,None,Afternoon,Rural,Butterscotch,145,7975
2024-06-21,6,Summer,34.74275686765535,Weekday,None,Afternoon,Rural,Coffee,108,6480
2024-06-22,6,Summer,37.22777417844512,Weekend,Holi,Afternoon,Rural,Vanilla,210,8400
2024-06-22,6,Summer,37.22777417844512,Weekend,Holi,Afternoon,Rural,Chocolate,271,13550
2024-06-22,6,Summer,37.22777417844512,Weekend,Holi,Afternoon,Rural,Strawberry,200,9000
2024-06-22,6,Summer,37.22777417844512,Weekend,Holi,Afternoon,Rural,Butterscotch,232,12760
2024-06-22,6,Summer,37.22777417844512,Weekend,Holi,Afternoon,Rural,Coffee,189,11340
2024-06-23,6,Summer,39.98760810019584,Weekend,None,Afternoon,Urban,Vanilla,197,7880
2024-06-23,6,Summer,39.98760810019584,Weekend,None,Afternoon,Urban,Chocolate,258,12900
2024-06-23,6,Summer,39.98760810019584,Weekend,None,Afternoon,Urban,Strawberry,201,9045
2024-06-23,6,Summer,39.98760810019584,Weekend,None,Afternoon,Urban,Butterscotch,232,12760
2024-06-23,6,Summer,39.98760810019584,Weekend,None,Afternoon,Urban,Coffee,171,10260
2024-06-24,6,Summer,37.25059053699404,Weekday,None,Afternoon,Urban,Vanilla,161,6440
2024-06-24,6,Summer,37.25059053699404,Weekday,None,Afternoon,Urban,Chocolate,194,9700
2024-06-24,6,Summer,37.25059053699404,Weekday,None,Afternoon,Urban,Strawberry,147,6615
2024-06-24,6,Summer,37.25059053699404,Weekday,None,Afternoon,Urban,Butterscotch,214,11770
2024-06-24,6,Summer,37.25059053699404,Weekday,None,Afternoon,Urban,Coffee,149,8940
2024-06-25,6,Summer,37.61336786393374,Weekday,Christmas,Evening,Urban,Vanilla,240,9600
2024-06-25,6,Summer,37.61336786393374,Weekday,Christmas,Evening,Urban,Chocolate,278,13900
2024-06-25,6,Summer,37.61336786393374,Weekday,Christmas,Evening,Urban,Strawberry,237,10665
2024-06-25,6,Summer,37.61336786393374,Weekday,Christmas,Evening,Urban,Butterscotch,271,14905
2024-06-25,6,Summer,37.61336786393374,Weekday,Christmas,Evening,Urban,Coffee,193,11580
2024-06-26,6,Summer,37.95704167185268,Weekday,Summer Vacation,Afternoon,Urban,Vanilla,212,8480
2024-06-26,6,Summer,37.95704167185268,Weekday,Summer Vacation,Afternoon,Urban,Chocolate,285,14250
2024-06-26,6,Summer,37.95704167185268,Weekday,Summer Vacation,Afternoon,Urban,Strawberry,180,8100
2024-06-26,6,Summer,37.95704167185268,Weekday,Summer Vacation,Afternoon,Urban,Butterscotch,243,13365
2024-06-26,6,Summer,37.95704167185268,Weekday,Summer Vacation,Afternoon,Urban,Coffee,197,11820
2024-06-27,6,Summer,34.061094410158184,Weekday,None,Afternoon,Urban,Vanilla,178,7120
2024-06-27,6,Summer,34.061094410158184,Weekday,None,Afternoon,Urban,Chocolate,208,10400
2024-06-27,6,Summer,34.061094410158184,Weekday,None,Afternoon,Urban,Strawberry,131,5895
2024-06-27,6,Summer,34.061094410158184,Weekday,None,Afternoon,Urban,Butterscotch,199,10945
2024-06-27,6,Summer,34.061094410158184,Weekday,None,Afternoon,Urban,Coffee,139,8340
2024-06-28,6,Summer,39.59739292336609,Weekday,None,Evening,Rural,Vanilla,176,7040
2024-06-28,6,Summer,39.59739292336609,Weekday,None,Evening,Rural,Chocolate,248,12400
2024-06-28,6,Summer,39.59739292336609,Weekday,None,Evening,Rural,Strawberry,161,7245
2024-06-28,6,Summer,39.59739292336609,Weekday,None,Evening,Rural,Butterscotch,227,12485
2024-06-28,6,Summer,39.59739292336609,Weekday,None,Evening,Rural,Coffee,165,9900
2024-06-29,6,Summer,43.55612013444101,Weekend,None,Afternoon,Urban,Vanilla,214,8560
2024-06-29,6,Summer,43.55612013444101,Weekend,None,Afternoon,Urban,Chocolate,273,13650
2024-06-29,6,Summer,43.55612013444101,Weekend,None,Afternoon,Urban,Strawberry,200,9000
2024-06-29,6,Summer,43.55612013444101,Weekend,None,Afternoon,Urban,Butterscotch,242,13310
2024-06-29,6,Summer,43.55612013444101,Weekend,None,Afternoon,Urban,Coffee,165,9900
2024-06-30,6,Summer,38.30135885135634,Weekend,None,Afternoon,Urban,Vanilla,173,6920
2024-06-30,6,Summer,38.30135885135634,Weekend,None,Afternoon,Urban,Chocolate,217,10850
2024-06-30,6,Summer,38.30135885135634,Weekend,None,Afternoon,Urban,Strawberry,215,9675
2024-06-30,6,Summer,38.30135885135634,Weekend,None,Afternoon,Urban,Butterscotch,210,11550
2024-06-30,6,Summer,38.30135885135634,Weekend,None,Afternoon,Urban,Coffee,148,8880
2024-07-01,7,Monsoon,31.207440027445195,Weekday,None,Afternoon,Rural,Vanilla,92,3680
2024-07-01,7,Monsoon,31.207440027445195,Weekday,None,Afternoon,Rural,Chocolate,114,5700
2024-07-01,7,Monsoon,31.207440027445195,Weekday,None,Afternoon,Rural,Strawberry,105,4725
2024-07-01,7,Monsoon,31.207440027445195,Weekday,None,Afternoon,Rural,Butterscotch,85,4675
2024-07-01,7,Monsoon,31.207440027445195,Weekday,None,Afternoon,Rural,Coffee,83,4980
2024-07-02,7,Monsoon,29.439283173234028,Weekday,None,Evening,Rural,Vanilla,148,5920
2024-07-02,7,Monsoon,29.439283173234028,Weekday,None,Evening,Rural,Chocolate,161,8050
2024-07-02,7,Monsoon,29.439283173234028,Weekday,None,Evening,Rural,Strawberry,120,5400
2024-07-02,7,Monsoon,29.439283173234028,Weekday,None,Evening,Rural,Butterscotch,120,6600
2024-07-02,7,Monsoon,29.439283173234028,Weekday,None,Evening,Rural,Coffee,91,5460
2024-07-03,7,Monsoon,28.99185432575713,Weekday,Summer Vacation,Evening,Urban,Vanilla,181,7240
2024-07-03,7,Monsoon,28.99185432575713,Weekday,Summer Vacation,Evening,Urban,Chocolate,212,10600
2024-07-03,7,Monsoon,28.99185432575713,Weekday,Summer Vacation,Evening,Urban,Strawberry,173,7785
2024-07-03,7,Monsoon,28.99185432575713,Weekday,Summer Vacation,Evening,Urban,Butterscotch,198,10890
2024-07-03,7,Monsoon,28.99185432575713,Weekday,Summer Vacation,Evening,Urban,Coffee,122,7320
2024-07-04,7,Monsoon,26.000264721474966,Weekday,None,Afternoon,Urban,Vanilla,107,4280
2024-07-04,7,Monsoon,26.000264721474966,Weekday,None,Afternoon,Urban,Chocolate,126,6300
2024-07-04,7,Monsoon,26.000264721474966,Weekday,None,Afternoon,Urban,Strawberry,120,5400
2024-07-04,7,Monsoon,26.000264721474966,Weekday,None,Afternoon,Urban,Butterscotch,133,7315
2024-07-04,7,Monsoon,26.000264721474966,Weekday,None,Afternoon,Urban,Coffee,99,5940
2024-07-05,7,Monsoon,28.000255139178297,Weekday,Summer Vacation,Morning,Urban,Vanilla,157,6280
2024-07-05,7,Monsoon,28.000255139178297,Weekday,Summer Vacation,Morning,Urban,Chocolate,175,8750
2024-07-05,7,Monsoon,28.000255139178297,Weekday,Summer Vacation,Morning,Urban,Strawberry,158,7110
2024-07-05,7,Monsoon,28.000255139178297,Weekday,Summer Vacation,Morning,Urban,Butterscotch,174,9570
2024-07-05,7,Monsoon,28.000255139178297,Weekday,Summer Vacation,Morning,Urban,Coffee,131,7860
2024-07-06,7,Monsoon,32.21570867361649,Weekend,None,Afternoon,Urban,Vanilla,160,6400
2024-07-06,7,Monsoon,32.21570867361649,Weekend,None,Afternoon,Urban,Chocolate,182,9100
2024-07-06,7,Monsoon,32.21570867361649,Weekend,None,Afternoon,Urban,Strawberry,144,6480
2024-07-06,7,Monsoon,32.21570867361649,Weekend,None,Afternoon,Urban,Butterscotch,174,9570
2024-07-06,7,Monsoon,32.21570867361649,Weekend,None,Afternoon,Urban,Coffee,100,6000
2024-07-07,7,Monsoon,27.685929525965353,Weekend,None,Night,Urban,Vanilla,147,5880
2024-07-07,7,Monsoon,27.685929525965353,Weekend,None,Night,Urban,Chocolate,159,7950
2024-07-07,7,Monsoon,27.685929525965353,Weekend,None,Night,Urban,Strawberry,105,4725
2024-07-07,7,Monsoon,27.685929525965353,Weekend,None,Night,Urban,Butterscotch,135,7425
2024-07-07,7,Monsoon,27.685929525965353,Weekend,None,Night,Urban,Coffee,117,7020
2024-07-08,7,Monsoon,27.188359641154314,Weekday,None,Afternoon,Rural,Vanilla,74,2960
2024-07-08,7,Monsoon,27.188359641154314,Weekday,None,Afternoon,Rural,Chocolate,100,5000
2024-07-08,7,Monsoon,27.188359641154314,Weekday,None,Afternoon,Rural,Strawberry,82,3690
2024-07-08,7,Monsoon,27.188359641154314,Weekday,None,Afternoon,Rural,Butterscotch,114,6270
2024-07-08,7,Monsoon,27.188359641154314,Weekday,None,Afternoon,Rural,Coffee,79,4740
2024-07-09,7,Monsoon,27.571869764035643,Weekday,None,Afternoon,Urban,Vanilla,130,5200
2024-07-09,7,Monsoon,27.571869764035643,Weekday,None,Afternoon,Urban,Chocolate,168,8400
2024-07-09,7,Monsoon,27.571869764035643,Weekday,None,Afternoon,Urban,Strawberry,70,3150
2024-07-09,7,Monsoon,27.571869764035643,Weekday,None,Afternoon,Urban,Butterscotch,100,5500
2024-07-09,7,Monsoon,27.571869764035643,Weekday,None,Afternoon,Urban,Coffee,110,6600
2024-07-10,7,Monsoon,32.15120911831147,Weekday,None,Evening,Rural,Vanilla,118,4720
2024-07-10,7,Monsoon,32.15120911831147,Weekday,None,Evening,Rural,Chocolate,151,7550
2024-07-10,7,Monsoon,32.15120911831147,Weekday,None,Evening,Rural,Strawberry,118,5310
2024-07-10,7,Monsoon,32.15120911831147,Weekday,None,Evening,Rural,Butterscotch,146,8030
2024-07-10,7,Monsoon,32.15120911831147,Weekday,None,Evening,Rural,Coffee,80,4800
2024-07-11,7,Monsoon,34.420663288669786,Weekday,None,Evening,Rural,Vanilla,146,5840
2024-07-11,7,Monsoon,34.420663288669786,Weekday,None,Evening,Rural,Chocolate,160,8000
2024-07-11,7,Monsoon,34.420663288669786,Weekday,None,Evening,Rural,Strawberry,120,5400
2024-07-11,7,Monsoon,34.420663288669786,Weekday,None,Evening,Rural,Butterscotch,161,8855
2024-07-11,7,Monsoon,34.420663288669786,Weekday,None,Evening,Rural,Coffee,138,8280
2024-07-12,7,Monsoon,30.362079192089045,Weekday,None,Night,Urban,Vanilla,133,5320
2024-07-12,7,Monsoon,30.362079192089045,Weekday,None,Night,Urban,Chocolate,157,7850
2024-07-12,7,Monsoon,30.362079192089045,Weekday,None,Night,Urban,Strawberry,98,4410
2024-07-12,7,Monsoon,30.362079192089045,Weekday,None,Night,Urban,Butterscotch,134,7370
2024-07-12,7,Monsoon,30.362079192089045,Weekday,None,Night,Urban,Coffee,98,5880
2024-07-13,7,Monsoon,27.08788289663321,Weekend,None,Afternoon,Urban,Vanilla,166,6640
2024-07-13,7,Monsoon,27.08788289663321,Weekend,None,Afternoon,Urban,Chocolate,169,8450
2024-07-13,7,Monsoon,27.08788289663321,Weekend,None,Afternoon,Urban,Strawberry,135,6075
2024-07-13,7,Monsoon,27.08788289663321,Weekend,None,Afternoon,Urban,Butterscotch,143,7865
2024-07-13,7,Monsoon,27.08788289663321,Weekend,None,Afternoon,Urban,Coffee,83,4980
2024-07-14,7,Monsoon,28.756960643599523,Weekend,None,Evening,Urban,Vanilla,188,7520
2024-07-14,7,Monsoon,28.756960643599523,Weekend,None,Evening,Urban,Chocolate,212,10600
2024-07-14,7,Monsoon,28.756960643599523,Weekend,None,Evening,Urban,Strawberry,146,6570
2024-07-14,7,Monsoon,28.756960643599523,Weekend,None,Evening,Urban,Butterscotch,178,9790
2024-07-14,7,Monsoon,28.756960643599523,Weekend,None,Evening,Urban,Coffee,139,8340
2024-07-15,7,Monsoon,30.63150897330414,Weekday,None,Night,Rural,Vanilla,105,4200
2024-07-15,7,Monsoon,30.63150897330414,Weekday,None,Night,Rural,Chocolate,106,5300
2024-07-15,7,Monsoon,30.63150897330414,Weekday,None,Night,Rural,Strawberry,92,4140
2024-07-15,7,Monsoon,30.63150897330414,Weekday,None,Night,Rural,Butterscotch,123,6765
2024-07-15,7,Monsoon,30.63150897330414,Weekday,None,Night,Rural,Coffee,73,4380
2024-07-16,7,Monsoon,31.416538183176108,Weekday,None,Evening,Urban,Vanilla,127,5080
2024-07-16,7,Monsoon,31.416538183176108,Weekday,None,Evening,Urban,Chocolate,186,9300
2024-07-16,7,Monsoon,31.416538183176108,Weekday,None,Evening,Urban,Strawberry,129,5805
2024-07-16,7,Monsoon,31.416538183176108,Weekday,None,Evening,Urban,Butterscotch,168,9240
2024-07-16,7,Monsoon,31.416538183176108,Weekday,None,Evening,Urban,Coffee,140,8400
2024-07-17,7,Monsoon,29.227941336255544,Weekday,None,Afternoon,Urban,Vanilla,105,4200
2024-07-17,7,Monsoon,29.227941336255544,Weekday,None,Afternoon,Urban,Chocolate,152,7600
2024-07-17,7,Monsoon,29.227941336255544,Weekday,None,Afternoon,Urban,Strawberry,106,4770
2024-07-17,7,Monsoon,29.227941336255544,Weekday,None,Afternoon,Urban,Butterscotch,138,7590
2024-07-17,7,Monsoon,29.227941336255544,Weekday,None,Afternoon,Urban,Coffee,108,6480
2024-07-18,7,Monsoon,27.901543721009205,Weekday,None,Afternoon,Urban,Vanilla,101,4040
2024-07-18,7,Monsoon,27.901543721009205,Weekday,None,Afternoon,Urban,Chocolate,124,6200
2024-07-18,7,Monsoon,27.901543721009205,Weekday,None,Afternoon,Urban,Strawberry,105,4725
2024-07-18,7,Monsoon,27.901543721009205,Weekday,None,Afternoon,Urban,Butterscotch,122,6710
2024-07-18,7,Monsoon,27.901543721009205,Weekday,None,Afternoon,Urban,Coffee,82,4920
2024-07-19,7,Monsoon,29.85592525310527,Weekday,None,Evening,Urban,Vanilla,175,7000
2024-07-19,7,Monsoon,29.85592525310527,Weekday,None,Evening,Urban,Chocolate,190,9500
2024-07-19,7,Monsoon,29.85592525310527,Weekday,None,Evening,Urban,Strawberry,139,6255
2024-07-19,7,Monsoon,29.85592525310527,Weekday,None,Evening,Urban,Butterscotch,156,8580
2024-07-19,7,Monsoon,29.85592525310527,Weekday,None,Evening,Urban,Coffee,127,7620
2024-07-20,7,Monsoon,31.0969697474091,Weekend,None,Evening,Urban,Vanilla,158,6320
2024-07-20,7,Monsoon,31.0969697474091,Weekend,None,Evening,Urban,Chocolate,200,10000
2024-07-20,7,Monsoon,31.0969697474091,Weekend,None,Evening,Urban,Strawberry,160,7200
2024-07-20,7,Monsoon,31.0969697474091,Weekend,None,Evening,Urban,Butterscotch,205,11275
2024-07-20,7,Monsoon,31.0969697474091,Weekend,None,Evening,Urban,Coffee,156,9360
2024-07-21,7,Monsoon,28.882334291736957,Weekend,None,Evening,Urban,Vanilla,163,6520
2024-07-21,7,Monsoon,28.882334291736957,Weekend,None,Evening,Urban,Chocolate,216,10800
2024-07-21,7,Monsoon,28.882334291736957,Weekend,None,Evening,Urban,Strawberry,144,6480
2024-07-21,7,Monsoon,28.882334291736957,Weekend,None,Evening,Urban,Butterscotch,168,9240
2024-07-21,7,Monsoon,28.882334291736957,Weekend,None,Evening,Urban,Coffee,166,9960
2024-07-22,7,Monsoon,25.63820983450702,Weekday,None,Evening,Rural,Vanilla,104,4160
2024-07-22,7,Monsoon,25.63820983450702,Weekday,None,Evening,Rural,Chocolate,120,6000
2024-07-22,7,Monsoon,25.63820983450702,Weekday,None,Evening,Rural,Strawberry,101,4545
2024-07-22,7,Monsoon,25.63820983450702,Weekday,None,Evening,Rural,Butterscotch,113,6215
2024-07-22,7,Monsoon,25.63820983450702,Weekday,None,Evening,Rural,Coffee,84,5040
2024-07-23,7,Monsoon,33.00485493528959,Weekday,None,Evening,Rural,Vanilla,129,5160
2024-07-23,7,Monsoon,33.00485493528959,Weekday,None,Evening,Rural,Chocolate,141,7050
2024-07-23,7,Monsoon,33.00485493528959,Weekday,None,Evening,Rural,Strawberry,135,6075
2024-07-23,7,Monsoon,33.00485493528959,Weekday,None,Evening,Rural,Butterscotch,135,7425
2024-07-23,7,Monsoon,33.00485493528959,Weekday,None,Evening,Rural,Coffee,89,5340
2024-07-24,7,Monsoon,29.1746574078433,Weekday,None,Evening,Urban,Vanilla,121,4840
2024-07-24,7,Monsoon,29.1746574078433,Weekday,None,Evening,Urban,Chocolate,155,7750
2024-07-24,7,Monsoon,29.1746574078433,Weekday,None,Evening,Urban,Strawberry,123,5535
2024-07-24,7,Monsoon,29.1746574078433,Weekday,None,Evening,Urban,Butterscotch,155,8525
2024-07-24,7,Monsoon,29.1746574078433,Weekday,None,Evening,Urban,Coffee,102,6120
2024-07-25,7,Monsoon,30.720365276790314,Weekday,None,Afternoon,Urban,Vanilla,134,5360
2024-07-25,7,Monsoon,30.720365276790314,Weekday,None,Afternoon,Urban,Chocolate,137,6850
2024-07-25,7,Monsoon,30.720365276790314,Weekday,None,Afternoon,Urban,Strawberry,150,6750
2024-07-25,7,Monsoon,30.720365276790314,Weekday,None,Afternoon,Urban,Butterscotch,127,6985
2024-07-25,7,Monsoon,30.720365276790314,Weekday,None,Afternoon,Urban,Coffee,142,8520
2024-07-26,7,Monsoon,32.41792810405978,Weekday,Summer Vacation,Evening,Urban,Vanilla,200,8000
2024-07-26,7,Monsoon,32.41792810405978,Weekday,Summer Vacation,Evening,Urban,Chocolate,210,10500
2024-07-26,7,Monsoon,32.41792810405978,Weekday,Summer Vacation,Evening,Urban,Strawberry,169,7605
2024-07-26,7,Monsoon,32.41792810405978,Weekday,Summer Vacation,Evening,Urban,Butterscotch,230,12650
2024-07-26,7,Monsoon,32.41792810405978,Weekday,Summer Vacation,Evening,Urban,Coffee,152,9120
2024-07-27,7,Monsoon,29.283191573479765,Weekend,None,Evening,Urban,Vanilla,174,6960
2024-07-27,7,Monsoon,29.283191573479765,Weekend,None,Evening,Urban,Chocolate,173,8650
2024-07-27,7,Monsoon,29.283191573479765,Weekend,None,Evening,Urban,Strawberry,160,7200
2024-07-27,7,Monsoon,29.283191573479765,Weekend,None,Evening,Urban,Butterscotch,181,9955
2024-07-27,7,Monsoon,29.283191573479765,Weekend,None,Evening,Urban,Coffee,154,9240
2024-07-28,7,Monsoon,28.336011082239846,Weekend,None,Morning,Rural,Vanilla,79,3160
2024-07-28,7,Monsoon,28.336011082239846,Weekend,None,Morning,Rural,Chocolate,111,5550
2024-07-28,7,Monsoon,28.336011082239846,Weekend,None,Morning,Rural,Strawberry,91,4095
2024-07-28,7,Monsoon,28.336011082239846,Weekend,None,Morning,Rural,Butterscotch,98,5390
2024-07-28,7,Monsoon,28.336011082239846,Weekend,None,Morning,Rural,Coffee,71,4260
2024-07-29,7,Monsoon,29.777637820527428,Weekday,Holi,Night,Urban,Vanilla,136,5440
2024-07-29,7,Monsoon,29.777637820527428,Weekday,Holi,Night,Urban,Chocolate,204,10200
2024-07-29,7,Monsoon,29.777637820527428,Weekday,Holi,Night,Urban,Strawberry,149,6705
2024-07-29,7,Monsoon,29.777637820527428,Weekday,Holi,Night,Urban,Butterscotch,176,9680
2024-07-29,7,Monsoon,29.777637820527428,Weekday,Holi,Night,Urban,Coffee,127,7620
2024-07-30,7,Monsoon,29.610001090419455,Weekday,Diwali,Evening,Urban,Vanilla,186,7440
2024-07-30,7,Monsoon,29.610001090419455,Weekday,Diwali,Evening,Urban,Chocolate,216,10800
2024-07-30,7,Monsoon,29.610001090419455,Weekday,Diwali,Evening,Urban,Strawberry,158,7110
2024-07-30,7,Monsoon,29.610001090419455,Weekday,Diwali,Evening,Urban,Butterscotch,191,10505
2024-07-30,7,Monsoon,29.610001090419455,Weekday,Diwali,Evening,Urban,Coffee,154,9240
2024-07-31,7,Monsoon,31.621211825626926,Weekday,None,Night,Urban,Vanilla,142,5680
2024-07-31,7,Monsoon,31.621211825626926,Weekday,None,Night,Urban,Chocolate,154,7700
2024-07-31,7,Monsoon,31.621211825626926,Weekday,None,Night,Urban,Strawberry,123,5535
2024-07-31,7,Monsoon,31.621211825626926,Weekday,None,Night,Urban,Butterscotch,148,8140
2024-07-31,7,Monsoon,31.621211825626926,Weekday,None,Night,Urban,Coffee,95,5700
2024-08-01,8,Monsoon,30.0506149250043,Weekday,Summer Vacation,Night,Urban,Vanilla,128,5120
2024-08-01,8,Monsoon,30.0506149250043,Weekday,Summer Vacation,Night,Urban,Chocolate,190,9500
2024-08-01,8,Monsoon,30.0506149250043,Weekday,Summer Vacation,Night,Urban,Strawberry,117,5265
2024-08-01,8,Monsoon,30.0506149250043,Weekday,Summer Vacation,Night,Urban,Butterscotch,179,9845
2024-08-01,8,Monsoon,30.0506149250043,Weekday,Summer Vacation,Night,Urban,Coffee,144,8640
2024-08-02,8,Monsoon,28.650704108636745,Weekday,None,Afternoon,Rural,Vanilla,111,4440
2024-08-02,8,Monsoon,28.650704108636745,Weekday,None,Afternoon,Rural,Chocolate,68,3400
2024-08-02,8,Monsoon,28.650704108636745,Weekday,None,Afternoon,Rural,Strawberry,64,2880
2024-08-02,8,Monsoon,28.650704108636745,Weekday,None,Afternoon,Rural,Butterscotch,102,5610
2024-08-02,8,Monsoon,28.650704108636745,Weekday,None,Afternoon,Rural,Coffee,95,5700
2024-08-03,8,Monsoon,26.747144622234487,Weekend,None,Evening,Urban,Vanilla,147,5880
2024-08-03,8,Monsoon,26.747144622234487,Weekend,None,Evening,Urban,Chocolate,198,9900
2024-08-03,8,Monsoon,26.747144622234487,Weekend,None,Evening,Urban,Strawberry,130,5850
2024-08-03,8,Monsoon,26.747144622234487,Weekend,None,Evening,Urban,Butterscotch,193,10615
2024-08-03,8,Monsoon,26.747144622234487,Weekend,None,Evening,Urban,Coffee,140,8400
2024-08-04,8,Monsoon,30.951646674577127,Weekend,None,Evening,Rural,Vanilla,147,5880
2024-08-04,8,Monsoon,30.951646674577127,Weekend,None,Evening,Rural,Chocolate,164,8200
2024-08-04,8,Monsoon,30.951646674577127,Weekend,None,Evening,Rural,Strawberry,123,5535
2024-08-04,8,Monsoon,30.951646674577127,Weekend,None,Evening,Rural,Butterscotch,152,8360
2024-08-04,8,Monsoon,30.951646674577127,Weekend,None,Evening,Rural,Coffee,116,6960
2024-08-05,8,Monsoon,29.119826474182524,Weekday,None,Evening,Urban,Vanilla,152,6080
2024-08-05,8,Monsoon,29.119826474182524,Weekday,None,Evening,Urban,Chocolate,178,8900
2024-08-05,8,Monsoon,29.119826474182524,Weekday,None,Evening,Urban,Strawberry,126,5670
2024-08-05,8,Monsoon,29.119826474182524,Weekday,None,Evening,Urban,Butterscotch,152,8360
2024-08-05,8,Monsoon,29.119826474182524,Weekday,None,Evening,Urban,Coffee,142,8520
2024-08-06,8,Monsoon,27.439712237224455,Weekday,None,Afternoon,Urban,Vanilla,123,4920
2024-08-06,8,Monsoon,27.439712237224455,Weekday,None,Afternoon,Urban,Chocolate,139,6950
2024-08-06,8,Monsoon,27.439712237224455,Weekday,None,Afternoon,Urban,Strawberry,105,4725
2024-08-06,8,Monsoon,27.439712237224455,Weekday,None,Afternoon,Urban,Butterscotch,143,7865
2024-08-06,8,Monsoon,27.439712237224455,Weekday,None,Afternoon,Urban,Coffee,63,3780
2024-08-07,8,Monsoon,27.111744887075158,Weekday,None,Night,Urban,Vanilla,123,4920
2024-08-07,8,Monsoon,27.111744887075158,Weekday,None,Night,Urban,Chocolate,118,5900
2024-08-07,8,Monsoon,27.111744887075158,Weekday,None,Night,Urban,Strawberry,111,4995
2024-08-07,8,Monsoon,27.111744887075158,Weekday,None,Night,Urban,Butterscotch,123,6765
2024-08-07,8,Monsoon,27.111744887075158,Weekday,None,Night,Urban,Coffee,63,3780
2024-08-08,8,Monsoon,27.14214703507854,Weekday,None,Morning,Urban,Vanilla,103,4120
2024-08-08,8,Monsoon,27.14214703507854,Weekday,None,Morning,Urban,Chocolate,120,6000
2024-08-08,8,Monsoon,27.14214703507854,Weekday,None,Morning,Urban,Strawberry,100,4500
2024-08-08,8,Monsoon,27.14214703507854,Weekday,None,Morning,Urban,Butterscotch,110,6050
2024-08-08,8,Monsoon,27.14214703507854,Weekday,None,Morning,Urban,Coffee,92,5520
2024-08-09,8,Monsoon,29.918360334669728,Weekday,None,Morning,Rural,Vanilla,90,3600
2024-08-09,8,Monsoon,29.918360334669728,Weekday,None,Morning,Rural,Chocolate,131,6550
2024-08-09,8,Monsoon,29.918360334669728,Weekday,None,Morning,Rural,Strawberry,84,3780
2024-08-09,8,Monsoon,29.918360334669728,Weekday,None,Morning,Rural,Butterscotch,128,7040
2024-08-09,8,Monsoon,29.918360334669728,Weekday,None,Morning,Rural,Coffee,89,5340
2024-08-10,8,Monsoon,27.585120910375625,Weekend,Summer Vacation,Morning,Urban,Vanilla,200,8000
2024-08-10,8,Monsoon,27.585120910375625,Weekend,Summer Vacation,Morning,Urban,Chocolate,214,10700
2024-08-10,8,Monsoon,27.585120910375625,Weekend,Summer Vacation,Morning,Urban,Strawberry,179,8055
2024-08-10,8,Monsoon,27.585120910375625,Weekend,Summer Vacation,Morning,Urban,Butterscotch,177,9735
2024-08-10,8,Monsoon,27.585120910375625,Weekend,Summer Vacation,Morning,Urban,Coffee,135,8100
2024-08-11,8,Monsoon,30.599822563376772,Weekend,None,Evening,Urban,Vanilla,170,6800
2024-08-11,8,Monsoon,30.599822563376772,Weekend,None,Evening,Urban,Chocolate,207,10350
2024-08-11,8,Monsoon,30.599822563376772,Weekend,None,Evening,Urban,Strawberry,177,7965
2024-08-11,8,Monsoon,30.599822563376772,Weekend,None,Evening,Urban,Butterscotch,184,10120
2024-08-11,8,Monsoon,30.599822563376772,Weekend,None,Evening,Urban,Coffee,152,9120
2024-08-12,8,Monsoon,28.423874403297443,Weekday,None,Morning,Urban,Vanilla,121,4840
2024-08-12,8,Monsoon,28.423874403297443,Weekday,None,Morning,Urban,Chocolate,116,5800
2024-08-12,8,Monsoon,28.423874403297443,Weekday,None,Morning,Urban,Strawberry,97,4365
2024-08-12,8,Monsoon,28.423874403297443,Weekday,None,Morning,Urban,Butterscotch,131,7205
2024-08-12,8,Monsoon,28.423874403297443,Weekday,None,Morning,Urban,Coffee,89,5340
2024-08-13,8,Monsoon,29.39593219994711,Weekday,None,Evening,Urban,Vanilla,166,6640
2024-08-13,8,Monsoon,29.39593219994711,Weekday,None,Evening,Urban,Chocolate,150,7500
2024-08-13,8,Monsoon,29.39593219994711,Weekday,None,Evening,Urban,Strawberry,119,5355
2024-08-13,8,Monsoon,29.39593219994711,Weekday,None,Evening,Urban,Butterscotch,115,6325
2024-08-13,8,Monsoon,29.39593219994711,Weekday,None,Evening,Urban,Coffee,116,6960
2024-08-14,8,Monsoon,26.716116361677376,Weekday,Summer Vacation,Afternoon,Urban,Vanilla,146,5840
2024-08-14,8,Monsoon,26.716116361677376,Weekday,Summer Vacation,Afternoon,Urban,Chocolate,203,10150
2024-08-14,8,Monsoon,26.716116361677376,Weekday,Summer Vacation,Afternoon,Urban,Strawberry,114,5130
2024-08-14,8,Monsoon,26.716116361677376,Weekday,Summer Vacation,Afternoon,Urban,Butterscotch,173,9515
2024-08-14,8,Monsoon,26.716116361677376,Weekday,Summer Vacation,Afternoon,Urban,Coffee,133,7980
2024-08-15,8,Monsoon,24.323143599513806,Weekday,None,Evening,Urban,Vanilla,123,4920
2024-08-15,8,Monsoon,24.323143599513806,Weekday,None,Evening,Urban,Chocolate,156,7800
2024-08-15,8,Monsoon,24.323143599513806,Weekday,None,Evening,Urban,Strawberry,116,5220
2024-08-15,8,Monsoon,24.323143599513806,Weekday,None,Evening,Urban,Butterscotch,124,6820
2024-08-15,8,Monsoon,24.323143599513806,Weekday,None,Evening,Urban,Coffee,120,7200
2024-08-16,8,Monsoon,30.906352508658706,Weekday,None,Afternoon,Urban,Vanilla,134,5360
2024-08-16,8,Monsoon,30.906352508658706,Weekday,None,Afternoon,Urban,Chocolate,139,6950
2024-08-16,8,Monsoon,30.906352508658706,Weekday,None,Afternoon,Urban,Strawberry,97,4365
2024-08-16,8,Monsoon,30.906352508658706,Weekday,None,Afternoon,Urban,Butterscotch,121,6655
2024-08-16,8,Monsoon,30.906352508658706,Weekday,None,Afternoon,Urban,Coffee,91,5460
2024-08-17,8,Monsoon,30.226943873383558,Weekend,None,Morning,Urban,Vanilla,131,5240
2024-08-17,8,Monsoon,30.226943873383558,Weekend,None,Morning,Urban,Chocolate,171,8550
2024-08-17,8,Monsoon,30.226943873383558,Weekend,None,Morning,Urban,Strawberry,111,4995
2024-08-17,8,Monsoon,30.226943873383558,Weekend,None,Morning,Urban,Butterscotch,156,8580
2024-08-17,8,Monsoon,30.226943873383558,Weekend,None,Morning,Urban,Coffee,114,6840
2024-08-18,8,Monsoon,25.99390628128504,Weekend,None,Morning,Urban,Vanilla,142,5680
2024-08-18,8,Monsoon,25.99390628128504,Weekend,None,Morning,Urban,Chocolate,180,9000
2024-08-18,8,Monsoon,25.99390628128504,Weekend,None,Morning,Urban,Strawberry,121,5445
2024-08-18,8,Monsoon,25.99390628128504,Weekend,None,Morning,Urban,Butterscotch,131,7205
2024-08-18,8,Monsoon,25.99390628128504,Weekend,None,Morning,Urban,Coffee,110,6600
2024-08-19,8,Monsoon,29.181581805934215,Weekday,None,Night,Urban,Vanilla,91,3640
2024-08-19,8,Monsoon,29.181581805934215,Weekday,None,Night,Urban,Chocolate,146,7300
2024-08-19,8,Monsoon,29.181581805934215,Weekday,None,Night,Urban,Strawberry,125,5625
2024-08-19,8,Monsoon,29.181581805934215,Weekday,None,Night,Urban,Butterscotch,118,6490
2024-08-19,8,Monsoon,29.181581805934215,Weekday,None,Night,Urban,Coffee,111,6660
2024-08-20,8,Monsoon,27.94216724179069,Weekday,None,Afternoon,Urban,Vanilla,125,5000
2024-08-20,8,Monsoon,27.94216724179069,Weekday,None,Afternoon,Urban,Chocolate,119,5950
2024-08-20,8,Monsoon,27.94216724179069,Weekday,None,Afternoon,Urban,Strawberry,89,4005
2024-08-20,8,Monsoon,27.94216724179069,Weekday,None,Afternoon,Urban,Butterscotch,135,7425
2024-08-20,8,Monsoon,27.94216724179069,Weekday,None,Afternoon,Urban,Coffee,88,5280
2024-08-21,8,Monsoon,29.062854018707693,Weekday,Navratri,Night,Urban,Vanilla,149,5960
2024-08-21,8,Monsoon,29.062854018707693,Weekday,Navratri,Night,Urban,Chocolate,199,9950
2024-08-21,8,Monsoon,29.062854018707693,Weekday,Navratri,Night,Urban,Strawberry,154,6930
2024-08-21,8,Monsoon,29.062854018707693,Weekday,Navratri,Night,Urban,Butterscotch,173,9515
2024-08-21,8,Monsoon,29.062854018707693,Weekday,Navratri,Night,Urban,Coffee,124,7440
2024-08-22,8,Monsoon,24.20783542333917,Weekday,None,Evening,Urban,Vanilla,122,4880
2024-08-22,8,Monsoon,24.20783542333917,Weekday,None,Evening,Urban,Chocolate,164,8200
2024-08-22,8,Monsoon,24.20783542333917,Weekday,None,Evening,Urban,Strawberry,118,5310
2024-08-22,8,Monsoon,24.20783542333917,Weekday,None,Evening,Urban,Butterscotch,180,9900
2024-08-22,8,Monsoon,24.20783542333917,Weekday,None,Evening,Urban,Coffee,100,6000
2024-08-23,8,Monsoon,28.101736518091116,Weekday,None,Afternoon,Urban,Vanilla,130,5200
2024-08-23,8,Monsoon,28.101736518091116,Weekday,None,Afternoon,Urban,Chocolate,123,6150
2024-08-23,8,Monsoon,28.101736518091116,Weekday,None,Afternoon,Urban,Strawberry,100,4500
2024-08-23,8,Monsoon,28.101736518091116,Weekday,None,Afternoon,Urban,Butterscotch,110,6050
2024-08-23,8,Monsoon,28.101736518091116,Weekday,None,Afternoon,Urban,Coffee,96,5760
2024-08-24,8,Monsoon,28.535452994401055,Weekend,None,Evening,Urban,Vanilla,165,6600
2024-08-24,8,Monsoon,28.535452994401055,Weekend,None,Evening,Urban,Chocolate,192,9600
2024-08-24,8,Monsoon,28.535452994401055,Weekend,None,Evening,Urban,Strawberry,147,6615
2024-08-24,8,Monsoon,28.535452994401055,Weekend,None,Evening,Urban,Butterscotch,179,9845
2024-08-24,8,Monsoon,28.535452994401055,Weekend,None,Evening,Urban,Coffee,135,8100
2024-08-25,8,Monsoon,29.93630395936851,Weekend,None,Night,Urban,Vanilla,143,5720
2024-08-25,8,Monsoon,29.93630395936851,Weekend,None,Night,Urban,Chocolate,171,8550
2024-08-25,8,Monsoon,29.93630395936851,Weekend,None,Night,Urban,Strawberry,153,6885
2024-08-25,8,Monsoon,29.93630395936851,Weekend,None,Night,Urban,Butterscotch,130,7150
2024-08-25,8,Monsoon,29.93630395936851,Weekend,None,Night,Urban,Coffee,110,6600
2024-08-26,8,Monsoon,27.182994976975618,Weekday,None,Afternoon,Urban,Vanilla,120,4800
2024-08-26,8,Monsoon,27.182994976975618,Weekday,None,Afternoon,Urban,Chocolate,126,6300
2024-08-26,8,Monsoon,27.182994976975618,Weekday,None,Afternoon,Urban,Strawberry,78,3510
2024-08-26,8,Monsoon,27.182994976975618,Weekday,None,Afternoon,Urban,Butterscotch,121,6655
2024-08-26,8,Monsoon,27.182994976975618,Weekday,None,Afternoon,Urban,Coffee,65,3900
2024-08-27,8,Monsoon,29.776845788625728,Weekday,None,Morning,Urban,Vanilla,129,5160
2024-08-27,8,Monsoon,29.776845788625728,Weekday,None,Morning,Urban,Chocolate,150,7500
2024-08-27,8,Monsoon,29.776845788625728,Weekday,None,Morning,Urban,Strawberry,99,4455
2024-08-27,8,Monsoon,29.776845788625728,Weekday,None,Morning,Urban,Butterscotch,123,6765
2024-08-27,8,Monsoon,29.776845788625728,Weekday,None,Morning,Urban,Coffee,72,4320
2024-08-28,8,Monsoon,30.852514982168785,Weekday,Summer Vacation,Evening,Urban,Vanilla,181,7240
2024-08-28,8,Monsoon,30.852514982168785,Weekday,Summer Vacation,Evening,Urban,Chocolate,233,11650
2024-08-28,8,Monsoon,30.852514982168785,Weekday,Summer Vacation,Evening,Urban,Strawberry,173,7785
2024-08-28,8,Monsoon,30.852514982168785,Weekday,Summer Vacation,Evening,Urban,Butterscotch,198,10890
2024-08-28,8,Monsoon,30.852514982168785,Weekday,Summer Vacation,Evening,Urban,Coffee,108,6480
2024-08-29,8,Monsoon,29.077404589515126,Weekday,None,Evening,Urban,Vanilla,159,6360
2024-08-29,8,Monsoon,29.077404589515126,Weekday,None,Evening,Urban,Chocolate,165,8250
2024-08-29,8,Monsoon,29.077404589515126,Weekday,None,Evening,Urban,Strawberry,130,5850
2024-08-29,8,Monsoon,29.077404589515126,Weekday,None,Evening,Urban,Butterscotch,153,8415
2024-08-29,8,Monsoon,29.077404589515126,Weekday,None,Evening,Urban,Coffee,136,8160
2024-08-30,8,Monsoon,29.52500578170367,Weekday,None,Night,Rural,Vanilla,81,3240
2024-08-30,8,Monsoon,29.52500578170367,Weekday,None,Night,Rural,Chocolate,129,6450
2024-08-30,8,Monsoon,29.52500578170367,Weekday,None,Night,Rural,Strawberry,77,3465
2024-08-30,8,Monsoon,29.52500578170367,Weekday,None,Night,Rural,Butterscotch,121,6655
2024-08-30,8,Monsoon,29.52500578170367,Weekday,None,Night,Rural,Coffee,49,2940
2024-08-31,8,Monsoon,25.752389377055195,Weekend,None,Evening,Rural,Vanilla,151,6040
2024-08-31,8,Monsoon,25.752389377055195,Weekend,None,Evening,Rural,Chocolate,158,7900
2024-08-31,8,Monsoon,25.752389377055195,Weekend,None,Evening,Rural,Strawberry,121,5445
2024-08-31,8,Monsoon,25.752389377055195,Weekend,None,Evening,Rural,Butterscotch,146,8030
2024-08-31,8,Monsoon,25.752389377055195,Weekend,None,Evening,Rural,Coffee,85,5100
2024-09-01,9,Monsoon,30.114817113702372,Weekend,None,Evening,Rural,Vanilla,154,6160
2024-09-01,9,Monsoon,30.114817113702372,Weekend,None,Evening,Rural,Chocolate,169,8450
2024-09-01,9,Monsoon,30.114817113702372,Weekend,None,Evening,Rural,Strawberry,126,5670
2024-09-01,9,Monsoon,30.114817113702372,Weekend,None,Evening,Rural,Butterscotch,191,10505
2024-09-01,9,Monsoon,30.114817113702372,Weekend,None,Evening,Rural,Coffee,125,7500
2024-09-02,9,Monsoon,27.722995951445583,Weekday,None,Evening,Rural,Vanilla,119,4760
2024-09-02,9,Monsoon,27.722995951445583,Weekday,None,Evening,Rural,Chocolate,84,4200
2024-09-02,9,Monsoon,27.722995951445583,Weekday,None,Evening,Rural,Strawberry,124,5580
2024-09-02,9,Monsoon,27.722995951445583,Weekday,None,Evening,Rural,Butterscotch,121,6655
2024-09-02,9,Monsoon,27.722995951445583,Weekday,None,Evening,Rural,Coffee,82,4920
2024-09-03,9,Monsoon,28.203109450021266,Weekday,None,Afternoon,Rural,Vanilla,82,3280
2024-09-03,9,Monsoon,28.203109450021266,Weekday,None,Afternoon,Rural,Chocolate,133,6650
2024-09-03,9,Monsoon,28.203109450021266,Weekday,None,Afternoon,Rural,Strawberry,101,4545
2024-09-03,9,Monsoon,28.203109450021266,Weekday,None,Afternoon,Rural,Butterscotch,104,5720
2024-09-03,9,Monsoon,28.203109450021266,Weekday,None,Afternoon,Rural,Coffee,64,3840
2024-09-04,9,Monsoon,27.633533914444623,Weekday,None,Night,Urban,Vanilla,124,4960
2024-09-04,9,Monsoon,27.633533914444623,Weekday,None,Night,Urban,Chocolate,127,6350
2024-09-04,9,Monsoon,27.633533914444623,Weekday,None,Night,Urban,Strawberry,105,4725
2024-09-04,9,Monsoon,27.633533914444623,Weekday,None,Night,Urban,Butterscotch,146,8030
2024-09-04,9,Monsoon,27.633533914444623,Weekday,None,Night,Urban,Coffee,59,3540
2024-09-05,9,Monsoon,28.558542486083265,Weekday,None,Afternoon,Urban,Vanilla,95,3800
2024-09-05,9,Monsoon,28.558542486083265,Weekday,None,Afternoon,Urban,Chocolate,131,6550
2024-09-05,9,Monsoon,28.558542486083265,Weekday,None,Afternoon,Urban,Strawberry,117,5265
2024-09-05,9,Monsoon,28.558542486083265,Weekday,None,Afternoon,Urban,Butterscotch,123,6765
2024-09-05,9,Monsoon,28.558542486083265,Weekday,None,Afternoon,Urban,Coffee,96,5760
2024-09-06,9,Monsoon,29.458189512424727,Weekday,None,Night,Urban,Vanilla,108,4320
2024-09-06,9,Monsoon,29.458189512424727,Weekday,None,Night,Urban,Chocolate,142,7100
2024-09-06,9,Monsoon,29.458189512424727,Weekday,None,Night,Urban,Strawberry,78,3510
2024-09-06,9,Monsoon,29.458189512424727,Weekday,None,Night,Urban,Butterscotch,99,5445
2024-09-06,9,Monsoon,29.458189512424727,Weekday,None,Night,Urban,Coffee,86,5160
2024-09-07,9,Monsoon,31.11220250333998,Weekend,None,Night,Rural,Vanilla,130,5200
2024-09-07,9,Monsoon,31.11220250333998,Weekend,None,Night,Rural,Chocolate,130,6500
2024-09-07,9,Monsoon,31.11220250333998,Weekend,None,Night,Rural,Strawberry,129,5805
2024-09-07,9,Monsoon,31.11220250333998,Weekend,None,Night,Rural,Butterscotch,126,6930
2024-09-07,9,Monsoon,31.11220250333998,Weekend,None,Night,Rural,Coffee,124,7440
2024-09-08,9,Monsoon,25.728642061999555,Weekend,None,Morning,Urban,Vanilla,123,4920
2024-09-08,9,Monsoon,25.728642061999555,Weekend,None,Morning,Urban,Chocolate,203,10150
2024-09-08,9,Monsoon,25.728642061999555,Weekend,None,Morning,Urban,Strawberry,124,5580
2024-09-08,9,Monsoon,25.728642061999555,Weekend,None,Morning,Urban,Butterscotch,133,7315
2024-09-08,9,Monsoon,25.728642061999555,Weekend,None,Morning,Urban,Coffee,85,5100
2024-09-09,9,Monsoon,25.23942317886243,Weekday,None,Evening,Rural,Vanilla,95,3800
2024-09-09,9,Monsoon,25.23942317886243,Weekday,None,Evening,Rural,Chocolate,137,6850
2024-09-09,9,Monsoon,25.23942317886243,Weekday,None,Evening,Rural,Strawberry,105,4725
2024-09-09,9,Monsoon,25.23942317886243,Weekday,None,Evening,Rural,Butterscotch,127,6985
2024-09-09,9,Monsoon,25.23942317886243,Weekday,None,Evening,Rural,Coffee,78,4680
2024-09-10,9,Monsoon,25.4969945923593,Weekday,None,Evening,Urban,Vanilla,128,5120
2024-09-10,9,Monsoon,25.4969945923593,Weekday,None,Evening,Urban,Chocolate,176,8800
2024-09-10,9,Monsoon,25.4969945923593,Weekday,None,Evening,Urban,Strawberry,106,4770
2024-09-10,9,Monsoon,25.4969945923593,Weekday,None,Evening,Urban,Butterscotch,138,7590
2024-09-10,9,Monsoon,25.4969945923593,Weekday,None,Evening,Urban,Coffee,121,7260
2024-09-11,9,Monsoon,26.046685552963893,Weekday,None,Morning,Urban,Vanilla,124,4960
2024-09-11,9,Monsoon,26.046685552963893,Weekday,None,Morning,Urban,Chocolate,134,6700
2024-09-11,9,Monsoon,26.046685552963893,Weekday,None,Morning,Urban,Strawberry,82,3690
2024-09-11,9,Monsoon,26.046685552963893,Weekday,None,Morning,Urban,Butterscotch,120,6600
2024-09-11,9,Monsoon,26.046685552963893,Weekday,None,Morning,Urban,Coffee,67,4020
2024-09-12,9,Monsoon,25.700774141132772,Weekday,Diwali,Morning,Urban,Vanilla,153,6120
2024-09-12,9,Monsoon,25.700774141132772,Weekday,Diwali,Morning,Urban,Chocolate,157,7850
2024-09-12,9,Monsoon,25.700774141132772,Weekday,Diwali,Morning,Urban,Strawberry,144,6480
2024-09-12,9,Monsoon,25.700774141132772,Weekday,Diwali,Morning,Urban,Butterscotch,151,8305
2024-09-12,9,Monsoon,25.700774141132772,Weekday,Diwali,Morning,Urban,Coffee,134,8040
2024-09-13,9,Monsoon,30.613352804328727,Weekday,Summer Vacation,Afternoon,Rural,Vanilla,87,3480
2024-09-13,9,Monsoon,30.613352804328727,Weekday,Summer Vacation,Afternoon,Rural,Chocolate,129,6450
2024-09-13,9,Monsoon,30.613352804328727,Weekday,Summer Vacation,Afternoon,Rural,Strawberry,127,5715
2024-09-13,9,Monsoon,30.613352804328727,Weekday,Summer Vacation,Afternoon,Rural,Butterscotch,175,9625
2024-09-13,9,Monsoon,30.613352804328727,Weekday,Summer Vacation,Afternoon,Rural,Coffee,93,5580
2024-09-14,9,Monsoon,33.766914073293734,Weekend,None,Evening,Urban,Vanilla,179,7160
2024-09-14,9,Monsoon,33.766914073293734,Weekend,None,Evening,Urban,Chocolate,247,12350
2024-09-14,9,Monsoon,33.766914073293734,Weekend,None,Evening,Urban,Strawberry,168,7560
2024-09-14,9,Monsoon,33.766914073293734,Weekend,None,Evening,Urban,Butterscotch,196,10780
2024-09-14,9,Monsoon,33.766914073293734,Weekend,None,Evening,Urban,Coffee,160,9600
2024-09-15,9,Monsoon,31.90768047424377,Weekend,None,Morning,Urban,Vanilla,138,5520
2024-09-15,9,Monsoon,31.90768047424377,Weekend,None,Morning,Urban,Chocolate,176,8800
2024-09-15,9,Monsoon,31.90768047424377,Weekend,None,Morning,Urban,Strawberry,122,5490
2024-09-15,9,Monsoon,31.90768047424377,Weekend,None,Morning,Urban,Butterscotch,132,7260
2024-09-15,9,Monsoon,31.90768047424377,Weekend,None,Morning,Urban,Coffee,104,6240
2024-09-16,9,Monsoon,29.26196225839407,Weekday,None,Morning,Urban,Vanilla,104,4160
2024-09-16,9,Monsoon,29.26196225839407,Weekday,None,Morning,Urban,Chocolate,154,7700
2024-09-16,9,Monsoon,29.26196225839407,Weekday,None,Morning,Urban,Strawberry,117,5265
2024-09-16,9,Monsoon,29.26196225839407,Weekday,None,Morning,Urban,Butterscotch,126,6930
2024-09-16,9,Monsoon,29.26196225839407,Weekday,None,Morning,Urban,Coffee,106,6360
2024-09-17,9,Monsoon,27.349416078338272,Weekday,None,Afternoon,Urban,Vanilla,104,4160
2024-09-17,9,Monsoon,27.349416078338272,Weekday,None,Afternoon,Urban,Chocolate,157,7850
2024-09-17,9,Monsoon,27.349416078338272,Weekday,None,Afternoon,Urban,Strawberry,108,4860
2024-09-17,9,Monsoon,27.349416078338272,Weekday,None,Afternoon,Urban,Butterscotch,108,5940
2024-09-17,9,Monsoon,27.349416078338272,Weekday,None,Afternoon,Urban,Coffee,90,5400
2024-09-18,9,Monsoon,28.142273198605466,Weekday,None,Morning,Rural,Vanilla,101,4040
2024-09-18,9,Monsoon,28.142273198605466,Weekday,None,Morning,Rural,Chocolate,104,5200
2024-09-18,9,Monsoon,28.142273198605466,Weekday,None,Morning,Rural,Strawberry,76,3420
2024-09-18,9,Monsoon,28.142273198605466,Weekday,None,Morning,Rural,Butterscotch,99,5445
2024-09-18,9,Monsoon,28.142273198605466,Weekday,None,Morning,Rural,Coffee,69,4140
2024-09-19,9,Monsoon,28.56960735287964,Weekday,None,Evening,Rural,Vanilla,137,5480
2024-09-19,9,Monsoon,28.56960735287964,Weekday,None,Evening,Rural,Chocolate,137,6850
2024-09-19,9,Monsoon,28.56960735287964,Weekday,None,Evening,Rural,Strawberry,120,5400
2024-09-19,9,Monsoon,28.56960735287964,Weekday,None,Evening,Rural,Butterscotch,143,7865
2024-09-19,9,Monsoon,28.56960735287964,Weekday,None,Evening,Rural,Coffee,92,5520
2024-09-20,9,Monsoon,28.323486711505847,Weekday,None,Evening,Rural,Vanilla,138,5520
2024-09-20,9,Monsoon,28.323486711505847,Weekday,None,Evening,Rural,Chocolate,114,5700
2024-09-20,9,Monsoon,28.323486711505847,Weekday,None,Evening,Rural,Strawberry,112,5040
2024-09-20,9,Monsoon,28.323486711505847,Weekday,None,Evening,Rural,Butterscotch,126,6930
2024-09-20,9,Monsoon,28.323486711505847,Weekday,None,Evening,Rural,Coffee,100,6000
2024-09-21,9,Monsoon,30.167766044568,Weekend,None,Afternoon,Urban,Vanilla,159,6360
2024-09-21,9,Monsoon,30.167766044568,Weekend,None,Afternoon,Urban,Chocolate,175,8750
2024-09-21,9,Monsoon,30.167766044568,Weekend,None,Afternoon,Urban,Strawberry,153,6885
2024-09-21,9,Monsoon,30.167766044568,Weekend,None,Afternoon,Urban,Butterscotch,142,7810
2024-09-21,9,Monsoon,30.167766044568,Weekend,None,Afternoon,Urban,Coffee,115,6900
2024-09-22,9,Monsoon,26.22027051819694,Weekend,None,Evening,Urban,Vanilla,156,6240
2024-09-22,9,Monsoon,26.22027051819694,Weekend,None,Evening,Urban,Chocolate,170,8500
2024-09-22,9,Monsoon,26.22027051819694,Weekend,None,Evening,Urban,Strawberry,136,6120
2024-09-22,9,Monsoon,26.22027051819694,Weekend,None,Evening,Urban,Butterscotch,187,10285
2024-09-22,9,Monsoon,26.22027051819694,Weekend,None,Evening,Urban,Coffee,132,7920
2024-09-23,9,Monsoon,30.13728923202554,Weekday,Summer Vacation,Evening,Urban,Vanilla,191,7640
2024-09-23,9,Monsoon,30.13728923202554,Weekday,Summer Vacation,Evening,Urban,Chocolate,205,10250
2024-09-23,9,Monsoon,30.13728923202554,Weekday,Summer Vacation,Evening,Urban,Strawberry,142,6390
2024-09-23,9,Monsoon,30.13728923202554,Weekday,Summer Vacation,Evening,Urban,Butterscotch,215,11825
2024-09-23,9,Monsoon,30.13728923202554,Weekday,Summer Vacation,Evening,Urban,Coffee,148,8880
2024-09-24,9,Monsoon,28.073164857767807,Weekday,None,Evening,Urban,Vanilla,128,5120
2024-09-24,9,Monsoon,28.073164857767807,Weekday,None,Evening,Urban,Chocolate,174,8700
2024-09-24,9,Monsoon,28.073164857767807,Weekday,None,Evening,Urban,Strawberry,134,6030
2024-09-24,9,Monsoon,28.073164857767807,Weekday,None,Evening,Urban,Butterscotch,160,8800
2024-09-24,9,Monsoon,28.073164857767807,Weekday,None,Evening,Urban,Coffee,134,8040
2024-09-25,9,Monsoon,29.2468583634073,Weekday,None,Evening,Urban,Vanilla,125,5000
2024-09-25,9,Monsoon,29.2468583634073,Weekday,None,Evening,Urban,Chocolate,156,7800
2024-09-25,9,Monsoon,29.2468583634073,Weekday,None,Evening,Urban,Strawberry,112,5040
2024-09-25,9,Monsoon,29.2468583634073,Weekday,None,Evening,Urban,Butterscotch,161,8855
2024-09-25,9,Monsoon,29.2468583634073,Weekday,None,Evening,Urban,Coffee,126,7560
2024-09-26,9,Monsoon,30.622660637842834,Weekday,None,Evening,Urban,Vanilla,164,6560
2024-09-26,9,Monsoon,30.622660637842834,Weekday,None,Evening,Urban,Chocolate,192,9600
2024-09-26,9,Monsoon,30.622660637842834,Weekday,None,Evening,Urban,Strawberry,136,6120
2024-09-26,9,Monsoon,30.622660637842834,Weekday,None,Evening,Urban,Butterscotch,170,9350
2024-09-26,9,Monsoon,30.622660637842834,Weekday,None,Evening,Urban,Coffee,138,8280
2024-09-27,9,Monsoon,30.250636668043008,Weekday,None,Evening,Urban,Vanilla,148,5920
2024-09-27,9,Monsoon,30.250636668043008,Weekday,None,Evening,Urban,Chocolate,163,8150
2024-09-27,9,Monsoon,30.250636668043008,Weekday,None,Evening,Urban,Strawberry,173,7785
2024-09-27,9,Monsoon,30.250636668043008,Weekday,None,Evening,Urban,Butterscotch,197,10835
2024-09-27,9,Monsoon,30.250636668043008,Weekday,None,Evening,Urban,Coffee,100,6000
2024-09-28,9,Monsoon,30.634073372518383,Weekend,None,Night,Urban,Vanilla,126,5040
2024-09-28,9,Monsoon,30.634073372518383,Weekend,None,Night,Urban,Chocolate,162,8100
2024-09-28,9,Monsoon,30.634073372518383,Weekend,None,Night,Urban,Strawberry,120,5400
2024-09-28,9,Monsoon,30.634073372518383,Weekend,None,Night,Urban,Butterscotch,160,8800
2024-09-28,9,Monsoon,30.634073372518383,Weekend,None,Night,Urban,Coffee,127,7620
2024-09-29,9,Monsoon,27.803441331604304,Weekend,None,Night,Urban,Vanilla,120,4800
2024-09-29,9,Monsoon,27.803441331604304,Weekend,None,Night,Urban,Chocolate,153,7650
2024-09-29,9,Monsoon,27.803441331604304,Weekend,None,Night,Urban,Strawberry,144,6480
2024-09-29,9,Monsoon,27.803441331604304,Weekend,None,Night,Urban,Butterscotch,140,7700
2024-09-29,9,Monsoon,27.803441331604304,Weekend,None,Night,Urban,Coffee,79,4740
2024-09-30,9,Monsoon,30.628933465497013,Weekday,None,Night,Urban,Vanilla,107,4280
2024-09-30,9,Monsoon,30.628933465497013,Weekday,None,Night,Urban,Chocolate,148,7400
2024-09-30,9,Monsoon,30.628933465497013,Weekday,None,Night,Urban,Strawberry,112,5040
2024-09-30,9,Monsoon,30.628933465497013,Weekday,None,Night,Urban,Butterscotch,133,7315
2024-09-30,9,Monsoon,30.628933465497013,Weekday,None,Night,Urban,Coffee,105,6300
2024-10-01,10,Winter,19.613034598522578,Weekday,Summer Vacation,Afternoon,Urban,Vanilla,144,5760
2024-10-01,10,Winter,19.613034598522578,Weekday,Summer Vacation,Afternoon,Urban,Chocolate,175,8750
2024-10-01,10,Winter,19.613034598522578,Weekday,Summer Vacation,Afternoon,Urban,Strawberry,130,5850
2024-10-01,10,Winter,19.613034598522578,Weekday,Summer Vacation,Afternoon,Urban,Butterscotch,166,9130
2024-10-01,10,Winter,19.613034598522578,Weekday,Summer Vacation,Afternoon,Urban,Coffee,106,6360
2024-10-02,10,Winter,22.429300622929297,Weekday,None,Night,Urban,Vanilla,82,3280
2024-10-02,10,Winter,22.429300622929297,Weekday,None,Night,Urban,Chocolate,103,5150
2024-10-02,10,Winter,22.429300622929297,Weekday,None,Night,Urban,Strawberry,78,3510
2024-10-02,10,Winter,22.429300622929297,Weekday,None,Night,Urban,Butterscotch,90,4950
2024-10-02,10,Winter,22.429300622929297,Weekday,None,Night,Urban,Coffee,88,5280
2024-10-03,10,Winter,25.02191307241979,Weekday,None,Afternoon,Urban,Vanilla,105,4200
2024-10-03,10,Winter,25.02191307241979,Weekday,None,Afternoon,Urban,Chocolate,106,5300
2024-10-03,10,Winter,25.02191307241979,Weekday,None,Afternoon,Urban,Strawberry,91,4095
2024-10-03,10,Winter,25.02191307241979,Weekday,None,Afternoon,Urban,Butterscotch,94,5170
2024-10-03,10,Winter,25.02191307241979,Weekday,None,Afternoon,Urban,Coffee,104,6240
2024-10-04,10,Winter,23.30845894452411,Weekday,None,Afternoon,Urban,Vanilla,108,4320
2024-10-04,10,Winter,23.30845894452411,Weekday,None,Afternoon,Urban,Chocolate,118,5900
2024-10-04,10,Winter,23.30845894452411,Weekday,None,Afternoon,Urban,Strawberry,112,5040
2024-10-04,10,Winter,23.30845894452411,Weekday,None,Afternoon,Urban,Butterscotch,100,5500
2024-10-04,10,Winter,23.30845894452411,Weekday,None,Afternoon,Urban,Coffee,71,4260
2024-10-05,10,Winter,23.434421726667424,Weekend,None,Evening,Urban,Vanilla,141,5640
2024-10-05,10,Winter,23.434421726667424,Weekend,None,Evening,Urban,Chocolate,195,9750
2024-10-05,10,Winter,23.434421726667424,Weekend,None,Evening,Urban,Strawberry,138,6210
2024-10-05,10,Winter,23.434421726667424,Weekend,None,Evening,Urban,Butterscotch,163,8965
2024-10-05,10,Winter,23.434421726667424,Weekend,None,Evening,Urban,Coffee,136,8160
2024-10-06,10,Winter,21.87322253171891,Weekend,None,Evening,Urban,Vanilla,141,5640
2024-10-06,10,Winter,21.87322253171891,Weekend,None,Evening,Urban,Chocolate,181,9050
2024-10-06,10,Winter,21.87322253171891,Weekend,None,Evening,Urban,Strawberry,116,5220
2024-10-06,10,Winter,21.87322253171891,Weekend,None,Evening,Urban,Butterscotch,168,9240
2024-10-06,10,Winter,21.87322253171891,Weekend,None,Evening,Urban,Coffee,105,6300
2024-10-07,10,Winter,25.799983759595236,Weekday,None,Afternoon,Urban,Vanilla,92,3680
2024-10-07,10,Winter,25.799983759595236,Weekday,None,Afternoon,Urban,Chocolate,139,6950
2024-10-07,10,Winter,25.799983759595236,Weekday,None,Afternoon,Urban,Strawberry,87,3915
2024-10-07,10,Winter,25.799983759595236,Weekday,None,Afternoon,Urban,Butterscotch,136,7480
2024-10-07,10,Winter,25.799983759595236,Weekday,None,Afternoon,Urban,Coffee,112,6720
2024-10-08,10,Winter,21.2112784063751,Weekday,None,Evening,Urban,Vanilla,90,3600
2024-10-08,10,Winter,21.2112784063751,Weekday,None,Evening,Urban,Chocolate,127,6350
2024-10-08,10,Winter,21.2112784063751,Weekday,None,Evening,Urban,Strawberry,106,4770
2024-10-08,10,Winter,21.2112784063751,Weekday,None,Evening,Urban,Butterscotch,151,8305
2024-10-08,10,Winter,21.2112784063751,Weekday,None,Evening,Urban,Coffee,86,5160
2024-10-09,10,Winter,20.19898402298054,Weekday,None,Evening,Rural,Vanilla,104,4160
2024-10-09,10,Winter,20.19898402298054,Weekday,None,Evening,Rural,Chocolate,130,6500
2024-10-09,10,Winter,20.19898402298054,Weekday,None,Evening,Rural,Strawberry,100,4500
2024-10-09,10,Winter,20.19898402298054,Weekday,None,Evening,Rural,Butterscotch,122,6710
2024-10-09,10,Winter,20.19898402298054,Weekday,None,Evening,Rural,Coffee,67,4020
2024-10-10,10,Winter,25.100887608336734,Weekday,None,Afternoon,Urban,Vanilla,97,3880
2024-10-10,10,Winter,25.100887608336734,Weekday,None,Afternoon,Urban,Chocolate,100,5000
2024-10-10,10,Winter,25.100887608336734,Weekday,None,Afternoon,Urban,Strawberry,78,3510
2024-10-10,10,Winter,25.100887608336734,Weekday,None,Afternoon,Urban,Butterscotch,110,6050
2024-10-10,10,Winter,25.100887608336734,Weekday,None,Afternoon,Urban,Coffee,87,5220
2024-10-11,10,Winter,25.031137939849792,Weekday,None,Night,Urban,Vanilla,98,3920
2024-10-11,10,Winter,25.031137939849792,Weekday,None,Night,Urban,Chocolate,122,6100
2024-10-11,10,Winter,25.031137939849792,Weekday,None,Night,Urban,Strawberry,86,3870
2024-10-11,10,Winter,25.031137939849792,Weekday,None,Night,Urban,Butterscotch,134,7370
2024-10-11,10,Winter,25.031137939849792,Weekday,None,Night,Urban,Coffee,75,4500
2024-10-12,10,Winter,27.143662443283024,Weekend,None,Morning,Rural,Vanilla,123,4920
2024-10-12,10,Winter,27.143662443283024,Weekend,None,Morning,Rural,Chocolate,137,6850
2024-10-12,10,Winter,27.143662443283024,Weekend,None,Morning,Rural,Strawberry,121,5445
2024-10-12,10,Winter,27.143662443283024,Weekend,None,Morning,Rural,Butterscotch,122,6710
2024-10-12,10,Winter,27.143662443283024,Weekend,None,Morning,Rural,Coffee,94,5640
2024-10-13,10,Winter,21.037648414444003,Weekend,None,Morning,Urban,Vanilla,92,3680
2024-10-13,10,Winter,21.037648414444003,Weekend,None,Morning,Urban,Chocolate,141,7050
2024-10-13,10,Winter,21.037648414444003,Weekend,None,Morning,Urban,Strawberry,90,4050
2024-10-13,10,Winter,21.037648414444003,Weekend,None,Morning,Urban,Butterscotch,117,6435
2024-10-13,10,Winter,21.037648414444003,Weekend,None,Morning,Urban,Coffee,90,5400
2024-10-14,10,Winter,17.339058869890177,Weekday,None,Afternoon,Urban,Vanilla,84,3360
2024-10-14,10,Winter,17.339058869890177,Weekday,None,Afternoon,Urban,Chocolate,106,5300
2024-10-14,10,Winter,17.339058869890177,Weekday,None,Afternoon,Urban,Strawberry,73,3285
2024-10-14,10,Winter,17.339058869890177,Weekday,None,Afternoon,Urban,Butterscotch,104,5720
2024-10-14,10,Winter,17.339058869890177,Weekday,None,Afternoon,Urban,Coffee,68,4080
2024-10-15,10,Winter,20.942638805086773,Weekday,None,Evening,Rural,Vanilla,130,5200
2024-10-15,10,Winter,20.942638805086773,Weekday,None,Evening,Rural,Chocolate,106,5300
2024-10-15,10,Winter,20.942638805086773,Weekday,None,Evening,Rural,Strawberry,82,3690
2024-10-15,10,Winter,20.942638805086773,Weekday,None,Evening,Rural,Butterscotch,111,6105
2024-10-15,10,Winter,20.942638805086773,Weekday,None,Evening,Rural,Coffee,94,5640
2024-10-16,10,Winter,22.00438856444137,Weekday,None,Evening,Urban,Vanilla,115,4600
2024-10-16,10,Winter,22.00438856444137,Weekday,None,Evening,Urban,Chocolate,157,7850
2024-10-16,10,Winter,22.00438856444137,Weekday,None,Evening,Urban,Strawberry,87,3915
2024-10-16,10,Winter,22.00438856444137,Weekday,None,Evening,Urban,Butterscotch,127,6985
2024-10-16,10,Winter,22.00438856444137,Weekday,None,Evening,Urban,Coffee,106,6360
2024-10-17,10,Winter,23.231149830360675,Weekday,Christmas,Afternoon,Rural,Vanilla,127,5080
2024-10-17,10,Winter,23.231149830360675,Weekday,Christmas,Afternoon,Rural,Chocolate,118,5900
2024-10-17,10,Winter,23.231149830360675,Weekday,Christmas,Afternoon,Rural,Strawberry,98,4410
2024-10-17,10,Winter,23.231149830360675,Weekday,Christmas,Afternoon,Rural,Butterscotch,123,6765
2024-10-17,10,Winter,23.231149830360675,Weekday,Christmas,Afternoon,Rural,Coffee,112,6720
2024-10-18,10,Winter,20.207808622928134,Weekday,None,Evening,Urban,Vanilla,117,4680
2024-10-18,10,Winter,20.207808622928134,Weekday,None,Evening,Urban,Chocolate,140,7000
2024-10-18,10,Winter,20.207808622928134,Weekday,None,Evening,Urban,Strawberry,116,5220
2024-10-18,10,Winter,20.207808622928134,Weekday,None,Evening,Urban,Butterscotch,160,8800
2024-10-18,10,Winter,20.207808622928134,Weekday,None,Evening,Urban,Coffee,64,3840
2024-10-19,10,Winter,19.901197573892908,Weekend,None,Evening,Urban,Vanilla,136,5440
2024-10-19,10,Winter,19.901197573892908,Weekend,None,Evening,Urban,Chocolate,162,8100
2024-10-19,10,Winter,19.901197573892908,Weekend,None,Evening,Urban,Strawberry,127,5715
2024-10-19,10,Winter,19.901197573892908,Weekend,None,Evening,Urban,Butterscotch,166,9130
2024-10-19,10,Winter,19.901197573892908,Weekend,None,Evening,Urban,Coffee,103,6180
2024-10-20,10,Winter,25.81827260990615,Weekend,None,Morning,Urban,Vanilla,103,4120
2024-10-20,10,Winter,25.81827260990615,Weekend,None,Morning,Urban,Chocolate,147,7350
2024-10-20,10,Winter,25.81827260990615,Weekend,None,Morning,Urban,Strawberry,103,4635
2024-10-20,10,Winter,25.81827260990615,Weekend,None,Morning,Urban,Butterscotch,178,9790
2024-10-20,10,Winter,25.81827260990615,Weekend,None,Morning,Urban,Coffee,108,6480
2024-10-21,10,Winter,23.839796633983433,Weekday,None,Afternoon,Urban,Vanilla,118,4720
2024-10-21,10,Winter,23.839796633983433,Weekday,None,Afternoon,Urban,Chocolate,139,6950
2024-10-21,10,Winter,23.839796633983433,Weekday,None,Afternoon,Urban,Strawberry,87,3915
2024-10-21,10,Winter,23.839796633983433,Weekday,None,Afternoon,Urban,Butterscotch,94,5170
2024-10-21,10,Winter,23.839796633983433,Weekday,None,Afternoon,Urban,Coffee,89,5340
2024-10-22,10,Winter,29.390670796396776,Weekday,None,Evening,Urban,Vanilla,146,5840
2024-10-22,10,Winter,29.390670796396776,Weekday,None,Evening,Urban,Chocolate,165,8250
2024-10-22,10,Winter,29.390670796396776,Weekday,None,Evening,Urban,Strawberry,143,6435
2024-10-22,10,Winter,29.390670796396776,Weekday,None,Evening,Urban,Butterscotch,158,8690
2024-10-22,10,Winter,29.390670796396776,Weekday,None,Evening,Urban,Coffee,136,8160
2024-10-23,10,Winter,25.065888330034426,Weekday,None,Afternoon,Rural,Vanilla,83,3320
2024-10-23,10,Winter,25.065888330034426,Weekday,None,Afternoon,Rural,Chocolate,90,4500
2024-10-23,10,Winter,25.065888330034426,Weekday,None,Afternoon,Rural,Strawberry,94,4230
2024-10-23,10,Winter,25.065888330034426,Weekday,None,Afternoon,Rural,Butterscotch,88,4840
2024-10-23,10,Winter,25.065888330034426,Weekday,None,Afternoon,Rural,Coffee,61,3660
2024-10-24,10,Winter,18.18997969662734,Weekday,None,Afternoon,Urban,Vanilla,100,4000
2024-10-24,10,Winter,18.18997969662734,Weekday,None,Afternoon,Urban,Chocolate,109,5450
2024-10-24,10,Winter,18.18997969662734,Weekday,None,Afternoon,Urban,Strawberry,66,2970
2024-10-24,10,Winter,18.18997969662734,Weekday,None,Afternoon,Urban,Butterscotch,117,6435
2024-10-24,10,Winter,18.18997969662734,Weekday,None,Afternoon,Urban,Coffee,56,3360
2024-10-25,10,Winter,25.430084590617483,Weekday,None,Evening,Urban,Vanilla,139,5560
2024-10-25,10,Winter,25.430084590617483,Weekday,None,Evening,Urban,Chocolate,175,8750
2024-10-25,10,Winter,25.430084590617483,Weekday,None,Evening,Urban,Strawberry,118,5310
2024-10-25,10,Winter,25.430084590617483,Weekday,None,Evening,Urban,Butterscotch,146,8030
2024-10-25,10,Winter,25.430084590617483,Weekday,None,Evening,Urban,Coffee,105,6300
2024-10-26,10,Winter,27.520109869305024,Weekend,None,Afternoon,Urban,Vanilla,146,5840
2024-10-26,10,Winter,27.520109869305024,Weekend,None,Afternoon,Urban,Chocolate,170,8500
2024-10-26,10,Winter,27.520109869305024,Weekend,None,Afternoon,Urban,Strawberry,101,4545
2024-10-26,10,Winter,27.520109869305024,Weekend,None,Afternoon,Urban,Butterscotch,140,7700
2024-10-26,10,Winter,27.520109869305024,Weekend,None,Afternoon,Urban,Coffee,130,7800
2024-10-27,10,Winter,22.204966389819454,Weekend,None,Evening,Urban,Vanilla,148,5920
2024-10-27,10,Winter,22.204966389819454,Weekend,None,Evening,Urban,Chocolate,190,9500
2024-10-27,10,Winter,22.204966389819454,Weekend,None,Evening,Urban,Strawberry,135,6075
2024-10-27,10,Winter,22.204966389819454,Weekend,None,Evening,Urban,Butterscotch,140,7700
2024-10-27,10,Winter,22.204966389819454,Weekend,None,Evening,Urban,Coffee,102,6120
2024-10-28,10,Winter,25.43854570914832,Weekday,None,Evening,Urban,Vanilla,155,6200
2024-10-28,10,Winter,25.43854570914832,Weekday,None,Evening,Urban,Chocolate,158,7900
2024-10-28,10,Winter,25.43854570914832,Weekday,None,Evening,Urban,Strawberry,136,6120
2024-10-28,10,Winter,25.43854570914832,Weekday,None,Evening,Urban,Butterscotch,153,8415
2024-10-28,10,Winter,25.43854570914832,Weekday,None,Evening,Urban,Coffee,115,6900
2024-10-29,10,Winter,23.27052362206611,Weekday,None,Morning,Urban,Vanilla,75,3000
2024-10-29,10,Winter,23.27052362206611,Weekday,None,Morning,Urban,Chocolate,114,5700
2024-10-29,10,Winter,23.27052362206611,Weekday,None,Morning,Urban,Strawberry,87,3915
2024-10-29,10,Winter,23.27052362206611,Weekday,None,Morning,Urban,Butterscotch,112,6160
2024-10-29,10,Winter,23.27052362206611,Weekday,None,Morning,Urban,Coffee,86,5160
2024-10-30,10,Winter,23.088907877190003,Weekday,None,Evening,Urban,Vanilla,140,5600
2024-10-30,10,Winter,23.088907877190003,Weekday,None,Evening,Urban,Chocolate,162,8100
2024-10-30,10,Winter,23.088907877190003,Weekday,None,Evening,Urban,Strawberry,119,5355
2024-10-30,10,Winter,23.088907877190003,Weekday,None,Evening,Urban,Butterscotch,150,8250
2024-10-30,10,Winter,23.088907877190003,Weekday,None,Evening,Urban,Coffee,101,6060
2024-10-31,10,Winter,21.89630728046859,Weekday,Summer Vacation,Evening,Urban,Vanilla,174,6960
2024-10-31,10,Winter,21.89630728046859,Weekday,Summer Vacation,Evening,Urban,Chocolate,211,10550
2024-10-31,10,Winter,21.89630728046859,Weekday,Summer Vacation,Evening,Urban,Strawberry,142,6390
2024-10-31,10,Winter,21.89630728046859,Weekday,Summer Vacation,Evening,Urban,Butterscotch,189,10395
2024-10-31,10,Winter,21.89630728046859,Weekday,Summer Vacation,Evening,Urban,Coffee,138,8280
2024-11-01,11,Winter,22.419680270410954,Weekday,None,Night,Urban,Vanilla,105,4200
2024-11-01,11,Winter,22.419680270410954,Weekday,None,Night,Urban,Chocolate,142,7100
2024-11-01,11,Winter,22.419680270410954,Weekday,None,Night,Urban,Strawberry,97,4365
2024-11-01,11,Winter,22.419680270410954,Weekday,None,Night,Urban,Butterscotch,110,6050
2024-11-01,11,Winter,22.419680270410954,Weekday,None,Night,Urban,Coffee,83,4980
2024-11-02,11,Winter,26.244521988476663,Weekend,None,Afternoon,Urban,Vanilla,115,4600
2024-11-02,11,Winter,26.244521988476663,Weekend,None,Afternoon,Urban,Chocolate,160,8000
2024-11-02,11,Winter,26.244521988476663,Weekend,None,Afternoon,Urban,Strawberry,102,4590
2024-11-02,11,Winter,26.244521988476663,Weekend,None,Afternoon,Urban,Butterscotch,157,8635
2024-11-02,11,Winter,26.244521988476663,Weekend,None,Afternoon,Urban,Coffee,77,4620
2024-11-03,11,Winter,24.88541941753186,Weekend,None,Night,Urban,Vanilla,136,5440
2024-11-03,11,Winter,24.88541941753186,Weekend,None,Night,Urban,Chocolate,147,7350
2024-11-03,11,Winter,24.88541941753186,Weekend,None,Night,Urban,Strawberry,106,4770
2024-11-03,11,Winter,24.88541941753186,Weekend,None,Night,Urban,Butterscotch,184,10120
2024-11-03,11,Winter,24.88541941753186,Weekend,None,Night,Urban,Coffee,113,6780
2024-11-04,11,Winter,23.239442427857867,Weekday,None,Morning,Urban,Vanilla,96,3840
2024-11-04,11,Winter,23.239442427857867,Weekday,None,Morning,Urban,Chocolate,83,4150
2024-11-04,11,Winter,23.239442427857867,Weekday,None,Morning,Urban,Strawberry,102,4590
2024-11-04,11,Winter,23.239442427857867,Weekday,None,Morning,Urban,Butterscotch,99,5445
2024-11-04,11,Winter,23.239442427857867,Weekday,None,Morning,Urban,Coffee,73,4380
2024-11-05,11,Winter,18.79066287067255,Weekday,None,Evening,Urban,Vanilla,93,3720
2024-11-05,11,Winter,18.79066287067255,Weekday,None,Evening,Urban,Chocolate,141,7050
2024-11-05,11,Winter,18.79066287067255,Weekday,None,Evening,Urban,Strawberry,118,5310
2024-11-05,11,Winter,18.79066287067255,Weekday,None,Evening,Urban,Butterscotch,158,8690
2024-11-05,11,Winter,18.79066287067255,Weekday,None,Evening,Urban,Coffee,82,4920
2024-11-06,11,Winter,21.702056986623905,Weekday,None,Afternoon,Urban,Vanilla,91,3640
2024-11-06,11,Winter,21.702056986623905,Weekday,None,Afternoon,Urban,Chocolate,122,6100
2024-11-06,11,Winter,21.702056986623905,Weekday,None,Afternoon,Urban,Strawberry,97,4365
2024-11-06,11,Winter,21.702056986623905,Weekday,None,Afternoon,Urban,Butterscotch,109,5995
2024-11-06,11,Winter,21.702056986623905,Weekday,None,Afternoon,Urban,Coffee,83,4980
2024-11-07,11,Winter,26.038359255694893,Weekday,None,Evening,Urban,Vanilla,126,5040
2024-11-07,11,Winter,26.038359255694893,Weekday,None,Evening,Urban,Chocolate,180,9000
2024-11-07,11,Winter,26.038359255694893,Weekday,None,Evening,Urban,Strawberry,104,4680
2024-11-07,11,Winter,26.038359255694893,Weekday,None,Evening,Urban,Butterscotch,134,7370
2024-11-07,11,Winter,26.038359255694893,Weekday,None,Evening,Urban,Coffee,119,7140
2024-11-08,11,Winter,21.8069870578625,Weekday,None,Night,Urban,Vanilla,88,3520
2024-11-08,11,Winter,21.8069870578625,Weekday,None,Night,Urban,Chocolate,138,6900
2024-11-08,11,Winter,21.8069870578625,Weekday,None,Night,Urban,Strawberry,88,3960
2024-11-08,11,Winter,21.8069870578625,Weekday,None,Night,Urban,Butterscotch,128,7040
2024-11-08,11,Winter,21.8069870578625,Weekday,None,Night,Urban,Coffee,70,4200
2024-11-09,11,Winter,20.407598563615345,Weekend,None,Morning,Urban,Vanilla,92,3680
2024-11-09,11,Winter,20.407598563615345,Weekend,None,Morning,Urban,Chocolate,128,6400
2024-11-09,11,Winter,20.407598563615345,Weekend,None,Morning,Urban,Strawberry,117,5265
2024-11-09,11,Winter,20.407598563615345,Weekend,None,Morning,Urban,Butterscotch,139,7645
2024-11-09,11,Winter,20.407598563615345,Weekend,None,Morning,Urban,Coffee,86,5160
2024-11-10,11,Winter,19.795986718969424,Weekend,None,Evening,Urban,Vanilla,153,6120
2024-11-10,11,Winter,19.795986718969424,Weekend,None,Evening,Urban,Chocolate,159,7950
2024-11-10,11,Winter,19.795986718969424,Weekend,None,Evening,Urban,Strawberry,112,5040
2024-11-10,11,Winter,19.795986718969424,Weekend,None,Evening,Urban,Butterscotch,157,8635
2024-11-10,11,Winter,19.795986718969424,Weekend,None,Evening,Urban,Coffee,121,7260
2024-11-11,11,Winter,20.907129712322767,Weekday,None,Night,Urban,Vanilla,123,4920
2024-11-11,11,Winter,20.907129712322767,Weekday,None,Night,Urban,Chocolate,112,5600
2024-11-11,11,Winter,20.907129712322767,Weekday,None,Night,Urban,Strawberry,79,3555
2024-11-11,11,Winter,20.907129712322767,Weekday,None,Night,Urban,Butterscotch,84,4620
2024-11-11,11,Winter,20.907129712322767,Weekday,None,Night,Urban,Coffee,46,2760
2024-11-12,11,Winter,20.457733586896307,Weekday,None,Afternoon,Rural,Vanilla,79,3160
2024-11-12,11,Winter,20.457733586896307,Weekday,None,Afternoon,Rural,Chocolate,62,3100
2024-11-12,11,Winter,20.457733586896307,Weekday,None,Afternoon,Rural,Strawberry,71,3195
2024-11-12,11,Winter,20.457733586896307,Weekday,None,Afternoon,Rural,Butterscotch,87,4785
2024-11-12,11,Winter,20.457733586896307,Weekday,None,Afternoon,Rural,Coffee,45,2700
2024-11-13,11,Winter,19.752636772116926,Weekday,None,Morning,Urban,Vanilla,106,4240
2024-11-13,11,Winter,19.752636772116926,Weekday,None,Morning,Urban,Chocolate,94,4700
2024-11-13,11,Winter,19.752636772116926,Weekday,None,Morning,Urban,Strawberry,79,3555
2024-11-13,11,Winter,19.752636772116926,Weekday,None,Morning,Urban,Butterscotch,105,5775
2024-11-13,11,Winter,19.752636772116926,Weekday,None,Morning,Urban,Coffee,82,4920
2024-11-14,11,Winter,22.43276056684612,Weekday,None,Evening,Rural,Vanilla,107,4280
2024-11-14,11,Winter,22.43276056684612,Weekday,None,Evening,Rural,Chocolate,123,6150
2024-11-14,11,Winter,22.43276056684612,Weekday,None,Evening,Rural,Strawberry,94,4230
2024-11-14,11,Winter,22.43276056684612,Weekday,None,Evening,Rural,Butterscotch,138,7590
2024-11-14,11,Winter,22.43276056684612,Weekday,None,Evening,Rural,Coffee,94,5640
2024-11-15,11,Winter,18.31299141851666,Weekday,Summer Vacation,Evening,Urban,Vanilla,164,6560
2024-11-15,11,Winter,18.31299141851666,Weekday,Summer Vacation,Evening,Urban,Chocolate,187,9350
2024-11-15,11,Winter,18.31299141851666,Weekday,Summer Vacation,Evening,Urban,Strawberry,116,5220
2024-11-15,11,Winter,18.31299141851666,Weekday,Summer Vacation,Evening,Urban,Butterscotch,159,8745
2024-11-15,11,Winter,18.31299141851666,Weekday,Summer Vacation,Evening,Urban,Coffee,110,6600
2024-11-16,11,Winter,20.53997103135521,Weekend,None,Night,Urban,Vanilla,125,5000
2024-11-16,11,Winter,20.53997103135521,Weekend,None,Night,Urban,Chocolate,156,7800
2024-11-16,11,Winter,20.53997103135521,Weekend,None,Night,Urban,Strawberry,76,3420
2024-11-16,11,Winter,20.53997103135521,Weekend,None,Night,Urban,Butterscotch,128,7040
2024-11-16,11,Winter,20.53997103135521,Weekend,None,Night,Urban,Coffee,92,5520
2024-11-17,11,Winter,22.13742390559479,Weekend,None,Morning,Urban,Vanilla,117,4680
2024-11-17,11,Winter,22.13742390559479,Weekend,None,Morning,Urban,Chocolate,146,7300
2024-11-17,11,Winter,22.13742390559479,Weekend,None,Morning,Urban,Strawberry,93,4185
2024-11-17,11,Winter,22.13742390559479,Weekend,None,Morning,Urban,Butterscotch,122,6710
2024-11-17,11,Winter,22.13742390559479,Weekend,None,Morning,Urban,Coffee,94,5640
2024-11-18,11,Winter,20.50164642134436,Weekday,None,Evening,Urban,Vanilla,131,5240
2024-11-18,11,Winter,20.50164642134436,Weekday,None,Evening,Urban,Chocolate,135,6750
2024-11-18,11,Winter,20.50164642134436,Weekday,None,Evening,Urban,Strawberry,107,4815
2024-11-18,11,Winter,20.50164642134436,Weekday,None,Evening,Urban,Butterscotch,154,8470
2024-11-18,11,Winter,20.50164642134436,Weekday,None,Evening,Urban,Coffee,89,5340
2024-11-19,11,Winter,21.50339383105697,Weekday,None,Evening,Urban,Vanilla,136,5440
2024-11-19,11,Winter,21.50339383105697,Weekday,None,Evening,Urban,Chocolate,143,7150
2024-11-19,11,Winter,21.50339383105697,Weekday,None,Evening,Urban,Strawberry,87,3915
2024-11-19,11,Winter,21.50339383105697,Weekday,None,Evening,Urban,Butterscotch,144,7920
2024-11-19,11,Winter,21.50339383105697,Weekday,None,Evening,Urban,Coffee,118,7080
2024-11-20,11,Winter,22.833947320656765,Weekday,None,Evening,Urban,Vanilla,115,4600
2024-11-20,11,Winter,22.833947320656765,Weekday,None,Evening,Urban,Chocolate,152,7600
2024-11-20,11,Winter,22.833947320656765,Weekday,None,Evening,Urban,Strawberry,131,5895
2024-11-20,11,Winter,22.833947320656765,Weekday,None,Evening,Urban,Butterscotch,127,6985
2024-11-20,11,Winter,22.833947320656765,Weekday,None,Evening,Urban,Coffee,91,5460
2024-11-21,11,Winter,21.768505674366207,Weekday,None,Afternoon,Urban,Vanilla,96,3840
2024-11-21,11,Winter,21.768505674366207,Weekday,None,Afternoon,Urban,Chocolate,82,4100
2024-11-21,11,Winter,21.768505674366207,Weekday,None,Afternoon,Urban,Strawberry,80,3600
2024-11-21,11,Winter,21.768505674366207,Weekday,None,Afternoon,Urban,Butterscotch,119,6545
2024-11-21,11,Winter,21.768505674366207,Weekday,None,Afternoon,Urban,Coffee,70,4200
2024-11-22,11,Winter,27.21395495537056,Weekday,None,Night,Rural,Vanilla,93,3720
2024-11-22,11,Winter,27.21395495537056,Weekday,None,Night,Rural,Chocolate,116,5800
2024-11-22,11,Winter,27.21395495537056,Weekday,None,Night,Rural,Strawberry,74,3330
2024-11-22,11,Winter,27.21395495537056,Weekday,None,Night,Rural,Butterscotch,81,4455
2024-11-22,11,Winter,27.21395495537056,Weekday,None,Night,Rural,Coffee,55,3300
2024-11-23,11,Winter,24.636202834142995,Weekend,None,Evening,Urban,Vanilla,130,5200
2024-11-23,11,Winter,24.636202834142995,Weekend,None,Evening,Urban,Chocolate,168,8400
2024-11-23,11,Winter,24.636202834142995,Weekend,None,Evening,Urban,Strawberry,147,6615
2024-11-23,11,Winter,24.636202834142995,Weekend,None,Evening,Urban,Butterscotch,167,9185
2024-11-23,11,Winter,24.636202834142995,Weekend,None,Evening,Urban,Coffee,126,7560
2024-11-24,11,Winter,19.07013905240933,Weekend,None,Afternoon,Urban,Vanilla,109,4360
2024-11-24,11,Winter,19.07013905240933,Weekend,None,Afternoon,Urban,Chocolate,146,7300
2024-11-24,11,Winter,19.07013905240933,Weekend,None,Afternoon,Urban,Strawberry,102,4590
2024-11-24,11,Winter,19.07013905240933,Weekend,None,Afternoon,Urban,Butterscotch,106,5830
2024-11-24,11,Winter,19.07013905240933,Weekend,None,Afternoon,Urban,Coffee,98,5880
2024-11-25,11,Winter,19.786734259501355,Weekday,None,Evening,Rural,Vanilla,65,2600
2024-11-25,11,Winter,19.786734259501355,Weekday,None,Evening,Rural,Chocolate,138,6900
2024-11-25,11,Winter,19.786734259501355,Weekday,None,Evening,Rural,Strawberry,90,4050
2024-11-25,11,Winter,19.786734259501355,Weekday,None,Evening,Rural,Butterscotch,87,4785
2024-11-25,11,Winter,19.786734259501355,Weekday,None,Evening,Rural,Coffee,73,4380
2024-11-26,11,Winter,18.644429547365103,Weekday,None,Afternoon,Urban,Vanilla,95,3800
2024-11-26,11,Winter,18.644429547365103,Weekday,None,Afternoon,Urban,Chocolate,109,5450
2024-11-26,11,Winter,18.644429547365103,Weekday,None,Afternoon,Urban,Strawberry,66,2970
2024-11-26,11,Winter,18.644429547365103,Weekday,None,Afternoon,Urban,Butterscotch,47,2585
2024-11-26,11,Winter,18.644429547365103,Weekday,None,Afternoon,Urban,Coffee,80,4800
2024-11-27,11,Winter,23.4821200576372,Weekday,None,Afternoon,Urban,Vanilla,120,4800
2024-11-27,11,Winter,23.4821200576372,Weekday,None,Afternoon,Urban,Chocolate,141,7050
2024-11-27,11,Winter,23.4821200576372,Weekday,None,Afternoon,Urban,Strawberry,118,5310
2024-11-27,11,Winter,23.4821200576372,Weekday,None,Afternoon,Urban,Butterscotch,108,5940
2024-11-27,11,Winter,23.4821200576372,Weekday,None,Afternoon,Urban,Coffee,85,5100
2024-11-28,11,Winter,19.035991545991177,Weekday,None,Morning,Rural,Vanilla,59,2360
2024-11-28,11,Winter,19.035991545991177,Weekday,None,Morning,Rural,Chocolate,63,3150
2024-11-28,11,Winter,19.035991545991177,Weekday,None,Morning,Rural,Strawberry,63,2835
2024-11-28,11,Winter,19.035991545991177,Weekday,None,Morning,Rural,Butterscotch,41,2255
2024-11-28,11,Winter,19.035991545991177,Weekday,None,Morning,Rural,Coffee,59,3540
2024-11-29,11,Winter,22.850134007205288,Weekday,Summer Vacation,Afternoon,Urban,Vanilla,129,5160
2024-11-29,11,Winter,22.850134007205288,Weekday,Summer Vacation,Afternoon,Urban,Chocolate,174,8700
2024-11-29,11,Winter,22.850134007205288,Weekday,Summer Vacation,Afternoon,Urban,Strawberry,115,5175
2024-11-29,11,Winter,22.850134007205288,Weekday,Summer Vacation,Afternoon,Urban,Butterscotch,153,8415
2024-11-29,11,Winter,22.850134007205288,Weekday,Summer Vacation,Afternoon,Urban,Coffee,104,6240
2024-11-30,11,Winter,22.770349771974168,Weekend,None,Morning,Urban,Vanilla,114,4560
2024-11-30,11,Winter,22.770349771974168,Weekend,None,Morning,Urban,Chocolate,161,8050
2024-11-30,11,Winter,22.770349771974168,Weekend,None,Morning,Urban,Strawberry,112,5040
2024-11-30,11,Winter,22.770349771974168,Weekend,None,Morning,Urban,Butterscotch,132,7260
2024-11-30,11,Winter,22.770349771974168,Weekend,None,Morning,Urban,Coffee,98,5880
2024-12-01,12,Winter,26.283855706759258,Weekend,None,Evening,Urban,Vanilla,165,6600
2024-12-01,12,Winter,26.283855706759258,Weekend,None,Evening,Urban,Chocolate,202,10100
2024-12-01,12,Winter,26.283855706759258,Weekend,None,Evening,Urban,Strawberry,129,5805
2024-12-01,12,Winter,26.283855706759258,Weekend,None,Evening,Urban,Butterscotch,179,9845
2024-12-01,12,Winter,26.283855706759258,Weekend,None,Evening,Urban,Coffee,126,7560
2024-12-02,12,Winter,23.876753781025002,Weekday,None,Afternoon,Rural,Vanilla,73,2920
2024-12-02,12,Winter,23.876753781025002,Weekday,None,Afternoon,Rural,Chocolate,104,5200
2024-12-02,12,Winter,23.876753781025002,Weekday,None,Afternoon,Rural,Strawberry,67,3015
2024-12-02,12,Winter,23.876753781025002,Weekday,None,Afternoon,Rural,Butterscotch,108,5940
2024-12-02,12,Winter,23.876753781025002,Weekday,None,Afternoon,Rural,Coffee,56,3360
2024-12-03,12,Winter,17.383332228764235,Weekday,None,Afternoon,Urban,Vanilla,79,3160
2024-12-03,12,Winter,17.383332228764235,Weekday,None,Afternoon,Urban,Chocolate,122,6100
2024-12-03,12,Winter,17.383332228764235,Weekday,None,Afternoon,Urban,Strawberry,87,3915
2024-12-03,12,Winter,17.383332228764235,Weekday,None,Afternoon,Urban,Butterscotch,88,4840
2024-12-03,12,Winter,17.383332228764235,Weekday,None,Afternoon,Urban,Coffee,38,2280
2024-12-04,12,Winter,21.942045087184493,Weekday,None,Afternoon,Urban,Vanilla,97,3880
2024-12-04,12,Winter,21.942045087184493,Weekday,None,Afternoon,Urban,Chocolate,134,6700
2024-12-04,12,Winter,21.942045087184493,Weekday,None,Afternoon,Urban,Strawberry,93,4185
2024-12-04,12,Winter,21.942045087184493,Weekday,None,Afternoon,Urban,Butterscotch,117,6435
2024-12-04,12,Winter,21.942045087184493,Weekday,None,Afternoon,Urban,Coffee,64,3840
2024-12-05,12,Winter,18.655678416888257,Weekday,None,Morning,Urban,Vanilla,103,4120
2024-12-05,12,Winter,18.655678416888257,Weekday,None,Morning,Urban,Chocolate,100,5000
2024-12-05,12,Winter,18.655678416888257,Weekday,None,Morning,Urban,Strawberry,92,4140
2024-12-05,12,Winter,18.655678416888257,Weekday,None,Morning,Urban,Butterscotch,99,5445
2024-12-05,12,Winter,18.655678416888257,Weekday,None,Morning,Urban,Coffee,85,5100
2024-12-06,12,Winter,23.02526176214062,Weekday,Summer Vacation,Afternoon,Urban,Vanilla,114,4560
2024-12-06,12,Winter,23.02526176214062,Weekday,Summer Vacation,Afternoon,Urban,Chocolate,149,7450
2024-12-06,12,Winter,23.02526176214062,Weekday,Summer Vacation,Afternoon,Urban,Strawberry,118,5310
2024-12-06,12,Winter,23.02526176214062,Weekday,Summer Vacation,Afternoon,Urban,Butterscotch,144,7920
2024-12-06,12,Winter,23.02526176214062,Weekday,Summer Vacation,Afternoon,Urban,Coffee,94,5640
2024-12-07,12,Winter,23.404712829090663,Weekend,None,Evening,Urban,Vanilla,147,5880
2024-12-07,12,Winter,23.404712829090663,Weekend,None,Evening,Urban,Chocolate,164,8200
2024-12-07,12,Winter,23.404712829090663,Weekend,None,Evening,Urban,Strawberry,148,6660
2024-12-07,12,Winter,23.404712829090663,Weekend,None,Evening,Urban,Butterscotch,165,9075
2024-12-07,12,Winter,23.404712829090663,Weekend,None,Evening,Urban,Coffee,130,7800
2024-12-08,12,Winter,20.69045541020337,Weekend,Diwali,Evening,Urban,Vanilla,193,7720
2024-12-08,12,Winter,20.69045541020337,Weekend,Diwali,Evening,Urban,Chocolate,191,9550
2024-12-08,12,Winter,20.69045541020337,Weekend,Diwali,Evening,Urban,Strawberry,157,7065
2024-12-08,12,Winter,20.69045541020337,Weekend,Diwali,Evening,Urban,Butterscotch,197,10835
2024-12-08,12,Winter,20.69045541020337,Weekend,Diwali,Evening,Urban,Coffee,142,8520
2024-12-09,12,Winter,25.990471675410593,Weekday,None,Evening,Urban,Vanilla,135,5400
2024-12-09,12,Winter,25.990471675410593,Weekday,None,Evening,Urban,Chocolate,168,8400
2024-12-09,12,Winter,25.990471675410593,Weekday,None,Evening,Urban,Strawberry,128,5760
2024-12-09,12,Winter,25.990471675410593,Weekday,None,Evening,Urban,Butterscotch,157,8635
2024-12-09,12,Winter,25.990471675410593,Weekday,None,Evening,Urban,Coffee,82,4920
2024-12-10,12,Winter,21.09542111269196,Weekday,None,Evening,Urban,Vanilla,101,4040
2024-12-10,12,Winter,21.09542111269196,Weekday,None,Evening,Urban,Chocolate,143,7150
2024-12-10,12,Winter,21.09542111269196,Weekday,None,Evening,Urban,Strawberry,110,4950
2024-12-10,12,Winter,21.09542111269196,Weekday,None,Evening,Urban,Butterscotch,132,7260
2024-12-10,12,Winter,21.09542111269196,Weekday,None,Evening,Urban,Coffee,102,6120
2024-12-11,12,Winter,21.191475739822447,Weekday,Christmas,Night,Urban,Vanilla,129,5160
2024-12-11,12,Winter,21.191475739822447,Weekday,Christmas,Night,Urban,Chocolate,128,6400
2024-12-11,12,Winter,21.191475739822447,Weekday,Christmas,Night,Urban,Strawberry,105,4725
2024-12-11,12,Winter,21.191475739822447,Weekday,Christmas,Night,Urban,Butterscotch,138,7590
2024-12-11,12,Winter,21.191475739822447,Weekday,Christmas,Night,Urban,Coffee,101,6060
2024-12-12,12,Winter,17.553305728968073,Weekday,Summer Vacation,Morning,Urban,Vanilla,134,5360
2024-12-12,12,Winter,17.553305728968073,Weekday,Summer Vacation,Morning,Urban,Chocolate,125,6250
2024-12-12,12,Winter,17.553305728968073,Weekday,Summer Vacation,Morning,Urban,Strawberry,115,5175
2024-12-12,12,Winter,17.553305728968073,Weekday,Summer Vacation,Morning,Urban,Butterscotch,155,8525
2024-12-12,12,Winter,17.553305728968073,Weekday,Summer Vacation,Morning,Urban,Coffee,85,5100
2024-12-13,12,Winter,23.23846411819944,Weekday,None,Afternoon,Rural,Vanilla,56,2240
2024-12-13,12,Winter,23.23846411819944,Weekday,None,Afternoon,Rural,Chocolate,65,3250
2024-12-13,12,Winter,23.23846411819944,Weekday,None,Afternoon,Rural,Strawberry,89,4005
2024-12-13,12,Winter,23.23846411819944,Weekday,None,Afternoon,Rural,Butterscotch,113,6215
2024-12-13,12,Winter,23.23846411819944,Weekday,None,Afternoon,Rural,Coffee,82,4920
2024-12-14,12,Winter,20.992642183060752,Weekend,None,Afternoon,Urban,Vanilla,95,3800
2024-12-14,12,Winter,20.992642183060752,Weekend,None,Afternoon,Urban,Chocolate,146,7300
2024-12-14,12,Winter,20.992642183060752,Weekend,None,Afternoon,Urban,Strawberry,101,4545
2024-12-14,12,Winter,20.992642183060752,Weekend,None,Afternoon,Urban,Butterscotch,114,6270
2024-12-14,12,Winter,20.992642183060752,Weekend,None,Afternoon,Urban,Coffee,65,3900
2024-12-15,12,Winter,22.69990631969313,Weekend,None,Morning,Urban,Vanilla,139,5560
2024-12-15,12,Winter,22.69990631969313,Weekend,None,Morning,Urban,Chocolate,152,7600
2024-12-15,12,Winter,22.69990631969313,Weekend,None,Morning,Urban,Strawberry,101,4545
2024-12-15,12,Winter,22.69990631969313,Weekend,None,Morning,Urban,Butterscotch,112,6160
2024-12-15,12,Winter,22.69990631969313,Weekend,None,Morning,Urban,Coffee,113,6780
2024-12-16,12,Winter,25.64934216183124,Weekday,None,Afternoon,Rural,Vanilla,84,3360
2024-12-16,12,Winter,25.64934216183124,Weekday,None,Afternoon,Rural,Chocolate,93,4650
2024-12-16,12,Winter,25.64934216183124,Weekday,None,Afternoon,Rural,Strawberry,72,3240
2024-12-16,12,Winter,25.64934216183124,Weekday,None,Afternoon,Rural,Butterscotch,106,5830
2024-12-16,12,Winter,25.64934216183124,Weekday,None,Afternoon,Rural,Coffee,69,4140
2024-12-17,12,Winter,26.253495918661255,Weekday,Summer Vacation,Afternoon,Urban,Vanilla,133,5320
2024-12-17,12,Winter,26.253495918661255,Weekday,Summer Vacation,Afternoon,Urban,Chocolate,183,9150
2024-12-17,12,Winter,26.253495918661255,Weekday,Summer Vacation,Afternoon,Urban,Strawberry,136,6120
2024-12-17,12,Winter,26.253495918661255,Weekday,Summer Vacation,Afternoon,Urban,Butterscotch,181,9955
2024-12-17,12,Winter,26.253495918661255,Weekday,Summer Vacation,Afternoon,Urban,Coffee,121,7260
2024-12-18,12,Winter,27.544327312316657,Weekday,None,Morning,Rural,Vanilla,95,3800
2024-12-18,12,Winter,27.544327312316657,Weekday,None,Morning,Rural,Chocolate,101,5050
2024-12-18,12,Winter,27.544327312316657,Weekday,None,Morning,Rural,Strawberry,64,2880
2024-12-18,12,Winter,27.544327312316657,Weekday,None,Morning,Rural,Butterscotch,135,7425
2024-12-18,12,Winter,27.544327312316657,Weekday,None,Morning,Rural,Coffee,72,4320
2024-12-19,12,Winter,24.50278827366861,Weekday,None,Evening,Urban,Vanilla,141,5640
2024-12-19,12,Winter,24.50278827366861,Weekday,None,Evening,Urban,Chocolate,127,6350
2024-12-19,12,Winter,24.50278827366861,Weekday,None,Evening,Urban,Strawberry,98,4410
2024-12-19,12,Winter,24.50278827366861,Weekday,None,Evening,Urban,Butterscotch,157,8635
2024-12-19,12,Winter,24.50278827366861,Weekday,None,Evening,Urban,Coffee,107,6420
2024-12-20,12,Winter,23.816540953372495,Weekday,None,Evening,Urban,Vanilla,132,5280
2024-12-20,12,Winter,23.816540953372495,Weekday,None,Evening,Urban,Chocolate,172,8600
2024-12-20,12,Winter,23.816540953372495,Weekday,None,Evening,Urban,Strawberry,142,6390
2024-12-20,12,Winter,23.816540953372495,Weekday,None,Evening,Urban,Butterscotch,161,8855
2024-12-20,12,Winter,23.816540953372495,Weekday,None,Evening,Urban,Coffee,108,6480
2024-12-21,12,Winter,21.596140435681743,Weekend,None,Afternoon,Rural,Vanilla,91,3640
2024-12-21,12,Winter,21.596140435681743,Weekend,None,Afternoon,Rural,Chocolate,104,5200
2024-12-21,12,Winter,21.596140435681743,Weekend,None,Afternoon,Rural,Strawberry,96,4320
2024-12-21,12,Winter,21.596140435681743,Weekend,None,Afternoon,Rural,Butterscotch,89,4895
2024-12-21,12,Winter,21.596140435681743,Weekend,None,Afternoon,Rural,Coffee,83,4980
2024-12-22,12,Winter,21.99513484910986,Weekend,None,Evening,Urban,Vanilla,143,5720
2024-12-22,12,Winter,21.99513484910986,Weekend,None,Evening,Urban,Chocolate,162,8100
2024-12-22,12,Winter,21.99513484910986,Weekend,None,Evening,Urban,Strawberry,129,5805
2024-12-22,12,Winter,21.99513484910986,Weekend,None,Evening,Urban,Butterscotch,174,9570
2024-12-22,12,Winter,21.99513484910986,Weekend,None,Evening,Urban,Coffee,106,6360
2024-12-23,12,Winter,23.23343059995893,Weekday,None,Evening,Rural,Vanilla,90,3600
2024-12-23,12,Winter,23.23343059995893,Weekday,None,Evening,Rural,Chocolate,121,6050
2024-12-23,12,Winter,23.23343059995893,Weekday,None,Evening,Rural,Strawberry,87,3915
2024-12-23,12,Winter,23.23343059995893,Weekday,None,Evening,Rural,Butterscotch,119,6545
2024-12-23,12,Winter,23.23343059995893,Weekday,None,Evening,Rural,Coffee,92,5520
2024-12-24,12,Winter,26.193532921094494,Weekday,None,Morning,Urban,Vanilla,126,5040
2024-12-24,12,Winter,26.193532921094494,Weekday,None,Morning,Urban,Chocolate,125,6250
2024-12-24,12,Winter,26.193532921094494,Weekday,None,Morning,Urban,Strawberry,127,5715
2024-12-24,12,Winter,26.193532921094494,Weekday,None,Morning,Urban,Butterscotch,115,6325
2024-12-24,12,Winter,26.193532921094494,Weekday,None,Morning,Urban,Coffee,97,5820
2024-12-25,12,Winter,24.106031834588222,Weekday,Summer Vacation,Evening,Rural,Vanilla,136,5440
2024-12-25,12,Winter,24.106031834588222,Weekday,Summer Vacation,Evening,Rural,Chocolate,180,9000
2024-12-25,12,Winter,24.106031834588222,Weekday,Summer Vacation,Evening,Rural,Strawberry,110,4950
2024-12-25,12,Winter,24.106031834588222,Weekday,Summer Vacation,Evening,Rural,Butterscotch,173,9515
2024-12-25,12,Winter,24.106031834588222,Weekday,Summer Vacation,Evening,Rural,Coffee,108,6480
2024-12-26,12,Winter,25.772839337729952,Weekday,Holi,Afternoon,Urban,Vanilla,134,5360
2024-12-26,12,Winter,25.772839337729952,Weekday,Holi,Afternoon,Urban,Chocolate,182,9100
2024-12-26,12,Winter,25.772839337729952,Weekday,Holi,Afternoon,Urban,Strawberry,124,5580
2024-12-26,12,Winter,25.772839337729952,Weekday,Holi,Afternoon,Urban,Butterscotch,145,7975
2024-12-26,12,Winter,25.772839337729952,Weekday,Holi,Afternoon,Urban,Coffee,104,6240
2024-12-27,12,Winter,20.00260038969469,Weekday,Summer Vacation,Night,Urban,Vanilla,140,5600
2024-12-27,12,Winter,20.00260038969469,Weekday,Summer Vacation,Night,Urban,Chocolate,124,6200
2024-12-27,12,Winter,20.00260038969469,Weekday,Summer Vacation,Night,Urban,Strawberry,118,5310
2024-12-27,12,Winter,20.00260038969469,Weekday,Summer Vacation,Night,Urban,Butterscotch,136,7480
2024-12-27,12,Winter,20.00260038969469,Weekday,Summer Vacation,Night,Urban,Coffee,124,7440
2024-12-28,12,Winter,19.181304498238127,Weekend,None,Night,Rural,Vanilla,55,2200
2024-12-28,12,Winter,19.181304498238127,Weekend,None,Night,Rural,Chocolate,93,4650
2024-12-28,12,Winter,19.181304498238127,Weekend,None,Night,Rural,Strawberry,85,3825
2024-12-28,12,Winter,19.181304498238127,Weekend,None,Night,Rural,Butterscotch,112,6160
2024-12-28,12,Winter,19.181304498238127,Weekend,None,Night,Rural,Coffee,43,2580
2024-12-29,12,Winter,20.96545074278038,Weekend,None,Night,Urban,Vanilla,147,5880
2024-12-29,12,Winter,20.96545074278038,Weekend,None,Night,Urban,Chocolate,160,8000
2024-12-29,12,Winter,20.96545074278038,Weekend,None,Night,Urban,Strawberry,94,4230
2024-12-29,12,Winter,20.96545074278038,Weekend,None,Night,Urban,Butterscotch,116,6380
2024-12-29,12,Winter,20.96545074278038,Weekend,None,Night,Urban,Coffee,86,5160
2024-12-30,12,Winter,18.637309078695523,Weekday,None,Evening,Urban,Vanilla,90,3600
2024-12-30,12,Winter,18.637309078695523,Weekday,None,Evening,Urban,Chocolate,127,6350
2024-12-30,12,Winter,18.637309078695523,Weekday,None,Evening,Urban,Strawberry,106,4770
2024-12-30,12,Winter,18.637309078695523,Weekday,None,Evening,Urban,Butterscotch,135,7425
2024-12-30,12,Winter,18.637309078695523,Weekday,None,Evening,Urban,Coffee,94,5640
2024-12-31,12,Winter,24.316689800449875,Weekday,None,Evening,Rural,Vanilla,101,4040
2024-12-31,12,Winter,24.316689800449875,Weekday,None,Evening,Rural,Chocolate,120,6000
2024-12-31,12,Winter,24.316689800449875,Weekday,None,Evening,Rural,Strawberry,115,5175
2024-12-31,12,Winter,24.316689800449875,Weekday,None,Evening,Rural,Butterscotch,136,7480
2024-12-31,12,Winter,24.316689800449875,Weekday,None,Evening,Rural,Coffee,90,5400
2025-01-01,1,Winter,19.299519316379012,Weekday,Holi,Night,Urban,Vanilla,116,4640
2025-01-01,1,Winter,19.299519316379012,Weekday,Holi,Night,Urban,Chocolate,136,6800
2025-01-01,1,Winter,19.299519316379012,Weekday,Holi,Night,Urban,Strawberry,95,4275
2025-01-01,1,Winter,19.299519316379012,Weekday,Holi,Night,Urban,Butterscotch,145,7975
2025-01-01,1,Winter,19.299519316379012,Weekday,Holi,Night,Urban,Coffee,132,7920
2025-01-02,1,Winter,20.331939933525593,Weekday,None,Evening,Urban,Vanilla,113,4520
2025-01-02,1,Winter,20.331939933525593,Weekday,None,Evening,Urban,Chocolate,144,7200
2025-01-02,1,Winter,20.331939933525593,Weekday,None,Evening,Urban,Strawberry,118,5310
2025-01-02,1,Winter,20.331939933525593,Weekday,None,Evening,Urban,Butterscotch,134,7370
2025-01-02,1,Winter,20.331939933525593,Weekday,None,Evening,Urban,Coffee,94,5640
2025-01-03,1,Winter,25.53100191037101,Weekday,None,Evening,Urban,Vanilla,116,4640
2025-01-03,1,Winter,25.53100191037101,Weekday,None,Evening,Urban,Chocolate,161,8050
2025-01-03,1,Winter,25.53100191037101,Weekday,None,Evening,Urban,Strawberry,126,5670
2025-01-03,1,Winter,25.53100191037101,Weekday,None,Evening,Urban,Butterscotch,143,7865
2025-01-03,1,Winter,25.53100191037101,Weekday,None,Evening,Urban,Coffee,78,4680
2025-01-04,1,Winter,19.0622430009869,Weekend,None,Morning,Urban,Vanilla,107,4280
2025-01-04,1,Winter,19.0622430009869,Weekend,None,Morning,Urban,Chocolate,148,7400
2025-01-04,1,Winter,19.0622430009869,Weekend,None,Morning,Urban,Strawberry,71,3195
2025-01-04,1,Winter,19.0622430009869,Weekend,None,Morning,Urban,Butterscotch,105,5775
2025-01-04,1,Winter,19.0622430009869,Weekend,None,Morning,Urban,Coffee,110,6600
2025-01-05,1,Winter,20.694583756113897,Weekend,None,Evening,Urban,Vanilla,122,4880
2025-01-05,1,Winter,20.694583756113897,Weekend,None,Evening,Urban,Chocolate,159,7950
2025-01-05,1,Winter,20.694583756113897,Weekend,None,Evening,Urban,Strawberry,122,5490
2025-01-05,1,Winter,20.694583756113897,Weekend,None,Evening,Urban,Butterscotch,155,8525
2025-01-05,1,Winter,20.694583756113897,Weekend,None,Evening,Urban,Coffee,130,7800
2025-01-06,1,Winter,27.27607851086459,Weekday,None,Afternoon,Urban,Vanilla,139,5560
2025-01-06,1,Winter,27.27607851086459,Weekday,None,Afternoon,Urban,Chocolate,120,6000
2025-01-06,1,Winter,27.27607851086459,Weekday,None,Afternoon,Urban,Strawberry,110,4950
2025-01-06,1,Winter,27.27607851086459,Weekday,None,Afternoon,Urban,Butterscotch,119,6545
2025-01-06,1,Winter,27.27607851086459,Weekday,None,Afternoon,Urban,Coffee,60,3600
2025-01-07,1,Winter,27.361719893814005,Weekday,None,Evening,Urban,Vanilla,135,5400
2025-01-07,1,Winter,27.361719893814005,Weekday,None,Evening,Urban,Chocolate,155,7750
2025-01-07,1,Winter,27.361719893814005,Weekday,None,Evening,Urban,Strawberry,110,4950
2025-01-07,1,Winter,27.361719893814005,Weekday,None,Evening,Urban,Butterscotch,129,7095
2025-01-07,1,Winter,27.361719893814005,Weekday,None,Evening,Urban,Coffee,104,6240
2025-01-08,1,Winter,22.26131865791791,Weekday,None,Evening,Rural,Vanilla,86,3440
2025-01-08,1,Winter,22.26131865791791,Weekday,None,Evening,Rural,Chocolate,125,6250
2025-01-08,1,Winter,22.26131865791791,Weekday,None,Evening,Rural,Strawberry,53,2385
2025-01-08,1,Winter,22.26131865791791,Weekday,None,Evening,Rural,Butterscotch,118,6490
2025-01-08,1,Winter,22.26131865791791,Weekday,None,Evening,Rural,Coffee,87,5220
2025-01-09,1,Winter,22.06036338874258,Weekday,None,Morning,Urban,Vanilla,109,4360
2025-01-09,1,Winter,22.06036338874258,Weekday,None,Morning,Urban,Chocolate,109,5450
2025-01-09,1,Winter,22.06036338874258,Weekday,None,Morning,Urban,Strawberry,63,2835
2025-01-09,1,Winter,22.06036338874258,Weekday,None,Morning,Urban,Butterscotch,85,4675
2025-01-09,1,Winter,22.06036338874258,Weekday,None,Morning,Urban,Coffee,88,5280
2025-01-10,1,Winter,21.15224985064905,Weekday,None,Night,Urban,Vanilla,87,3480
2025-01-10,1,Winter,21.15224985064905,Weekday,None,Night,Urban,Chocolate,114,5700
2025-01-10,1,Winter,21.15224985064905,Weekday,None,Night,Urban,Strawberry,68,3060
2025-01-10,1,Winter,21.15224985064905,Weekday,None,Night,Urban,Butterscotch,109,5995
2025-01-10,1,Winter,21.15224985064905,Weekday,None,Night,Urban,Coffee,87,5220
2025-01-11,1,Winter,23.603041640361354,Weekend,None,Evening,Rural,Vanilla,99,3960
2025-01-11,1,Winter,23.603041640361354,Weekend,None,Evening,Rural,Chocolate,126,6300
2025-01-11,1,Winter,23.603041640361354,Weekend,None,Evening,Rural,Strawberry,141,6345
2025-01-11,1,Winter,23.603041640361354,Weekend,None,Evening,Rural,Butterscotch,154,8470
2025-01-11,1,Winter,23.603041640361354,Weekend,None,Evening,Rural,Coffee,107,6420
2025-01-12,1,Winter,21.623618382543487,Weekend,None,Afternoon,Rural,Vanilla,69,2760
2025-01-12,1,Winter,21.623618382543487,Weekend,None,Afternoon,Rural,Chocolate,103,5150
2025-01-12,1,Winter,21.623618382543487,Weekend,None,Afternoon,Rural,Strawberry,65,2925
2025-01-12,1,Winter,21.623618382543487,Weekend,None,Afternoon,Rural,Butterscotch,91,5005
2025-01-12,1,Winter,21.623618382543487,Weekend,None,Afternoon,Rural,Coffee,55,3300
2025-01-13,1,Winter,20.65327483806098,Weekday,None,Evening,Urban,Vanilla,115,4600
2025-01-13,1,Winter,20.65327483806098,Weekday,None,Evening,Urban,Chocolate,157,7850
2025-01-13,1,Winter,20.65327483806098,Weekday,None,Evening,Urban,Strawberry,98,4410
2025-01-13,1,Winter,20.65327483806098,Weekday,None,Evening,Urban,Butterscotch,141,7755
2025-01-13,1,Winter,20.65327483806098,Weekday,None,Evening,Urban,Coffee,94,5640
2025-01-14,1,Winter,19.649650777298817,Weekday,None,Evening,Rural,Vanilla,122,4880
2025-01-14,1,Winter,19.649650777298817,Weekday,None,Evening,Rural,Chocolate,120,6000
2025-01-14,1,Winter,19.649650777298817,Weekday,None,Evening,Rural,Strawberry,81,3645
2025-01-14,1,Winter,19.649650777298817,Weekday,None,Evening,Rural,Butterscotch,124,6820
2025-01-14,1,Winter,19.649650777298817,Weekday,None,Evening,Rural,Coffee,71,4260
2025-01-15,1,Winter,22.098320912667344,Weekday,None,Morning,Urban,Vanilla,96,3840
2025-01-15,1,Winter,22.098320912667344,Weekday,None,Morning,Urban,Chocolate,112,5600
2025-01-15,1,Winter,22.098320912667344,Weekday,None,Morning,Urban,Strawberry,88,3960
2025-01-15,1,Winter,22.098320912667344,Weekday,None,Morning,Urban,Butterscotch,119,6545
2025-01-15,1,Winter,22.098320912667344,Weekday,None,Morning,Urban,Coffee,80,4800
2025-01-16,1,Winter,20.285648186037246,Weekday,None,Afternoon,Rural,Vanilla,80,3200
2025-01-16,1,Winter,20.285648186037246,Weekday,None,Afternoon,Rural,Chocolate,83,4150
2025-01-16,1,Winter,20.285648186037246,Weekday,None,Afternoon,Rural,Strawberry,66,2970
2025-01-16,1,Winter,20.285648186037246,Weekday,None,Afternoon,Rural,Butterscotch,57,3135
2025-01-16,1,Winter,20.285648186037246,Weekday,None,Afternoon,Rural,Coffee,55,3300
2025-01-17,1,Winter,15.516088341092914,Weekday,None,Evening,Rural,Vanilla,88,3520
2025-01-17,1,Winter,15.516088341092914,Weekday,None,Evening,Rural,Chocolate,98,4900
2025-01-17,1,Winter,15.516088341092914,Weekday,None,Evening,Rural,Strawberry,70,3150
2025-01-17,1,Winter,15.516088341092914,Weekday,None,Evening,Rural,Butterscotch,64,3520
2025-01-17,1,Winter,15.516088341092914,Weekday,None,Evening,Rural,Coffee,50,3000
2025-01-18,1,Winter,25.36639696669143,Weekend,None,Evening,Rural,Vanilla,137,5480
2025-01-18,1,Winter,25.36639696669143,Weekend,None,Evening,Rural,Chocolate,171,8550
2025-01-18,1,Winter,25.36639696669143,Weekend,None,Evening,Rural,Strawberry,123,5535
2025-01-18,1,Winter,25.36639696669143,Weekend,None,Evening,Rural,Butterscotch,121,6655
2025-01-18,1,Winter,25.36639696669143,Weekend,None,Evening,Rural,Coffee,104,6240
2025-01-19,1,Winter,20.2302538112502,Weekend,None,Afternoon,Urban,Vanilla,115,4600
2025-01-19,1,Winter,20.2302538112502,Weekend,None,Afternoon,Urban,Chocolate,157,7850
2025-01-19,1,Winter,20.2302538112502,Weekend,None,Afternoon,Urban,Strawberry,85,3825
2025-01-19,1,Winter,20.2302538112502,Weekend,None,Afternoon,Urban,Butterscotch,90,4950
2025-01-19,1,Winter,20.2302538112502,Weekend,None,Afternoon,Urban,Coffee,88,5280
2025-01-20,1,Winter,20.86779710783955,Weekday,Summer Vacation,Evening,Rural,Vanilla,129,5160
2025-01-20,1,Winter,20.86779710783955,Weekday,Summer Vacation,Evening,Rural,Chocolate,147,7350
2025-01-20,1,Winter,20.86779710783955,Weekday,Summer Vacation,Evening,Rural,Strawberry,145,6525
2025-01-20,1,Winter,20.86779710783955,Weekday,Summer Vacation,Evening,Rural,Butterscotch,161,8855
2025-01-20,1,Winter,20.86779710783955,Weekday,Summer Vacation,Evening,Rural,Coffee,118,7080
2025-01-21,1,Winter,21.64102329258055,Weekday,None,Morning,Urban,Vanilla,117,4680
2025-01-21,1,Winter,21.64102329258055,Weekday,None,Morning,Urban,Chocolate,94,4700
2025-01-21,1,Winter,21.64102329258055,Weekday,None,Morning,Urban,Strawberry,92,4140
2025-01-21,1,Winter,21.64102329258055,Weekday,None,Morning,Urban,Butterscotch,109,5995
2025-01-21,1,Winter,21.64102329258055,Weekday,None,Morning,Urban,Coffee,81,4860
2025-01-22,1,Winter,21.083223197456753,Weekday,None,Afternoon,Rural,Vanilla,65,2600
2025-01-22,1,Winter,21.083223197456753,Weekday,None,Afternoon,Rural,Chocolate,58,2900
2025-01-22,1,Winter,21.083223197456753,Weekday,None,Afternoon,Rural,Strawberry,58,2610
2025-01-22,1,Winter,21.083223197456753,Weekday,None,Afternoon,Rural,Butterscotch,84,4620
2025-01-22,1,Winter,21.083223197456753,Weekday,None,Afternoon,Rural,Coffee,81,4860
2025-01-23,1,Winter,18.406126112978015,Weekday,Christmas,Afternoon,Rural,Vanilla,88,3520
2025-01-23,1,Winter,18.406126112978015,Weekday,Christmas,Afternoon,Rural,Chocolate,100,5000
2025-01-23,1,Winter,18.406126112978015,Weekday,Christmas,Afternoon,Rural,Strawberry,85,3825
2025-01-23,1,Winter,18.406126112978015,Weekday,Christmas,Afternoon,Rural,Butterscotch,99,5445
2025-01-23,1,Winter,18.406126112978015,Weekday,Christmas,Afternoon,Rural,Coffee,68,4080
2025-01-24,1,Winter,20.480999312406322,Weekday,None,Evening,Urban,Vanilla,136,5440
2025-01-24,1,Winter,20.480999312406322,Weekday,None,Evening,Urban,Chocolate,147,7350
2025-01-24,1,Winter,20.480999312406322,Weekday,None,Evening,Urban,Strawberry,105,4725
2025-01-24,1,Winter,20.480999312406322,Weekday,None,Evening,Urban,Butterscotch,137,7535
2025-01-24,1,Winter,20.480999312406322,Weekday,None,Evening,Urban,Coffee,101,6060
2025-01-25,1,Winter,22.876506484621977,Weekend,None,Night,Urban,Vanilla,120,4800
2025-01-25,1,Winter,22.876506484621977,Weekend,None,Night,Urban,Chocolate,135,6750
2025-01-25,1,Winter,22.876506484621977,Weekend,None,Night,Urban,Strawberry,119,5355
2025-01-25,1,Winter,22.876506484621977,Weekend,None,Night,Urban,Butterscotch,133,7315
2025-01-25,1,Winter,22.876506484621977,Weekend,None,Night,Urban,Coffee,74,4440
2025-01-26,1,Winter,25.109154903791634,Weekend,None,Afternoon,Urban,Vanilla,123,4920
2025-01-26,1,Winter,25.109154903791634,Weekend,None,Afternoon,Urban,Chocolate,146,7300
2025-01-26,1,Winter,25.109154903791634,Weekend,None,Afternoon,Urban,Strawberry,103,4635
2025-01-26,1,Winter,25.109154903791634,Weekend,None,Afternoon,Urban,Butterscotch,160,8800
2025-01-26,1,Winter,25.109154903791634,Weekend,None,Afternoon,Urban,Coffee,78,4680
2025-01-27,1,Winter,22.34342817645634,Weekday,None,Night,Urban,Vanilla,95,3800
2025-01-27,1,Winter,22.34342817645634,Weekday,None,Night,Urban,Chocolate,106,5300
2025-01-27,1,Winter,22.34342817645634,Weekday,None,Night,Urban,Strawberry,80,3600
2025-01-27,1,Winter,22.34342817645634,Weekday,None,Night,Urban,Butterscotch,106,5830
2025-01-27,1,Winter,22.34342817645634,Weekday,None,Night,Urban,Coffee,75,4500
2025-01-28,1,Winter,21.278904905101882,Weekday,Summer Vacation,Afternoon,Urban,Vanilla,115,4600
2025-01-28,1,Winter,21.278904905101882,Weekday,Summer Vacation,Afternoon,Urban,Chocolate,148,7400
2025-01-28,1,Winter,21.278904905101882,Weekday,Summer Vacation,Afternoon,Urban,Strawberry,127,5715
2025-01-28,1,Winter,21.278904905101882,Weekday,Summer Vacation,Afternoon,Urban,Butterscotch,139,7645
2025-01-28,1,Winter,21.278904905101882,Weekday,Summer Vacation,Afternoon,Urban,Coffee,109,6540
2025-01-29,1,Winter,20.12268086880467,Weekday,None,Evening,Urban,Vanilla,123,4920
2025-01-29,1,Winter,20.12268086880467,Weekday,None,Evening,Urban,Chocolate,142,7100
2025-01-29,1,Winter,20.12268086880467,Weekday,None,Evening,Urban,Strawberry,119,5355
2025-01-29,1,Winter,20.12268086880467,Weekday,None,Evening,Urban,Butterscotch,130,7150
2025-01-29,1,Winter,20.12268086880467,Weekday,None,Evening,Urban,Coffee,112,6720
2025-01-30,1,Winter,24.258544993600815,Weekday,None,Afternoon,Rural,Vanilla,72,2880
2025-01-30,1,Winter,24.258544993600815,Weekday,None,Afternoon,Rural,Chocolate,114,5700
2025-01-30,1,Winter,24.258544993600815,Weekday,None,Afternoon,Rural,Strawberry,42,1890
2025-01-30,1,Winter,24.258544993600815,Weekday,None,Afternoon,Rural,Butterscotch,75,4125
2025-01-30,1,Winter,24.258544993600815,Weekday,None,Afternoon,Rural,Coffee,60,3600
2025-01-31,1,Winter,23.237067907257845,Weekday,None,Afternoon,Urban,Vanilla,123,4920
2025-01-31,1,Winter,23.237067907257845,Weekday,None,Afternoon,Urban,Chocolate,137,6850
2025-01-31,1,Winter,23.237067907257845,Weekday,None,Afternoon,Urban,Strawberry,78,3510
2025-01-31,1,Winter,23.237067907257845,Weekday,None,Afternoon,Urban,Butterscotch,125,6875
2025-01-31,1,Winter,23.237067907257845,Weekday,None,Afternoon,Urban,Coffee,81,4860
2025-02-01,2,Winter,17.288755525483044,Weekend,None,Evening,Rural,Vanilla,110,4400
2025-02-01,2,Winter,17.288755525483044,Weekend,None,Evening,Rural,Chocolate,105,5250
2025-02-01,2,Winter,17.288755525483044,Weekend,None,Evening,Rural,Strawberry,115,5175
2025-02-01,2,Winter,17.288755525483044,Weekend,None,Evening,Rural,Butterscotch,115,6325
2025-02-01,2,Winter,17.288755525483044,Weekend,None,Evening,Rural,Coffee,103,6180
2025-02-02,2,Winter,20.5593566976028,Weekend,None,Night,Urban,Vanilla,115,4600
2025-02-02,2,Winter,20.5593566976028,Weekend,None,Night,Urban,Chocolate,126,6300
2025-02-02,2,Winter,20.5593566976028,Weekend,None,Night,Urban,Strawberry,89,4005
2025-02-02,2,Winter,20.5593566976028,Weekend,None,Night,Urban,Butterscotch,140,7700
2025-02-02,2,Winter,20.5593566976028,Weekend,None,Night,Urban,Coffee,69,4140
2025-02-03,2,Winter,24.413738907212927,Weekday,None,Evening,Urban,Vanilla,145,5800
2025-02-03,2,Winter,24.413738907212927,Weekday,None,Evening,Urban,Chocolate,162,8100
2025-02-03,2,Winter,24.413738907212927,Weekday,None,Evening,Urban,Strawberry,104,4680
2025-02-03,2,Winter,24.413738907212927,Weekday,None,Evening,Urban,Butterscotch,174,9570
2025-02-03,2,Winter,24.413738907212927,Weekday,None,Evening,Urban,Coffee,121,7260
2025-02-04,2,Winter,21.636936906971307,Weekday,None,Night,Urban,Vanilla,105,4200
2025-02-04,2,Winter,21.636936906971307,Weekday,None,Night,Urban,Chocolate,107,5350
2025-02-04,2,Winter,21.636936906971307,Weekday,None,Night,Urban,Strawberry,55,2475
2025-02-04,2,Winter,21.636936906971307,Weekday,None,Night,Urban,Butterscotch,87,4785
2025-02-04,2,Winter,21.636936906971307,Weekday,None,Night,Urban,Coffee,71,4260
2025-02-05,2,Winter,21.682845925896707,Weekday,None,Afternoon,Rural,Vanilla,77,3080
2025-02-05,2,Winter,21.682845925896707,Weekday,None,Afternoon,Rural,Chocolate,111,5550
2025-02-05,2,Winter,21.682845925896707,Weekday,None,Afternoon,Rural,Strawberry,80,3600
2025-02-05,2,Winter,21.682845925896707,Weekday,None,Afternoon,Rural,Butterscotch,74,4070
2025-02-05,2,Winter,21.682845925896707,Weekday,None,Afternoon,Rural,Coffee,49,2940
2025-02-06,2,Winter,25.08881308425908,Weekday,None,Evening,Urban,Vanilla,165,6600
2025-02-06,2,Winter,25.08881308425908,Weekday,None,Evening,Urban,Chocolate,153,7650
2025-02-06,2,Winter,25.08881308425908,Weekday,None,Evening,Urban,Strawberry,115,5175
2025-02-06,2,Winter,25.08881308425908,Weekday,None,Evening,Urban,Butterscotch,154,8470
2025-02-06,2,Winter,25.08881308425908,Weekday,None,Evening,Urban,Coffee,123,7380
2025-02-07,2,Winter,20.602381173480143,Weekday,None,Evening,Rural,Vanilla,90,3600
2025-02-07,2,Winter,20.602381173480143,Weekday,None,Evening,Rural,Chocolate,93,4650
2025-02-07,2,Winter,20.602381173480143,Weekday,None,Evening,Rural,Strawberry,78,3510
2025-02-07,2,Winter,20.602381173480143,Weekday,None,Evening,Rural,Butterscotch,118,6490
2025-02-07,2,Winter,20.602381173480143,Weekday,None,Evening,Rural,Coffee,70,4200
2025-02-08,2,Winter,19.605381770925536,Weekend,Summer Vacation,Afternoon,Urban,Vanilla,159,6360
2025-02-08,2,Winter,19.605381770925536,Weekend,Summer Vacation,Afternoon,Urban,Chocolate,158,7900
2025-02-08,2,Winter,19.605381770925536,Weekend,Summer Vacation,Afternoon,Urban,Strawberry,143,6435
2025-02-08,2,Winter,19.605381770925536,Weekend,Summer Vacation,Afternoon,Urban,Butterscotch,157,8635
2025-02-08,2,Winter,19.605381770925536,Weekend,Summer Vacation,Afternoon,Urban,Coffee,102,6120
2025-02-09,2,Winter,23.755214033152242,Weekend,None,Afternoon,Rural,Vanilla,105,4200
2025-02-09,2,Winter,23.755214033152242,Weekend,None,Afternoon,Rural,Chocolate,120,6000
2025-02-09,2,Winter,23.755214033152242,Weekend,None,Afternoon,Rural,Strawberry,87,3915
2025-02-09,2,Winter,23.755214033152242,Weekend,None,Afternoon,Rural,Butterscotch,114,6270
2025-02-09,2,Winter,23.755214033152242,Weekend,None,Afternoon,Rural,Coffee,73,4380
2025-02-10,2,Winter,20.708716903597853,Weekday,None,Afternoon,Urban,Vanilla,122,4880
2025-02-10,2,Winter,20.708716903597853,Weekday,None,Afternoon,Urban,Chocolate,128,6400
2025-02-10,2,Winter,20.708716903597853,Weekday,None,Afternoon,Urban,Strawberry,72,3240
2025-02-10,2,Winter,20.708716903597853,Weekday,None,Afternoon,Urban,Butterscotch,88,4840
2025-02-10,2,Winter,20.708716903597853,Weekday,None,Afternoon,Urban,Coffee,77,4620
2025-02-11,2,Winter,22.92466393475194,Weekday,Summer Vacation,Evening,Rural,Vanilla,154,6160
2025-02-11,2,Winter,22.92466393475194,Weekday,Summer Vacation,Evening,Rural,Chocolate,198,9900
2025-02-11,2,Winter,22.92466393475194,Weekday,Summer Vacation,Evening,Rural,Strawberry,119,5355
2025-02-11,2,Winter,22.92466393475194,Weekday,Summer Vacation,Evening,Rural,Butterscotch,147,8085
2025-02-11,2,Winter,22.92466393475194,Weekday,Summer Vacation,Evening,Rural,Coffee,102,6120
2025-02-12,2,Winter,20.531757296516737,Weekday,None,Evening,Urban,Vanilla,80,3200
2025-02-12,2,Winter,20.531757296516737,Weekday,None,Evening,Urban,Chocolate,143,7150
2025-02-12,2,Winter,20.531757296516737,Weekday,None,Evening,Urban,Strawberry,98,4410
2025-02-12,2,Winter,20.531757296516737,Weekday,None,Evening,Urban,Butterscotch,128,7040
2025-02-12,2,Winter,20.531757296516737,Weekday,None,Evening,Urban,Coffee,81,4860
2025-02-13,2,Winter,24.363236623934295,Weekday,None,Afternoon,Urban,Vanilla,135,5400
2025-02-13,2,Winter,24.363236623934295,Weekday,None,Afternoon,Urban,Chocolate,129,6450
2025-02-13,2,Winter,24.363236623934295,Weekday,None,Afternoon,Urban,Strawberry,101,4545
2025-02-13,2,Winter,24.363236623934295,Weekday,None,Afternoon,Urban,Butterscotch,82,4510
2025-02-13,2,Winter,24.363236623934295,Weekday,None,Afternoon,Urban,Coffee,94,5640
2025-02-14,2,Winter,24.62981763952654,Weekday,None,Night,Urban,Vanilla,99,3960
2025-02-14,2,Winter,24.62981763952654,Weekday,None,Night,Urban,Chocolate,122,6100
2025-02-14,2,Winter,24.62981763952654,Weekday,None,Night,Urban,Strawberry,94,4230
2025-02-14,2,Winter,24.62981763952654,Weekday,None,Night,Urban,Butterscotch,108,5940
2025-02-14,2,Winter,24.62981763952654,Weekday,None,Night,Urban,Coffee,120,7200
2025-02-15,2,Winter,21.06927382544222,Weekend,None,Evening,Rural,Vanilla,109,4360
2025-02-15,2,Winter,21.06927382544222,Weekend,None,Evening,Rural,Chocolate,144,7200
2025-02-15,2,Winter,21.06927382544222,Weekend,None,Evening,Rural,Strawberry,100,4500
2025-02-15,2,Winter,21.06927382544222,Weekend,None,Evening,Rural,Butterscotch,142,7810
2025-02-15,2,Winter,21.06927382544222,Weekend,None,Evening,Rural,Coffee,117,7020
2025-02-16,2,Winter,13.594265291536326,Weekend,None,Afternoon,Urban,Vanilla,97,3880
2025-02-16,2,Winter,13.594265291536326,Weekend,None,Afternoon,Urban,Chocolate,83,4150
2025-02-16,2,Winter,13.594265291536326,Weekend,None,Afternoon,Urban,Strawberry,93,4185
2025-02-16,2,Winter,13.594265291536326,Weekend,None,Afternoon,Urban,Butterscotch,120,6600
2025-02-16,2,Winter,13.594265291536326,Weekend,None,Afternoon,Urban,Coffee,69,4140
2025-02-17,2,Winter,20.493412624828515,Weekday,None,Afternoon,Urban,Vanilla,79,3160
2025-02-17,2,Winter,20.493412624828515,Weekday,None,Afternoon,Urban,Chocolate,115,5750
2025-02-17,2,Winter,20.493412624828515,Weekday,None,Afternoon,Urban,Strawberry,74,3330
2025-02-17,2,Winter,20.493412624828515,Weekday,None,Afternoon,Urban,Butterscotch,103,5665
2025-02-17,2,Winter,20.493412624828515,Weekday,None,Afternoon,Urban,Coffee,86,5160
2025-02-18,2,Winter,18.318957768134393,Weekday,None,Evening,Urban,Vanilla,104,4160
2025-02-18,2,Winter,18.318957768134393,Weekday,None,Evening,Urban,Chocolate,131,6550
2025-02-18,2,Winter,18.318957768134393,Weekday,None,Evening,Urban,Strawberry,59,2655
2025-02-18,2,Winter,18.318957768134393,Weekday,None,Evening,Urban,Butterscotch,116,6380
2025-02-18,2,Winter,18.318957768134393,Weekday,None,Evening,Urban,Coffee,96,5760
2025-02-19,2,Winter,20.354305148328624,Weekday,None,Afternoon,Urban,Vanilla,87,3480
2025-02-19,2,Winter,20.354305148328624,Weekday,None,Afternoon,Urban,Chocolate,108,5400
2025-02-19,2,Winter,20.354305148328624,Weekday,None,Afternoon,Urban,Strawberry,104,4680
2025-02-19,2,Winter,20.354305148328624,Weekday,None,Afternoon,Urban,Butterscotch,91,5005
2025-02-19,2,Winter,20.354305148328624,Weekday,None,Afternoon,Urban,Coffee,69,4140
2025-02-20,2,Winter,16.896578577198277,Weekday,Summer Vacation,Night,Urban,Vanilla,121,4840
2025-02-20,2,Winter,16.896578577198277,Weekday,Summer Vacation,Night,Urban,Chocolate,136,6800
2025-02-20,2,Winter,16.896578577198277,Weekday,Summer Vacation,Night,Urban,Strawberry,82,3690
2025-02-20,2,Winter,16.896578577198277,Weekday,Summer Vacation,Night,Urban,Butterscotch,122,6710
2025-02-20,2,Winter,16.896578577198277,Weekday,Summer Vacation,Night,Urban,Coffee,103,6180
2025-02-21,2,Winter,21.514960218356514,Weekday,None,Evening,Rural,Vanilla,96,3840
2025-02-21,2,Winter,21.514960218356514,Weekday,None,Evening,Rural,Chocolate,122,6100
2025-02-21,2,Winter,21.514960218356514,Weekday,None,Evening,Rural,Strawberry,112,5040
2025-02-21,2,Winter,21.514960218356514,Weekday,None,Evening,Rural,Butterscotch,115,6325
2025-02-21,2,Winter,21.514960218356514,Weekday,None,Evening,Rural,Coffee,99,5940
2025-02-22,2,Winter,23.820827825159913,Weekend,None,Evening,Urban,Vanilla,123,4920
2025-02-22,2,Winter,23.820827825159913,Weekend,None,Evening,Urban,Chocolate,203,10150
2025-02-22,2,Winter,23.820827825159913,Weekend,None,Evening,Urban,Strawberry,128,5760
2025-02-22,2,Winter,23.820827825159913,Weekend,None,Evening,Urban,Butterscotch,169,9295
2025-02-22,2,Winter,23.820827825159913,Weekend,None,Evening,Urban,Coffee,117,7020
2025-02-23,2,Winter,20.78041922469052,Weekend,Summer Vacation,Evening,Urban,Vanilla,175,7000
2025-02-23,2,Winter,20.78041922469052,Weekend,Summer Vacation,Evening,Urban,Chocolate,215,10750
2025-02-23,2,Winter,20.78041922469052,Weekend,Summer Vacation,Evening,Urban,Strawberry,165,7425
2025-02-23,2,Winter,20.78041922469052,Weekend,Summer Vacation,Evening,Urban,Butterscotch,179,9845
2025-02-23,2,Winter,20.78041922469052,Weekend,Summer Vacation,Evening,Urban,Coffee,117,7020
2025-02-24,2,Winter,23.87677390751968,Weekday,None,Afternoon,Urban,Vanilla,123,4920
2025-02-24,2,Winter,23.87677390751968,Weekday,None,Afternoon,Urban,Chocolate,96,4800
2025-02-24,2,Winter,23.87677390751968,Weekday,None,Afternoon,Urban,Strawberry,81,3645
2025-02-24,2,Winter,23.87677390751968,Weekday,None,Afternoon,Urban,Butterscotch,123,6765
2025-02-24,2,Winter,23.87677390751968,Weekday,None,Afternoon,Urban,Coffee,92,5520
2025-02-25,2,Winter,20.600652424279392,Weekday,None,Afternoon,Urban,Vanilla,88,3520
2025-02-25,2,Winter,20.600652424279392,Weekday,None,Afternoon,Urban,Chocolate,109,5450
2025-02-25,2,Winter,20.600652424279392,Weekday,None,Afternoon,Urban,Strawberry,87,3915
2025-02-25,2,Winter,20.600652424279392,Weekday,None,Afternoon,Urban,Butterscotch,108,5940
2025-02-25,2,Winter,20.600652424279392,Weekday,None,Afternoon,Urban,Coffee,68,4080
2025-02-26,2,Winter,29.59110900592507,Weekday,None,Afternoon,Urban,Vanilla,115,4600
2025-02-26,2,Winter,29.59110900592507,Weekday,None,Afternoon,Urban,Chocolate,116,5800
2025-02-26,2,Winter,29.59110900592507,Weekday,None,Afternoon,Urban,Strawberry,122,5490
2025-02-26,2,Winter,29.59110900592507,Weekday,None,Afternoon,Urban,Butterscotch,141,7755
2025-02-26,2,Winter,29.59110900592507,Weekday,None,Afternoon,Urban,Coffee,98,5880
2025-02-27,2,Winter,22.120991202667433,Weekday,None,Afternoon,Rural,Vanilla,44,1760
2025-02-27,2,Winter,22.120991202667433,Weekday,None,Afternoon,Rural,Chocolate,109,5450
2025-02-27,2,Winter,22.120991202667433,Weekday,None,Afternoon,Rural,Strawberry,79,3555
2025-02-27,2,Winter,22.120991202667433,Weekday,None,Afternoon,Rural,Butterscotch,58,3190
2025-02-27,2,Winter,22.120991202667433,Weekday,None,Afternoon,Rural,Coffee,40,2400
2025-02-28,2,Winter,18.85923474967928,Weekday,Diwali,Afternoon,Urban,Vanilla,131,5240
2025-02-28,2,Winter,18.85923474967928,Weekday,Diwali,Afternoon,Urban,Chocolate,144,7200
2025-02-28,2,Winter,18.85923474967928,Weekday,Diwali,Afternoon,Urban,Strawberry,116,5220
2025-02-28,2,Winter,18.85923474967928,Weekday,Diwali,Afternoon,Urban,Butterscotch,113,6215
2025-02-28,2,Winter,18.85923474967928,Weekday,Diwali,Afternoon,Urban,Coffee,103,6180
2025-03-01,3,Summer,39.91737729043548,Weekend,None,Night,Urban,Vanilla,219,8760
2025-03-01,3,Summer,39.91737729043548,Weekend,None,Night,Urban,Chocolate,253,12650
2025-03-01,3,Summer,39.91737729043548,Weekend,None,Night,Urban,Strawberry,189,8505
2025-03-01,3,Summer,39.91737729043548,Weekend,None,Night,Urban,Butterscotch,219,12045
2025-03-01,3,Summer,39.91737729043548,Weekend,None,Night,Urban,Coffee,163,9780
2025-03-02,3,Summer,38.006550772511105,Weekend,None,Afternoon,Rural,Vanilla,158,6320
2025-03-02,3,Summer,38.006550772511105,Weekend,None,Afternoon,Rural,Chocolate,197,9850
2025-03-02,3,Summer,38.006550772511105,Weekend,None,Afternoon,Rural,Strawberry,141,6345
2025-03-02,3,Summer,38.006550772511105,Weekend,None,Afternoon,Rural,Butterscotch,190,10450
2025-03-02,3,Summer,38.006550772511105,Weekend,None,Afternoon,Rural,Coffee,174,10440
2025-03-03,3,Summer,36.79377122168045,Weekday,None,Morning,Rural,Vanilla,160,6400
2025-03-03,3,Summer,36.79377122168045,Weekday,None,Morning,Rural,Chocolate,200,10000
2025-03-03,3,Summer,36.79377122168045,Weekday,None,Morning,Rural,Strawberry,145,6525
2025-03-03,3,Summer,36.79377122168045,Weekday,None,Morning,Rural,Butterscotch,158,8690
2025-03-03,3,Summer,36.79377122168045,Weekday,None,Morning,Rural,Coffee,106,6360
2025-03-04,3,Summer,33.619092694372334,Weekday,Summer Vacation,Evening,Rural,Vanilla,213,8520
2025-03-04,3,Summer,33.619092694372334,Weekday,Summer Vacation,Evening,Rural,Chocolate,275,13750
2025-03-04,3,Summer,33.619092694372334,Weekday,Summer Vacation,Evening,Rural,Strawberry,186,8370
2025-03-04,3,Summer,33.619092694372334,Weekday,Summer Vacation,Evening,Rural,Butterscotch,249,13695
2025-03-04,3,Summer,33.619092694372334,Weekday,Summer Vacation,Evening,Rural,Coffee,147,8820
2025-03-05,3,Summer,38.39223003773639,Weekday,None,Evening,Urban,Vanilla,207,8280
2025-03-05,3,Summer,38.39223003773639,Weekday,None,Evening,Urban,Chocolate,269,13450
2025-03-05,3,Summer,38.39223003773639,Weekday,None,Evening,Urban,Strawberry,186,8370
2025-03-05,3,Summer,38.39223003773639,Weekday,None,Evening,Urban,Butterscotch,234,12870
2025-03-05,3,Summer,38.39223003773639,Weekday,None,Evening,Urban,Coffee,163,9780
2025-03-06,3,Summer,33.74170041036497,Weekday,Navratri,Evening,Rural,Vanilla,198,7920
2025-03-06,3,Summer,33.74170041036497,Weekday,Navratri,Evening,Rural,Chocolate,256,12800
2025-03-06,3,Summer,33.74170041036497,Weekday,Navratri,Evening,Rural,Strawberry,217,9765
2025-03-06,3,Summer,33.74170041036497,Weekday,Navratri,Evening,Rural,Butterscotch,227,12485
2025-03-06,3,Summer,33.74170041036497,Weekday,Navratri,Evening,Rural,Coffee,178,10680
2025-03-07,3,Summer,38.084406536603765,Weekday,None,Evening,Urban,Vanilla,255,10200
2025-03-07,3,Summer,38.084406536603765,Weekday,None,Evening,Urban,Chocolate,252,12600
2025-03-07,3,Summer,38.084406536603765,Weekday,None,Evening,Urban,Strawberry,216,9720
2025-03-07,3,Summer,38.084406536603765,Weekday,None,Evening,Urban,Butterscotch,241,13255
2025-03-07,3,Summer,38.084406536603765,Weekday,None,Evening,Urban,Coffee,173,10380
2025-03-08,3,Summer,40.510973463901024,Weekend,None,Afternoon,Rural,Vanilla,192,7680
2025-03-08,3,Summer,40.510973463901024,Weekend,None,Afternoon,Rural,Chocolate,225,11250
2025-03-08,3,Summer,40.510973463901024,Weekend,None,Afternoon,Rural,Strawberry,149,6705
2025-03-08,3,Summer,40.510973463901024,Weekend,None,Afternoon,Rural,Butterscotch,216,11880
2025-03-08,3,Summer,40.510973463901024,Weekend,None,Afternoon,Rural,Coffee,136,8160
2025-03-09,3,Summer,30.582663025716954,Weekend,Navratri,Night,Urban,Vanilla,228,9120
2025-03-09,3,Summer,30.582663025716954,Weekend,Navratri,Night,Urban,Chocolate,272,13600
2025-03-09,3,Summer,30.582663025716954,Weekend,Navratri,Night,Urban,Strawberry,200,9000
2025-03-09,3,Summer,30.582663025716954,Weekend,Navratri,Night,Urban,Butterscotch,241,13255
2025-03-09,3,Summer,30.582663025716954,Weekend,Navratri,Night,Urban,Coffee,159,9540
2025-03-10,3,Summer,36.22754495572571,Weekday,Summer Vacation,Afternoon,Rural,Vanilla,207,8280
2025-03-10,3,Summer,36.22754495572571,Weekday,Summer Vacation,Afternoon,Rural,Chocolate,256,12800
2025-03-10,3,Summer,36.22754495572571,Weekday,Summer Vacation,Afternoon,Rural,Strawberry,164,7380
2025-03-10,3,Summer,36.22754495572571,Weekday,Summer Vacation,Afternoon,Rural,Butterscotch,205,11275
2025-03-10,3,Summer,36.22754495572571,Weekday,Summer Vacation,Afternoon,Rural,Coffee,169,10140
2025-03-11,3,Summer,33.37613401729413,Weekday,Holi,Night,Urban,Vanilla,214,8560
2025-03-11,3,Summer,33.37613401729413,Weekday,Holi,Night,Urban,Chocolate,248,12400
2025-03-11,3,Summer,33.37613401729413,Weekday,Holi,Night,Urban,Strawberry,199,8955
2025-03-11,3,Summer,33.37613401729413,Weekday,Holi,Night,Urban,Butterscotch,194,10670
2025-03-11,3,Summer,33.37613401729413,Weekday,Holi,Night,Urban,Coffee,161,9660
2025-03-12,3,Summer,36.31037079787214,Weekday,None,Evening,Rural,Vanilla,173,6920
2025-03-12,3,Summer,36.31037079787214,Weekday,None,Evening,Rural,Chocolate,214,10700
2025-03-12,3,Summer,36.31037079787214,Weekday,None,Evening,Rural,Strawberry,160,7200
2025-03-12,3,Summer,36.31037079787214,Weekday,None,Evening,Rural,Butterscotch,202,11110
2025-03-12,3,Summer,36.31037079787214,Weekday,None,Evening,Rural,Coffee,143,8580
2025-03-13,3,Summer,40.190749261198846,Weekday,None,Morning,Rural,Vanilla,160,6400
2025-03-13,3,Summer,40.190749261198846,Weekday,None,Morning,Rural,Chocolate,186,9300
2025-03-13,3,Summer,40.190749261198846,Weekday,None,Morning,Rural,Strawberry,142,6390
2025-03-13,3,Summer,40.190749261198846,Weekday,None,Morning,Rural,Butterscotch,179,9845
2025-03-13,3,Summer,40.190749261198846,Weekday,None,Morning,Rural,Coffee,109,6540
2025-03-14,3,Summer,32.93589702440697,Weekday,None,Evening,Urban,Vanilla,189,7560
2025-03-14,3,Summer,32.93589702440697,Weekday,None,Evening,Urban,Chocolate,227,11350
2025-03-14,3,Summer,32.93589702440697,Weekday,None,Evening,Urban,Strawberry,193,8685
2025-03-14,3,Summer,32.93589702440697,Weekday,None,Evening,Urban,Butterscotch,207,11385
2025-03-14,3,Summer,32.93589702440697,Weekday,None,Evening,Urban,Coffee,148,8880
2025-03-15,3,Summer,38.46696259129919,Weekend,None,Evening,Urban,Vanilla,218,8720
2025-03-15,3,Summer,38.46696259129919,Weekend,None,Evening,Urban,Chocolate,267,13350
2025-03-15,3,Summer,38.46696259129919,Weekend,None,Evening,Urban,Strawberry,193,8685
2025-03-15,3,Summer,38.46696259129919,Weekend,None,Evening,Urban,Butterscotch,242,13310
2025-03-15,3,Summer,38.46696259129919,Weekend,None,Evening,Urban,Coffee,208,12480
2025-03-16,3,Summer,36.35842463335253,Weekend,None,Morning,Urban,Vanilla,180,7200
2025-03-16,3,Summer,36.35842463335253,Weekend,None,Morning,Urban,Chocolate,232,11600
2025-03-16,3,Summer,36.35842463335253,Weekend,None,Morning,Urban,Strawberry,186,8370
2025-03-16,3,Summer,36.35842463335253,Weekend,None,Morning,Urban,Butterscotch,220,12100
2025-03-16,3,Summer,36.35842463335253,Weekend,None,Morning,Urban,Coffee,157,9420
2025-03-17,3,Summer,36.55048011522526,Weekday,None,Afternoon,Urban,Vanilla,160,6400
2025-03-17,3,Summer,36.55048011522526,Weekday,None,Afternoon,Urban,Chocolate,207,10350
2025-03-17,3,Summer,36.55048011522526,Weekday,None,Afternoon,Urban,Strawberry,170,7650
2025-03-17,3,Summer,36.55048011522526,Weekday,None,Afternoon,Urban,Butterscotch,184,10120
2025-03-17,3,Summer,36.55048011522526,Weekday,None,Afternoon,Urban,Coffee,137,8220
2025-03-18,3,Summer,39.66722653412868,Weekday,None,Evening,Rural,Vanilla,224,8960
2025-03-18,3,Summer,39.66722653412868,Weekday,None,Evening,Rural,Chocolate,214,10700
2025-03-18,3,Summer,39.66722653412868,Weekday,None,Evening,Rural,Strawberry,197,8865
2025-03-18,3,Summer,39.66722653412868,Weekday,None,Evening,Rural,Butterscotch,207,11385
2025-03-18,3,Summer,39.66722653412868,Weekday,None,Evening,Rural,Coffee,167,10020
2025-03-19,3,Summer,42.37529811028033,Weekday,None,Evening,Urban,Vanilla,228,9120
2025-03-19,3,Summer,42.37529811028033,Weekday,None,Evening,Urban,Chocolate,300,15000
2025-03-19,3,Summer,42.37529811028033,Weekday,None,Evening,Urban,Strawberry,184,8280
2025-03-19,3,Summer,42.37529811028033,Weekday,None,Evening,Urban,Butterscotch,233,12815
2025-03-19,3,Summer,42.37529811028033,Weekday,None,Evening,Urban,Coffee,207,12420
2025-03-20,3,Summer,38.1378828081468,Weekday,None,Morning,Urban,Vanilla,180,7200
2025-03-20,3,Summer,38.1378828081468,Weekday,None,Morning,Urban,Chocolate,213,10650
2025-03-20,3,Summer,38.1378828081468,Weekday,None,Morning,Urban,Strawberry,158,7110
2025-03-20,3,Summer,38.1378828081468,Weekday,None,Morning,Urban,Butterscotch,196,10780
2025-03-20,3,Summer,38.1378828081468,Weekday,None,Morning,Urban,Coffee,149,8940
2025-03-21,3,Summer,35.45805791644659,Weekday,None,Evening,Urban,Vanilla,199,7960
2025-03-21,3,Summer,35.45805791644659,Weekday,None,Evening,Urban,Chocolate,242,12100
2025-03-21,3,Summer,35.45805791644659,Weekday,None,Evening,Urban,Strawberry,182,8190
2025-03-21,3,Summer,35.45805791644659,Weekday,None,Evening,Urban,Butterscotch,224,12320
2025-03-21,3,Summer,35.45805791644659,Weekday,None,Evening,Urban,Coffee,153,9180
2025-03-22,3,Summer,36.66971174529489,Weekend,None,Evening,Urban,Vanilla,225,9000
2025-03-22,3,Summer,36.66971174529489,Weekend,None,Evening,Urban,Chocolate,275,13750
2025-03-22,3,Summer,36.66971174529489,Weekend,None,Evening,Urban,Strawberry,224,10080
2025-03-22,3,Summer,36.66971174529489,Weekend,None,Evening,Urban,Butterscotch,246,13530
2025-03-22,3,Summer,36.66971174529489,Weekend,None,Evening,Urban,Coffee,173,10380
2025-03-23,3,Summer,41.30082554043572,Weekend,None,Evening,Urban,Vanilla,267,10680
2025-03-23,3,Summer,41.30082554043572,Weekend,None,Evening,Urban,Chocolate,295,14750
2025-03-23,3,Summer,41.30082554043572,Weekend,None,Evening,Urban,Strawberry,234,10530
2025-03-23,3,Summer,41.30082554043572,Weekend,None,Evening,Urban,Butterscotch,257,14135
2025-03-23,3,Summer,41.30082554043572,Weekend,None,Evening,Urban,Coffee,207,12420
2025-03-24,3,Summer,39.96316440218229,Weekday,None,Evening,Urban,Vanilla,224,8960
2025-03-24,3,Summer,39.96316440218229,Weekday,None,Evening,Urban,Chocolate,265,13250
2025-03-24,3,Summer,39.96316440218229,Weekday,None,Evening,Urban,Strawberry,188,8460
2025-03-24,3,Summer,39.96316440218229,Weekday,None,Evening,Urban,Butterscotch,240,13200
2025-03-24,3,Summer,39.96316440218229,Weekday,None,Evening,Urban,Coffee,176,10560
2025-03-25,3,Summer,38.72522242559773,Weekday,None,Morning,Urban,Vanilla,171,6840
2025-03-25,3,Summer,38.72522242559773,Weekday,None,Morning,Urban,Chocolate,210,10500
2025-03-25,3,Summer,38.72522242559773,Weekday,None,Morning,Urban,Strawberry,164,7380
2025-03-25,3,Summer,38.72522242559773,Weekday,None,Morning,Urban,Butterscotch,215,11825
2025-03-25,3,Summer,38.72522242559773,Weekday,None,Morning,Urban,Coffee,157,9420
2025-03-26,3,Summer,35.88338615816462,Weekday,None,Evening,Urban,Vanilla,194,7760
2025-03-26,3,Summer,35.88338615816462,Weekday,None,Evening,Urban,Chocolate,258,12900
2025-03-26,3,Summer,35.88338615816462,Weekday,None,Evening,Urban,Strawberry,192,8640
2025-03-26,3,Summer,35.88338615816462,Weekday,None,Evening,Urban,Butterscotch,209,11495
2025-03-26,3,Summer,35.88338615816462,Weekday,None,Evening,Urban,Coffee,189,11340
2025-03-27,3,Summer,35.72450703928056,Weekday,None,Evening,Urban,Vanilla,205,8200
2025-03-27,3,Summer,35.72450703928056,Weekday,None,Evening,Urban,Chocolate,278,13900
2025-03-27,3,Summer,35.72450703928056,Weekday,None,Evening,Urban,Strawberry,213,9585
2025-03-27,3,Summer,35.72450703928056,Weekday,None,Evening,Urban,Butterscotch,224,12320
2025-03-27,3,Summer,35.72450703928056,Weekday,None,Evening,Urban,Coffee,139,8340
2025-03-28,3,Summer,30.970882695044477,Weekday,None,Evening,Rural,Vanilla,158,6320
2025-03-28,3,Summer,30.970882695044477,Weekday,None,Evening,Rural,Chocolate,196,9800
2025-03-28,3,Summer,30.970882695044477,Weekday,None,Evening,Rural,Strawberry,159,7155
2025-03-28,3,Summer,30.970882695044477,Weekday,None,Evening,Rural,Butterscotch,191,10505
2025-03-28,3,Summer,30.970882695044477,Weekday,None,Evening,Rural,Coffee,130,7800
2025-03-29,3,Summer,36.05461996717275,Weekend,None,Afternoon,Urban,Vanilla,201,8040
2025-03-29,3,Summer,36.05461996717275,Weekend,None,Afternoon,Urban,Chocolate,247,12350
2025-03-29,3,Summer,36.05461996717275,Weekend,None,Afternoon,Urban,Strawberry,184,8280
2025-03-29,3,Summer,36.05461996717275,Weekend,None,Afternoon,Urban,Butterscotch,201,11055
2025-03-29,3,Summer,36.05461996717275,Weekend,None,Afternoon,Urban,Coffee,146,8760
2025-03-30,3,Summer,40.0654879236847,Weekend,None,Evening,Urban,Vanilla,236,9440
2025-03-30,3,Summer,40.0654879236847,Weekend,None,Evening,Urban,Chocolate,314,15700
2025-03-30,3,Summer,40.0654879236847,Weekend,None,Evening,Urban,Strawberry,220,9900
2025-03-30,3,Summer,40.0654879236847,Weekend,None,Evening,Urban,Butterscotch,274,15070
2025-03-30,3,Summer,40.0654879236847,Weekend,None,Evening,Urban,Coffee,178,10680
2025-03-31,3,Summer,36.91758051848247,Weekday,None,Afternoon,Rural,Vanilla,174,6960
2025-03-31,3,Summer,36.91758051848247,Weekday,None,Afternoon,Rural,Chocolate,171,8550
2025-03-31,3,Summer,36.91758051848247,Weekday,None,Afternoon,Rural,Strawberry,113,5085
2025-03-31,3,Summer,36.91758051848247,Weekday,None,Afternoon,Rural,Butterscotch,164,9020
2025-03-31,3,Summer,36.91758051848247,Weekday,None,Afternoon,Rural,Coffee,117,7020
2025-04-01,4,Summer,39.57781184076395,Weekday,None,Afternoon,Urban,Vanilla,192,7680
2025-04-01,4,Summer,39.57781184076395,Weekday,None,Afternoon,Urban,Chocolate,199,9950
2025-04-01,4,Summer,39.57781184076395,Weekday,None,Afternoon,Urban,Strawberry,164,7380
2025-04-01,4,Summer,39.57781184076395,Weekday,None,Afternoon,Urban,Butterscotch,219,12045
2025-04-01,4,Summer,39.57781184076395,Weekday,None,Afternoon,Urban,Coffee,137,8220
2025-04-02,4,Summer,38.05361631940312,Weekday,None,Afternoon,Rural,Vanilla,155,6200
2025-04-02,4,Summer,38.05361631940312,Weekday,None,Afternoon,Rural,Chocolate,208,10400
2025-04-02,4,Summer,38.05361631940312,Weekday,None,Afternoon,Rural,Strawberry,162,7290
2025-04-02,4,Summer,38.05361631940312,Weekday,None,Afternoon,Rural,Butterscotch,145,7975
2025-04-02,4,Summer,38.05361631940312,Weekday,None,Afternoon,Rural,Coffee,116,6960
2025-04-03,4,Summer,39.48729671904653,Weekday,Navratri,Morning,Urban,Vanilla,233,9320
2025-04-03,4,Summer,39.48729671904653,Weekday,Navratri,Morning,Urban,Chocolate,270,13500
2025-04-03,4,Summer,39.48729671904653,Weekday,Navratri,Morning,Urban,Strawberry,188,8460
2025-04-03,4,Summer,39.48729671904653,Weekday,Navratri,Morning,Urban,Butterscotch,243,13365
2025-04-03,4,Summer,39.48729671904653,Weekday,Navratri,Morning,Urban,Coffee,172,10320
2025-04-04,4,Summer,35.527822643935885,Weekday,None,Evening,Rural,Vanilla,196,7840
2025-04-04,4,Summer,35.527822643935885,Weekday,None,Evening,Rural,Chocolate,231,11550
2025-04-04,4,Summer,35.527822643935885,Weekday,None,Evening,Rural,Strawberry,176,7920
2025-04-04,4,Summer,35.527822643935885,Weekday,None,Evening,Rural,Butterscotch,180,9900
2025-04-04,4,Summer,35.527822643935885,Weekday,None,Evening,Rural,Coffee,138,8280
2025-04-05,4,Summer,40.468965776009966,Weekend,None,Afternoon,Urban,Vanilla,212,8480
2025-04-05,4,Summer,40.468965776009966,Weekend,None,Afternoon,Urban,Chocolate,281,14050
2025-04-05,4,Summer,40.468965776009966,Weekend,None,Afternoon,Urban,Strawberry,167,7515
2025-04-05,4,Summer,40.468965776009966,Weekend,None,Afternoon,Urban,Butterscotch,234,12870
2025-04-05,4,Summer,40.468965776009966,Weekend,None,Afternoon,Urban,Coffee,195,11700
2025-04-06,4,Summer,39.774971251806335,Weekend,None,Afternoon,Urban,Vanilla,221,8840
2025-04-06,4,Summer,39.774971251806335,Weekend,None,Afternoon,Urban,Chocolate,225,11250
2025-04-06,4,Summer,39.774971251806335,Weekend,None,Afternoon,Urban,Strawberry,187,8415
2025-04-06,4,Summer,39.774971251806335,Weekend,None,Afternoon,Urban,Butterscotch,242,13310
2025-04-06,4,Summer,39.774971251806335,Weekend,None,Afternoon,Urban,Coffee,181,10860
2025-04-07,4,Summer,39.51309519715523,Weekday,Summer Vacation,Afternoon,Urban,Vanilla,215,8600
2025-04-07,4,Summer,39.51309519715523,Weekday,Summer Vacation,Afternoon,Urban,Chocolate,275,13750
2025-04-07,4,Summer,39.51309519715523,Weekday,Summer Vacation,Afternoon,Urban,Strawberry,186,8370
2025-04-07,4,Summer,39.51309519715523,Weekday,Summer Vacation,Afternoon,Urban,Butterscotch,230,12650
2025-04-07,4,Summer,39.51309519715523,Weekday,Summer Vacation,Afternoon,Urban,Coffee,180,10800
2025-04-08,4,Summer,40.602060136756634,Weekday,Navratri,Evening,Urban,Vanilla,271,10840
2025-04-08,4,Summer,40.602060136756634,Weekday,Navratri,Evening,Urban,Chocolate,314,15700
2025-04-08,4,Summer,40.602060136756634,Weekday,Navratri,Evening,Urban,Strawberry,234,10530
2025-04-08,4,Summer,40.602060136756634,Weekday,Navratri,Evening,Urban,Butterscotch,289,15895
2025-04-08,4,Summer,40.602060136756634,Weekday,Navratri,Evening,Urban,Coffee,211,12660
2025-04-09,4,Summer,32.684309953260666,Weekday,None,Afternoon,Urban,Vanilla,177,7080
2025-04-09,4,Summer,32.684309953260666,Weekday,None,Afternoon,Urban,Chocolate,193,9650
2025-04-09,4,Summer,32.684309953260666,Weekday,None,Afternoon,Urban,Strawberry,140,6300
2025-04-09,4,Summer,32.684309953260666,Weekday,None,Afternoon,Urban,Butterscotch,161,8855
2025-04-09,4,Summer,32.684309953260666,Weekday,None,Afternoon,Urban,Coffee,131,7860
2025-04-10,4,Summer,40.23888157966536,Weekday,None,Evening,Rural,Vanilla,198,7920
2025-04-10,4,Summer,40.23888157966536,Weekday,None,Evening,Rural,Chocolate,214,10700
2025-04-10,4,Summer,40.23888157966536,Weekday,None,Evening,Rural,Strawberry,175,7875
2025-04-10,4,Summer,40.23888157966536,Weekday,None,Evening,Rural,Butterscotch,211,11605
2025-04-10,4,Summer,40.23888157966536,Weekday,None,Evening,Rural,Coffee,163,9780
2025-04-11,4,Summer,38.647006312800855,Weekday,Diwali,Afternoon,Urban,Vanilla,215,8600
2025-04-11,4,Summer,38.647006312800855,Weekday,Diwali,Afternoon,Urban,Chocolate,262,13100
2025-04-11,4,Summer,38.647006312800855,Weekday,Diwali,Afternoon,Urban,Strawberry,195,8775
2025-04-11,4,Summer,38.647006312800855,Weekday,Diwali,Afternoon,Urban,Butterscotch,245,13475
2025-04-11,4,Summer,38.647006312800855,Weekday,Diwali,Afternoon,Urban,Coffee,169,10140
2025-04-12,4,Summer,36.79011325424872,Weekend,None,Afternoon,Rural,Vanilla,191,7640
2025-04-12,4,Summer,36.79011325424872,Weekend,None,Afternoon,Rural,Chocolate,215,10750
2025-04-12,4,Summer,36.79011325424872,Weekend,None,Afternoon,Rural,Strawberry,142,6390
2025-04-12,4,Summer,36.79011325424872,Weekend,None,Afternoon,Rural,Butterscotch,220,12100
2025-04-12,4,Summer,36.79011325424872,Weekend,None,Afternoon,Rural,Coffee,120,7200
2025-04-13,4,Summer,38.8209803576375,Weekend,None,Night,Urban,Vanilla,229,9160
2025-04-13,4,Summer,38.8209803576375,Weekend,None,Night,Urban,Chocolate,268,13400
2025-04-13,4,Summer,38.8209803576375,Weekend,None,Night,Urban,Strawberry,172,7740
2025-04-13,4,Summer,38.8209803576375,Weekend,None,Night,Urban,Butterscotch,209,11495
2025-04-13,4,Summer,38.8209803576375,Weekend,None,Night,Urban,Coffee,171,10260
2025-04-14,4,Summer,36.23945079935379,Weekday,None,Afternoon,Urban,Vanilla,144,5760
2025-04-14,4,Summer,36.23945079935379,Weekday,None,Afternoon,Urban,Chocolate,212,10600
2025-04-14,4,Summer,36.23945079935379,Weekday,None,Afternoon,Urban,Strawberry,184,8280
2025-04-14,4,Summer,36.23945079935379,Weekday,None,Afternoon,Urban,Butterscotch,206,11330
2025-04-14,4,Summer,36.23945079935379,Weekday,None,Afternoon,Urban,Coffee,147,8820
2025-04-15,4,Summer,36.79964101609661,Weekday,Holi,Evening,Urban,Vanilla,236,9440
2025-04-15,4,Summer,36.79964101609661,Weekday,Holi,Evening,Urban,Chocolate,294,14700
2025-04-15,4,Summer,36.79964101609661,Weekday,Holi,Evening,Urban,Strawberry,225,10125
2025-04-15,4,Summer,36.79964101609661,Weekday,Holi,Evening,Urban,Butterscotch,249,13695
2025-04-15,4,Summer,36.79964101609661,Weekday,Holi,Evening,Urban,Coffee,182,10920
2025-04-16,4,Summer,39.46750590151061,Weekday,None,Afternoon,Rural,Vanilla,155,6200
2025-04-16,4,Summer,39.46750590151061,Weekday,None,Afternoon,Rural,Chocolate,194,9700
2025-04-16,4,Summer,39.46750590151061,Weekday,None,Afternoon,Rural,Strawberry,166,7470
2025-04-16,4,Summer,39.46750590151061,Weekday,None,Afternoon,Rural,Butterscotch,169,9295
2025-04-16,4,Summer,39.46750590151061,Weekday,None,Afternoon,Rural,Coffee,158,9480
2025-04-17,4,Summer,35.98607722588674,Weekday,None,Morning,Urban,Vanilla,179,7160
2025-04-17,4,Summer,35.98607722588674,Weekday,None,Morning,Urban,Chocolate,205,10250
2025-04-17,4,Summer,35.98607722588674,Weekday,None,Morning,Urban,Strawberry,170,7650
2025-04-17,4,Summer,35.98607722588674,Weekday,None,Morning,Urban,Butterscotch,192,10560
2025-04-17,4,Summer,35.98607722588674,Weekday,None,Morning,Urban,Coffee,111,6660
2025-04-18,4,Summer,33.234892255248255,Weekday,Holi,Afternoon,Urban,Vanilla,215,8600
2025-04-18,4,Summer,33.234892255248255,Weekday,Holi,Afternoon,Urban,Chocolate,252,12600
2025-04-18,4,Summer,33.234892255248255,Weekday,Holi,Afternoon,Urban,Strawberry,143,6435
2025-04-18,4,Summer,33.234892255248255,Weekday,Holi,Afternoon,Urban,Butterscotch,227,12485
2025-04-18,4,Summer,33.234892255248255,Weekday,Holi,Afternoon,Urban,Coffee,146,8760
2025-04-19,4,Summer,38.973037133584775,Weekend,None,Afternoon,Rural,Vanilla,166,6640
2025-04-19,4,Summer,38.973037133584775,Weekend,None,Afternoon,Rural,Chocolate,217,10850
2025-04-19,4,Summer,38.973037133584775,Weekend,None,Afternoon,Rural,Strawberry,160,7200
2025-04-19,4,Summer,38.973037133584775,Weekend,None,Afternoon,Rural,Butterscotch,195,10725
2025-04-19,4,Summer,38.973037133584775,Weekend,None,Afternoon,Rural,Coffee,133,7980
2025-04-20,4,Summer,36.70453235172517,Weekend,None,Afternoon,Urban,Vanilla,183,7320
2025-04-20,4,Summer,36.70453235172517,Weekend,None,Afternoon,Urban,Chocolate,237,11850
2025-04-20,4,Summer,36.70453235172517,Weekend,None,Afternoon,Urban,Strawberry,191,8595
2025-04-20,4,Summer,36.70453235172517,Weekend,None,Afternoon,Urban,Butterscotch,210,11550
2025-04-20,4,Summer,36.70453235172517,Weekend,None,Afternoon,Urban,Coffee,147,8820
2025-04-21,4,Summer,38.67871426600227,Weekday,None,Morning,Urban,Vanilla,202,8080
2025-04-21,4,Summer,38.67871426600227,Weekday,None,Morning,Urban,Chocolate,225,11250
2025-04-21,4,Summer,38.67871426600227,Weekday,None,Morning,Urban,Strawberry,166,7470
2025-04-21,4,Summer,38.67871426600227,Weekday,None,Morning,Urban,Butterscotch,181,9955
2025-04-21,4,Summer,38.67871426600227,Weekday,None,Morning,Urban,Coffee,150,9000
2025-04-22,4,Summer,40.95120653418694,Weekday,None,Afternoon,Urban,Vanilla,189,7560
2025-04-22,4,Summer,40.95120653418694,Weekday,None,Afternoon,Urban,Chocolate,238,11900
2025-04-22,4,Summer,40.95120653418694,Weekday,None,Afternoon,Urban,Strawberry,191,8595
2025-04-22,4,Summer,40.95120653418694,Weekday,None,Afternoon,Urban,Butterscotch,189,10395
2025-04-22,4,Summer,40.95120653418694,Weekday,None,Afternoon,Urban,Coffee,151,9060
2025-04-23,4,Summer,38.84939246695858,Weekday,None,Afternoon,Urban,Vanilla,185,7400
2025-04-23,4,Summer,38.84939246695858,Weekday,None,Afternoon,Urban,Chocolate,213,10650
2025-04-23,4,Summer,38.84939246695858,Weekday,None,Afternoon,Urban,Strawberry,185,8325
2025-04-23,4,Summer,38.84939246695858,Weekday,None,Afternoon,Urban,Butterscotch,210,11550
2025-04-23,4,Summer,38.84939246695858,Weekday,None,Afternoon,Urban,Coffee,130,7800
2025-04-24,4,Summer,41.727227923688616,Weekday,Navratri,Afternoon,Rural,Vanilla,219,8760
2025-04-24,4,Summer,41.727227923688616,Weekday,Navratri,Afternoon,Rural,Chocolate,245,12250
2025-04-24,4,Summer,41.727227923688616,Weekday,Navratri,Afternoon,Rural,Strawberry,192,8640
2025-04-24,4,Summer,41.727227923688616,Weekday,Navratri,Afternoon,Rural,Butterscotch,248,13640
2025-04-24,4,Summer,41.727227923688616,Weekday,Navratri,Afternoon,Rural,Coffee,180,10800
2025-04-25,4,Summer,33.74184693261188,Weekday,None,Evening,Rural,Vanilla,179,7160
2025-04-25,4,Summer,33.74184693261188,Weekday,None,Evening,Rural,Chocolate,196,9800
2025-04-25,4,Summer,33.74184693261188,Weekday,None,Evening,Rural,Strawberry,158,7110
2025-04-25,4,Summer,33.74184693261188,Weekday,None,Evening,Rural,Butterscotch,190,10450
2025-04-25,4,Summer,33.74184693261188,Weekday,None,Evening,Rural,Coffee,131,7860
2025-04-26,4,Summer,38.72466460542919,Weekend,None,Evening,Rural,Vanilla,209,8360
2025-04-26,4,Summer,38.72466460542919,Weekend,None,Evening,Rural,Chocolate,240,12000
2025-04-26,4,Summer,38.72466460542919,Weekend,None,Evening,Rural,Strawberry,186,8370
2025-04-26,4,Summer,38.72466460542919,Weekend,None,Evening,Rural,Butterscotch,248,13640
2025-04-26,4,Summer,38.72466460542919,Weekend,None,Evening,Rural,Coffee,168,10080
2025-04-27,4,Summer,36.99618843640911,Weekend,None,Evening,Urban,Vanilla,239,9560
2025-04-27,4,Summer,36.99618843640911,Weekend,None,Evening,Urban,Chocolate,299,14950
2025-04-27,4,Summer,36.99618843640911,Weekend,None,Evening,Urban,Strawberry,236,10620
2025-04-27,4,Summer,36.99618843640911,Weekend,None,Evening,Urban,Butterscotch,262,14410
2025-04-27,4,Summer,36.99618843640911,Weekend,None,Evening,Urban,Coffee,193,11580
2025-04-28,4,Summer,38.39314749188352,Weekday,Summer Vacation,Night,Rural,Vanilla,209,8360
2025-04-28,4,Summer,38.39314749188352,Weekday,Summer Vacation,Night,Rural,Chocolate,234,11700
2025-04-28,4,Summer,38.39314749188352,Weekday,Summer Vacation,Night,Rural,Strawberry,193,8685
2025-04-28,4,Summer,38.39314749188352,Weekday,Summer Vacation,Night,Rural,Butterscotch,237,13035
2025-04-28,4,Summer,38.39314749188352,Weekday,Summer Vacation,Night,Rural,Coffee,133,7980
2025-04-29,4,Summer,38.03006345522171,Weekday,None,Afternoon,Rural,Vanilla,148,5920
2025-04-29,4,Summer,38.03006345522171,Weekday,None,Afternoon,Rural,Chocolate,189,9450
2025-04-29,4,Summer,38.03006345522171,Weekday,None,Afternoon,Rural,Strawberry,153,6885
2025-04-29,4,Summer,38.03006345522171,Weekday,None,Afternoon,Rural,Butterscotch,162,8910
2025-04-29,4,Summer,38.03006345522171,Weekday,None,Afternoon,Rural,Coffee,97,5820
2025-04-30,4,Summer,44.82272045363408,Weekday,None,Evening,Rural,Vanilla,214,8560
2025-04-30,4,Summer,44.82272045363408,Weekday,None,Evening,Rural,Chocolate,220,11000
2025-04-30,4,Summer,44.82272045363408,Weekday,None,Evening,Rural,Strawberry,194,8730
2025-04-30,4,Summer,44.82272045363408,Weekday,None,Evening,Rural,Butterscotch,249,13695
2025-04-30,4,Summer,44.82272045363408,Weekday,None,Evening,Rural,Coffee,181,10860
2025-05-01,5,Summer,36.011925549535896,Weekday,None,Afternoon,Urban,Vanilla,179,7160
2025-05-01,5,Summer,36.011925549535896,Weekday,None,Afternoon,Urban,Chocolate,201,10050
2025-05-01,5,Summer,36.011925549535896,Weekday,None,Afternoon,Urban,Strawberry,173,7785
2025-05-01,5,Summer,36.011925549535896,Weekday,None,Afternoon,Urban,Butterscotch,200,11000
2025-05-01,5,Summer,36.011925549535896,Weekday,None,Afternoon,Urban,Coffee,113,6780
2025-05-02,5,Summer,39.0228383705508,Weekday,None,Afternoon,Urban,Vanilla,183,7320
2025-05-02,5,Summer,39.0228383705508,Weekday,None,Afternoon,Urban,Chocolate,201,10050
2025-05-02,5,Summer,39.0228383705508,Weekday,None,Afternoon,Urban,Strawberry,180,8100
2025-05-02,5,Summer,39.0228383705508,Weekday,None,Afternoon,Urban,Butterscotch,231,12705
2025-05-02,5,Summer,39.0228383705508,Weekday,None,Afternoon,Urban,Coffee,139,8340
2025-05-03,5,Summer,36.56433719984685,Weekend,None,Afternoon,Urban,Vanilla,207,8280
2025-05-03,5,Summer,36.56433719984685,Weekend,None,Afternoon,Urban,Chocolate,251,12550
2025-05-03,5,Summer,36.56433719984685,Weekend,None,Afternoon,Urban,Strawberry,200,9000
2025-05-03,5,Summer,36.56433719984685,Weekend,None,Afternoon,Urban,Butterscotch,219,12045
2025-05-03,5,Summer,36.56433719984685,Weekend,None,Afternoon,Urban,Coffee,135,8100
2025-05-04,5,Summer,37.046508373941364,Weekend,None,Afternoon,Urban,Vanilla,203,8120
2025-05-04,5,Summer,37.046508373941364,Weekend,None,Afternoon,Urban,Chocolate,242,12100
2025-05-04,5,Summer,37.046508373941364,Weekend,None,Afternoon,Urban,Strawberry,160,7200
2025-05-04,5,Summer,37.046508373941364,Weekend,None,Afternoon,Urban,Butterscotch,231,12705
2025-05-04,5,Summer,37.046508373941364,Weekend,None,Afternoon,Urban,Coffee,156,9360
2025-05-05,5,Summer,36.692867502845786,Weekday,Navratri,Evening,Rural,Vanilla,219,8760
2025-05-05,5,Summer,36.692867502845786,Weekday,Navratri,Evening,Rural,Chocolate,260,13000
2025-05-05,5,Summer,36.692867502845786,Weekday,Navratri,Evening,Rural,Strawberry,185,8325
2025-05-05,5,Summer,36.692867502845786,Weekday,Navratri,Evening,Rural,Butterscotch,244,13420
2025-05-05,5,Summer,36.692867502845786,Weekday,Navratri,Evening,Rural,Coffee,181,10860
2025-05-06,5,Summer,36.98477833382955,Weekday,Diwali,Night,Urban,Vanilla,229,9160
2025-05-06,5,Summer,36.98477833382955,Weekday,Diwali,Night,Urban,Chocolate,256,12800
2025-05-06,5,Summer,36.98477833382955,Weekday,Diwali,Night,Urban,Strawberry,201,9045
2025-05-06,5,Summer,36.98477833382955,Weekday,Diwali,Night,Urban,Butterscotch,232,12760
2025-05-06,5,Summer,36.98477833382955,Weekday,Diwali,Night,Urban,Coffee,166,9960
2025-05-07,5,Summer,43.90627192830188,Weekday,None,Afternoon,Rural,Vanilla,190,7600
2025-05-07,5,Summer,43.90627192830188,Weekday,None,Afternoon,Rural,Chocolate,227,11350
2025-05-07,5,Summer,43.90627192830188,Weekday,None,Afternoon,Rural,Strawberry,165,7425
2025-05-07,5,Summer,43.90627192830188,Weekday,None,Afternoon,Rural,Butterscotch,159,8745
2025-05-07,5,Summer,43.90627192830188,Weekday,None,Afternoon,Rural,Coffee,157,9420
2025-05-08,5,Summer,38.18236304995995,Weekday,None,Night,Rural,Vanilla,164,6560
2025-05-08,5,Summer,38.18236304995995,Weekday,None,Night,Rural,Chocolate,190,9500
2025-05-08,5,Summer,38.18236304995995,Weekday,None,Night,Rural,Strawberry,143,6435
2025-05-08,5,Summer,38.18236304995995,Weekday,None,Night,Rural,Butterscotch,166,9130
2025-05-08,5,Summer,38.18236304995995,Weekday,None,Night,Rural,Coffee,116,6960
2025-05-09,5,Summer,35.00428884055268,Weekday,Holi,Morning,Urban,Vanilla,189,7560
2025-05-09,5,Summer,35.00428884055268,Weekday,Holi,Morning,Urban,Chocolate,258,12900
2025-05-09,5,Summer,35.00428884055268,Weekday,Holi,Morning,Urban,Strawberry,218,9810
2025-05-09,5,Summer,35.00428884055268,Weekday,Holi,Morning,Urban,Butterscotch,261,14355
2025-05-09,5,Summer,35.00428884055268,Weekday,Holi,Morning,Urban,Coffee,155,9300
2025-05-10,5,Summer,37.18353686708228,Weekend,None,Night,Urban,Vanilla,220,8800
2025-05-10,5,Summer,37.18353686708228,Weekend,None,Night,Urban,Chocolate,270,13500
2025-05-10,5,Summer,37.18353686708228,Weekend,None,Night,Urban,Strawberry,166,7470
2025-05-10,5,Summer,37.18353686708228,Weekend,None,Night,Urban,Butterscotch,225,12375
2025-05-10,5,Summer,37.18353686708228,Weekend,None,Night,Urban,Coffee,142,8520
2025-05-11,5,Summer,38.0440822866331,Weekend,None,Afternoon,Rural,Vanilla,184,7360
2025-05-11,5,Summer,38.0440822866331,Weekend,None,Afternoon,Rural,Chocolate,206,10300
2025-05-11,5,Summer,38.0440822866331,Weekend,None,Afternoon,Rural,Strawberry,162,7290
2025-05-11,5,Summer,38.0440822866331,Weekend,None,Afternoon,Rural,Butterscotch,173,9515
2025-05-11,5,Summer,38.0440822866331,Weekend,None,Afternoon,Rural,Coffee,152,9120
2025-05-12,5,Summer,40.60468776049872,Weekday,None,Afternoon,Urban,Vanilla,181,7240
2025-05-12,5,Summer,40.60468776049872,Weekday,None,Afternoon,Urban,Chocolate,248,12400
2025-05-12,5,Summer,40.60468776049872,Weekday,None,Afternoon,Urban,Strawberry,147,6615
2025-05-12,5,Summer,40.60468776049872,Weekday,None,Afternoon,Urban,Butterscotch,227,12485
2025-05-12,5,Summer,40.60468776049872,Weekday,None,Afternoon,Urban,Coffee,184,11040
2025-05-13,5,Summer,38.75601128360579,Weekday,Summer Vacation,Night,Urban,Vanilla,230,9200
2025-05-13,5,Summer,38.75601128360579,Weekday,Summer Vacation,Night,Urban,Chocolate,274,13700
2025-05-13,5,Summer,38.75601128360579,Weekday,Summer Vacation,Night,Urban,Strawberry,200,9000
2025-05-13,5,Summer,38.75601128360579,Weekday,Summer Vacation,Night,Urban,Butterscotch,260,14300
2025-05-13,5,Summer,38.75601128360579,Weekday,Summer Vacation,Night,Urban,Coffee,183,10980
2025-05-14,5,Summer,40.965915566417785,Weekday,Summer Vacation,Afternoon,Rural,Vanilla,209,8360
2025-05-14,5,Summer,40.965915566417785,Weekday,Summer Vacation,Afternoon,Rural,Chocolate,271,13550
2025-05-14,5,Summer,40.965915566417785,Weekday,Summer Vacation,Afternoon,Rural,Strawberry,180,8100
2025-05-14,5,Summer,40.965915566417785,Weekday,Summer Vacation,Afternoon,Rural,Butterscotch,226,12430
2025-05-14,5,Summer,40.965915566417785,Weekday,Summer Vacation,Afternoon,Rural,Coffee,161,9660
2025-05-15,5,Summer,35.534957521084934,Weekday,Summer Vacation,Afternoon,Urban,Vanilla,235,9400
2025-05-15,5,Summer,35.534957521084934,Weekday,Summer Vacation,Afternoon,Urban,Chocolate,251,12550
2025-05-15,5,Summer,35.534957521084934,Weekday,Summer Vacation,Afternoon,Urban,Strawberry,184,8280
2025-05-15,5,Summer,35.534957521084934,Weekday,Summer Vacation,Afternoon,Urban,Butterscotch,211,11605
2025-05-15,5,Summer,35.534957521084934,Weekday,Summer Vacation,Afternoon,Urban,Coffee,166,9960
2025-05-16,5,Summer,35.12331151565631,Weekday,None,Evening,Rural,Vanilla,170,6800
2025-05-16,5,Summer,35.12331151565631,Weekday,None,Evening,Rural,Chocolate,228,11400
2025-05-16,5,Summer,35.12331151565631,Weekday,None,Evening,Rural,Strawberry,159,7155
2025-05-16,5,Summer,35.12331151565631,Weekday,None,Evening,Rural,Butterscotch,200,11000
2025-05-16,5,Summer,35.12331151565631,Weekday,None,Evening,Rural,Coffee,121,7260
2025-05-17,5,Summer,37.59866188243628,Weekend,None,Evening,Urban,Vanilla,219,8760
2025-05-17,5,Summer,37.59866188243628,Weekend,None,Evening,Urban,Chocolate,287,14350
2025-05-17,5,Summer,37.59866188243628,Weekend,None,Evening,Urban,Strawberry,210,9450
2025-05-17,5,Summer,37.59866188243628,Weekend,None,Evening,Urban,Butterscotch,265,14575
2025-05-17,5,Summer,37.59866188243628,Weekend,None,Evening,Urban,Coffee,169,10140
2025-05-18,5,Summer,35.16539068311273,Weekend,None,Afternoon,Urban,Vanilla,197,7880
2025-05-18,5,Summer,35.16539068311273,Weekend,None,Afternoon,Urban,Chocolate,220,11000
2025-05-18,5,Summer,35.16539068311273,Weekend,None,Afternoon,Urban,Strawberry,185,8325
2025-05-18,5,Summer,35.16539068311273,Weekend,None,Afternoon,Urban,Butterscotch,199,10945
2025-05-18,5,Summer,35.16539068311273,Weekend,None,Afternoon,Urban,Coffee,164,9840
2025-05-19,5,Summer,33.89160867603182,Weekday,None,Night,Urban,Vanilla,198,7920
2025-05-19,5,Summer,33.89160867603182,Weekday,None,Night,Urban,Chocolate,194,9700
2025-05-19,5,Summer,33.89160867603182,Weekday,None,Night,Urban,Strawberry,132,5940
2025-05-19,5,Summer,33.89160867603182,Weekday,None,Night,Urban,Butterscotch,190,10450
2025-05-19,5,Summer,33.89160867603182,Weekday,None,Night,Urban,Coffee,137,8220
2025-05-20,5,Summer,42.53972324353014,Weekday,Holi,Afternoon,Rural,Vanilla,219,8760
2025-05-20,5,Summer,42.53972324353014,Weekday,Holi,Afternoon,Rural,Chocolate,246,12300
2025-05-20,5,Summer,42.53972324353014,Weekday,Holi,Afternoon,Rural,Strawberry,184,8280
2025-05-20,5,Summer,42.53972324353014,Weekday,Holi,Afternoon,Rural,Butterscotch,263,14465
2025-05-20,5,Summer,42.53972324353014,Weekday,Holi,Afternoon,Rural,Coffee,180,10800
2025-05-21,5,Summer,35.23452903103936,Weekday,None,Morning,Urban,Vanilla,177,7080
2025-05-21,5,Summer,35.23452903103936,Weekday,None,Morning,Urban,Chocolate,214,10700
2025-05-21,5,Summer,35.23452903103936,Weekday,None,Morning,Urban,Strawberry,138,6210
2025-05-21,5,Summer,35.23452903103936,Weekday,None,Morning,Urban,Butterscotch,198,10890
2025-05-21,5,Summer,35.23452903103936,Weekday,None,Morning,Urban,Coffee,169,10140
2025-05-22,5,Summer,31.993572340278348,Weekday,None,Afternoon,Rural,Vanilla,123,4920
2025-05-22,5,Summer,31.993572340278348,Weekday,None,Afternoon,Rural,Chocolate,162,8100
2025-05-22,5,Summer,31.993572340278348,Weekday,None,Afternoon,Rural,Strawberry,149,6705
2025-05-22,5,Summer,31.993572340278348,Weekday,None,Afternoon,Rural,Butterscotch,151,8305
2025-05-22,5,Summer,31.993572340278348,Weekday,None,Afternoon,Rural,Coffee,84,5040
2025-05-23,5,Summer,37.81009033165599,Weekday,None,Evening,Urban,Vanilla,212,8480
2025-05-23,5,Summer,37.81009033165599,Weekday,None,Evening,Urban,Chocolate,246,12300
2025-05-23,5,Summer,37.81009033165599,Weekday,None,Evening,Urban,Strawberry,189,8505
2025-05-23,5,Summer,37.81009033165599,Weekday,None,Evening,Urban,Butterscotch,260,14300
2025-05-23,5,Summer,37.81009033165599,Weekday,None,Evening,Urban,Coffee,200,12000
2025-05-24,5,Summer,31.515916722123926,Weekend,None,Morning,Urban,Vanilla,186,7440
2025-05-24,5,Summer,31.515916722123926,Weekend,None,Morning,Urban,Chocolate,240,12000
2025-05-24,5,Summer,31.515916722123926,Weekend,None,Morning,Urban,Strawberry,169,7605
2025-05-24,5,Summer,31.515916722123926,Weekend,None,Morning,Urban,Butterscotch,215,11825
2025-05-24,5,Summer,31.515916722123926,Weekend,None,Morning,Urban,Coffee,147,8820
2025-05-25,5,Summer,41.16886545123837,Weekend,None,Night,Urban,Vanilla,219,8760
2025-05-25,5,Summer,41.16886545123837,Weekend,None,Night,Urban,Chocolate,249,12450
2025-05-25,5,Summer,41.16886545123837,Weekend,None,Night,Urban,Strawberry,185,8325
2025-05-25,5,Summer,41.16886545123837,Weekend,None,Night,Urban,Butterscotch,205,11275
2025-05-25,5,Summer,41.16886545123837,Weekend,None,Night,Urban,Coffee,164,9840
2025-05-26,5,Summer,40.85910609529327,Weekday,None,Afternoon,Urban,Vanilla,199,7960
2025-05-26,5,Summer,40.85910609529327,Weekday,None,Afternoon,Urban,Chocolate,234,11700
2025-05-26,5,Summer,40.85910609529327,Weekday,None,Afternoon,Urban,Strawberry,176,7920
2025-05-26,5,Summer,40.85910609529327,Weekday,None,Afternoon,Urban,Butterscotch,189,10395
2025-05-26,5,Summer,40.85910609529327,Weekday,None,Afternoon,Urban,Coffee,148,8880
2025-05-27,5,Summer,42.84956496354125,Weekday,Holi,Afternoon,Urban,Vanilla,223,8920
2025-05-27,5,Summer,42.84956496354125,Weekday,Holi,Afternoon,Urban,Chocolate,298,14900
2025-05-27,5,Summer,42.84956496354125,Weekday,Holi,Afternoon,Urban,Strawberry,206,9270
2025-05-27,5,Summer,42.84956496354125,Weekday,Holi,Afternoon,Urban,Butterscotch,272,14960
2025-05-27,5,Summer,42.84956496354125,Weekday,Holi,Afternoon,Urban,Coffee,200,12000
2025-05-28,5,Summer,34.47000452784354,Weekday,None,Evening,Urban,Vanilla,222,8880
2025-05-28,5,Summer,34.47000452784354,Weekday,None,Evening,Urban,Chocolate,237,11850
2025-05-28,5,Summer,34.47000452784354,Weekday,None,Evening,Urban,Strawberry,208,9360
2025-05-28,5,Summer,34.47000452784354,Weekday,None,Evening,Urban,Butterscotch,204,11220
2025-05-28,5,Summer,34.47000452784354,Weekday,None,Evening,Urban,Coffee,147,8820
2025-05-29,5,Summer,35.940186404455396,Weekday,Holi,Afternoon,Urban,Vanilla,200,8000
2025-05-29,5,Summer,35.940186404455396,Weekday,Holi,Afternoon,Urban,Chocolate,264,13200
2025-05-29,5,Summer,35.940186404455396,Weekday,Holi,Afternoon,Urban,Strawberry,180,8100
2025-05-29,5,Summer,35.940186404455396,Weekday,Holi,Afternoon,Urban,Butterscotch,251,13805
2025-05-29,5,Summer,35.940186404455396,Weekday,Holi,Afternoon,Urban,Coffee,151,9060
2025-05-30,5,Summer,39.84535656747627,Weekday,None,Morning,Rural,Vanilla,189,7560
2025-05-30,5,Summer,39.84535656747627,Weekday,None,Morning,Rural,Chocolate,189,9450
2025-05-30,5,Summer,39.84535656747627,Weekday,None,Morning,Rural,Strawberry,133,5985
2025-05-30,5,Summer,39.84535656747627,Weekday,None,Morning,Rural,Butterscotch,186,10230
2025-05-30,5,Summer,39.84535656747627,Weekday,None,Morning,Rural,Coffee,114,6840
2025-05-31,5,Summer,35.01823721247382,Weekend,None,Evening,Urban,Vanilla,242,9680
2025-05-31,5,Summer,35.01823721247382,Weekend,None,Evening,Urban,Chocolate,276,13800
2025-05-31,5,Summer,35.01823721247382,Weekend,None,Evening,Urban,Strawberry,210,9450
2025-05-31,5,Summer,35.01823721247382,Weekend,None,Evening,Urban,Butterscotch,250,13750
2025-05-31,5,Summer,35.01823721247382,Weekend,None,Evening,Urban,Coffee,170,10200
2025-06-01,6,Summer,38.99762477136933,Weekend,None,Night,Rural,Vanilla,159,6360
2025-06-01,6,Summer,38.99762477136933,Weekend,None,Night,Rural,Chocolate,203,10150
2025-06-01,6,Summer,38.99762477136933,Weekend,None,Night,Rural,Strawberry,152,6840
2025-06-01,6,Summer,38.99762477136933,Weekend,None,Night,Rural,Butterscotch,185,10175
2025-06-01,6,Summer,38.99762477136933,Weekend,None,Night,Rural,Coffee,146,8760
2025-06-02,6,Summer,34.73632096367223,Weekday,None,Evening,Rural,Vanilla,168,6720
2025-06-02,6,Summer,34.73632096367223,Weekday,None,Evening,Rural,Chocolate,215,10750
2025-06-02,6,Summer,34.73632096367223,Weekday,None,Evening,Rural,Strawberry,147,6615
2025-06-02,6,Summer,34.73632096367223,Weekday,None,Evening,Rural,Butterscotch,199,10945
2025-06-02,6,Summer,34.73632096367223,Weekday,None,Evening,Rural,Coffee,121,7260
2025-06-03,6,Summer,39.14699098339966,Weekday,None,Evening,Urban,Vanilla,234,9360
2025-06-03,6,Summer,39.14699098339966,Weekday,None,Evening,Urban,Chocolate,261,13050
2025-06-03,6,Summer,39.14699098339966,Weekday,None,Evening,Urban,Strawberry,207,9315
2025-06-03,6,Summer,39.14699098339966,Weekday,None,Evening,Urban,Butterscotch,233,12815
2025-06-03,6,Summer,39.14699098339966,Weekday,None,Evening,Urban,Coffee,145,8700
2025-06-04,6,Summer,39.476012162308876,Weekday,None,Morning,Urban,Vanilla,171,6840
2025-06-04,6,Summer,39.476012162308876,Weekday,None,Morning,Urban,Chocolate,241,12050
2025-06-04,6,Summer,39.476012162308876,Weekday,None,Morning,Urban,Strawberry,168,7560
2025-06-04,6,Summer,39.476012162308876,Weekday,None,Morning,Urban,Butterscotch,234,12870
2025-06-04,6,Summer,39.476012162308876,Weekday,None,Morning,Urban,Coffee,160,9600
2025-06-05,6,Summer,40.48550923946005,Weekday,Holi,Evening,Urban,Vanilla,228,9120
2025-06-05,6,Summer,40.48550923946005,Weekday,Holi,Evening,Urban,Chocolate,279,13950
2025-06-05,6,Summer,40.48550923946005,Weekday,Holi,Evening,Urban,Strawberry,229,10305
2025-06-05,6,Summer,40.48550923946005,Weekday,Holi,Evening,Urban,Butterscotch,285,15675
2025-06-05,6,Summer,40.48550923946005,Weekday,Holi,Evening,Urban,Coffee,203,12180
2025-06-06,6,Summer,36.31075676884288,Weekday,None,Night,Urban,Vanilla,164,6560
2025-06-06,6,Summer,36.31075676884288,Weekday,None,Night,Urban,Chocolate,224,11200
2025-06-06,6,Summer,36.31075676884288,Weekday,None,Night,Urban,Strawberry,167,7515
2025-06-06,6,Summer,36.31075676884288,Weekday,None,Night,Urban,Butterscotch,183,10065
2025-06-06,6,Summer,36.31075676884288,Weekday,None,Night,Urban,Coffee,119,7140
2025-06-07,6,Summer,41.12538235706478,Weekend,None,Afternoon,Urban,Vanilla,206,8240
2025-06-07,6,Summer,41.12538235706478,Weekend,None,Afternoon,Urban,Chocolate,228,11400
2025-06-07,6,Summer,41.12538235706478,Weekend,None,Afternoon,Urban,Strawberry,220,9900
2025-06-07,6,Summer,41.12538235706478,Weekend,None,Afternoon,Urban,Butterscotch,213,11715
2025-06-07,6,Summer,41.12538235706478,Weekend,None,Afternoon,Urban,Coffee,173,10380
2025-06-08,6,Summer,38.20725557817281,Weekend,None,Afternoon,Rural,Vanilla,137,5480
2025-06-08,6,Summer,38.20725557817281,Weekend,None,Afternoon,Rural,Chocolate,199,9950
2025-06-08,6,Summer,38.20725557817281,Weekend,None,Afternoon,Rural,Strawberry,148,6660
2025-06-08,6,Summer,38.20725557817281,Weekend,None,Afternoon,Rural,Butterscotch,174,9570
2025-06-08,6,Summer,38.20725557817281,Weekend,None,Afternoon,Rural,Coffee,124,7440
2025-06-09,6,Summer,33.57712083347441,Weekday,None,Afternoon,Urban,Vanilla,155,6200
2025-06-09,6,Summer,33.57712083347441,Weekday,None,Afternoon,Urban,Chocolate,203,10150
2025-06-09,6,Summer,33.57712083347441,Weekday,None,Afternoon,Urban,Strawberry,174,7830
2025-06-09,6,Summer,33.57712083347441,Weekday,None,Afternoon,Urban,Butterscotch,181,9955
2025-06-09,6,Summer,33.57712083347441,Weekday,None,Afternoon,Urban,Coffee,145,8700
2025-06-10,6,Summer,38.112690054143336,Weekday,None,Evening,Urban,Vanilla,212,8480
2025-06-10,6,Summer,38.112690054143336,Weekday,None,Evening,Urban,Chocolate,258,12900
2025-06-10,6,Summer,38.112690054143336,Weekday,None,Evening,Urban,Strawberry,197,8865
2025-06-10,6,Summer,38.112690054143336,Weekday,None,Evening,Urban,Butterscotch,232,12760
2025-06-10,6,Summer,38.112690054143336,Weekday,None,Evening,Urban,Coffee,173,10380
2025-06-11,6,Summer,39.49813898184739,Weekday,None,Afternoon,Urban,Vanilla,177,7080
2025-06-11,6,Summer,39.49813898184739,Weekday,None,Afternoon,Urban,Chocolate,208,10400
2025-06-11,6,Summer,39.49813898184739,Weekday,None,Afternoon,Urban,Strawberry,175,7875
2025-06-11,6,Summer,39.49813898184739,Weekday,None,Afternoon,Urban,Butterscotch,190,10450
2025-06-11,6,Summer,39.49813898184739,Weekday,None,Afternoon,Urban,Coffee,157,9420
2025-06-12,6,Summer,37.44069075253534,Weekday,Holi,Night,Urban,Vanilla,210,8400
2025-06-12,6,Summer,37.44069075253534,Weekday,Holi,Night,Urban,Chocolate,263,13150
2025-06-12,6,Summer,37.44069075253534,Weekday,Holi,Night,Urban,Strawberry,176,7920
2025-06-12,6,Summer,37.44069075253534,Weekday,Holi,Night,Urban,Butterscotch,229,12595
2025-06-12,6,Summer,37.44069075253534,Weekday,Holi,Night,Urban,Coffee,173,10380
2025-06-13,6,Summer,34.369214627459186,Weekday,None,Afternoon,Urban,Vanilla,194,7760
2025-06-13,6,Summer,34.369214627459186,Weekday,None,Afternoon,Urban,Chocolate,220,11000
2025-06-13,6,Summer,34.369214627459186,Weekday,None,Afternoon,Urban,Strawberry,160,7200
2025-06-13,6,Summer,34.369214627459186,Weekday,None,Afternoon,Urban,Butterscotch,196,10780
2025-06-13,6,Summer,34.369214627459186,Weekday,None,Afternoon,Urban,Coffee,132,7920
2025-06-14,6,Summer,37.16194925882924,Weekend,None,Morning,Urban,Vanilla,195,7800
2025-06-14,6,Summer,37.16194925882924,Weekend,None,Morning,Urban,Chocolate,229,11450
2025-06-14,6,Summer,37.16194925882924,Weekend,None,Morning,Urban,Strawberry,180,8100
2025-06-14,6,Summer,37.16194925882924,Weekend,None,Morning,Urban,Butterscotch,230,12650
2025-06-14,6,Summer,37.16194925882924,Weekend,None,Morning,Urban,Coffee,154,9240
2025-06-15,6,Summer,40.29298884239116,Weekend,None,Afternoon,Rural,Vanilla,191,7640
2025-06-15,6,Summer,40.29298884239116,Weekend,None,Afternoon,Rural,Chocolate,210,10500
2025-06-15,6,Summer,40.29298884239116,Weekend,None,Afternoon,Rural,Strawberry,149,6705
2025-06-15,6,Summer,40.29298884239116,Weekend,None,Afternoon,Rural,Butterscotch,207,11385
2025-06-15,6,Summer,40.29298884239116,Weekend,None,Afternoon,Rural,Coffee,120,7200
2025-06-16,6,Summer,39.38646228817903,Weekday,None,Evening,Urban,Vanilla,216,8640
2025-06-16,6,Summer,39.38646228817903,Weekday,None,Evening,Urban,Chocolate,231,11550
2025-06-16,6,Summer,39.38646228817903,Weekday,None,Evening,Urban,Strawberry,180,8100
2025-06-16,6,Summer,39.38646228817903,Weekday,None,Evening,Urban,Butterscotch,244,13420
2025-06-16,6,Summer,39.38646228817903,Weekday,None,Evening,Urban,Coffee,177,10620
2025-06-17,6,Summer,35.631338943451034,Weekday,None,Afternoon,Rural,Vanilla,162,6480
2025-06-17,6,Summer,35.631338943451034,Weekday,None,Afternoon,Rural,Chocolate,175,8750
2025-06-17,6,Summer,35.631338943451034,Weekday,None,Afternoon,Rural,Strawberry,143,6435
2025-06-17,6,Summer,35.631338943451034,Weekday,None,Afternoon,Rural,Butterscotch,173,9515
2025-06-17,6,Summer,35.631338943451034,Weekday,None,Afternoon,Rural,Coffee,141,8460
2025-06-18,6,Summer,41.59467617960386,Weekday,None,Morning,Urban,Vanilla,190,7600
2025-06-18,6,Summer,41.59467617960386,Weekday,None,Morning,Urban,Chocolate,226,11300
2025-06-18,6,Summer,41.59467617960386,Weekday,None,Morning,Urban,Strawberry,158,7110
2025-06-18,6,Summer,41.59467617960386,Weekday,None,Morning,Urban,Butterscotch,225,12375
2025-06-18,6,Summer,41.59467617960386,Weekday,None,Morning,Urban,Coffee,174,10440
2025-06-19,6,Summer,40.74880759678961,Weekday,None,Afternoon,Rural,Vanilla,204,8160
2025-06-19,6,Summer,40.74880759678961,Weekday,None,Afternoon,Rural,Chocolate,205,10250
2025-06-19,6,Summer,40.74880759678961,Weekday,None,Afternoon,Rural,Strawberry,133,5985
2025-06-19,6,Summer,40.74880759678961,Weekday,None,Afternoon,Rural,Butterscotch,172,9460
2025-06-19,6,Summer,40.74880759678961,Weekday,None,Afternoon,Rural,Coffee,115,6900
2025-06-20,6,Summer,36.618823002030034,Weekday,None,Evening,Urban,Vanilla,209,8360
2025-06-20,6,Summer,36.618823002030034,Weekday,None,Evening,Urban,Chocolate,257,12850
2025-06-20,6,Summer,36.618823002030034,Weekday,None,Evening,Urban,Strawberry,200,9000
2025-06-20,6,Summer,36.618823002030034,Weekday,None,Evening,Urban,Butterscotch,232,12760
2025-06-20,6,Summer,36.618823002030034,Weekday,None,Evening,Urban,Coffee,165,9900
2025-06-21,6,Summer,38.046737041428656,Weekend,None,Afternoon,Urban,Vanilla,207,8280
2025-06-21,6,Summer,38.046737041428656,Weekend,None,Afternoon,Urban,Chocolate,241,12050
2025-06-21,6,Summer,38.046737041428656,Weekend,None,Afternoon,Urban,Strawberry,187,8415
2025-06-21,6,Summer,38.046737041428656,Weekend,None,Afternoon,Urban,Butterscotch,218,11990
2025-06-21,6,Summer,38.046737041428656,Weekend,None,Afternoon,Urban,Coffee,138,8280
2025-06-22,6,Summer,35.448303831489696,Weekend,None,Morning,Rural,Vanilla,193,7720
2025-06-22,6,Summer,35.448303831489696,Weekend,None,Morning,Rural,Chocolate,191,9550
2025-06-22,6,Summer,35.448303831489696,Weekend,None,Morning,Rural,Strawberry,165,7425
2025-06-22,6,Summer,35.448303831489696,Weekend,None,Morning,Rural,Butterscotch,173,9515
2025-06-22,6,Summer,35.448303831489696,Weekend,None,Morning,Rural,Coffee,144,8640
2025-06-23,6,Summer,38.27175177044449,Weekday,None,Afternoon,Rural,Vanilla,171,6840
2025-06-23,6,Summer,38.27175177044449,Weekday,None,Afternoon,Rural,Chocolate,201,10050
2025-06-23,6,Summer,38.27175177044449,Weekday,None,Afternoon,Rural,Strawberry,143,6435
2025-06-23,6,Summer,38.27175177044449,Weekday,None,Afternoon,Rural,Butterscotch,188,10340
2025-06-23,6,Summer,38.27175177044449,Weekday,None,Afternoon,Rural,Coffee,141,8460
2025-06-24,6,Summer,38.19735406842425,Weekday,None,Night,Urban,Vanilla,175,7000
2025-06-24,6,Summer,38.19735406842425,Weekday,None,Night,Urban,Chocolate,212,10600
2025-06-24,6,Summer,38.19735406842425,Weekday,None,Night,Urban,Strawberry,142,6390
2025-06-24,6,Summer,38.19735406842425,Weekday,None,Night,Urban,Butterscotch,195,10725
2025-06-24,6,Summer,38.19735406842425,Weekday,None,Night,Urban,Coffee,142,8520
2025-06-25,6,Summer,38.54840513819222,Weekday,None,Evening,Rural,Vanilla,207,8280
2025-06-25,6,Summer,38.54840513819222,Weekday,None,Evening,Rural,Chocolate,216,10800
2025-06-25,6,Summer,38.54840513819222,Weekday,None,Evening,Rural,Strawberry,173,7785
2025-06-25,6,Summer,38.54840513819222,Weekday,None,Evening,Rural,Butterscotch,207,11385
2025-06-25,6,Summer,38.54840513819222,Weekday,None,Evening,Rural,Coffee,164,9840
2025-06-26,6,Summer,33.2683148872415,Weekday,None,Afternoon,Urban,Vanilla,157,6280
2025-06-26,6,Summer,33.2683148872415,Weekday,None,Afternoon,Urban,Chocolate,211,10550
2025-06-26,6,Summer,33.2683148872415,Weekday,None,Afternoon,Urban,Strawberry,159,7155
2025-06-26,6,Summer,33.2683148872415,Weekday,None,Afternoon,Urban,Butterscotch,182,10010
2025-06-26,6,Summer,33.2683148872415,Weekday,None,Afternoon,Urban,Coffee,107,6420
2025-06-27,6,Summer,37.288568271691474,Weekday,None,Evening,Urban,Vanilla,216,8640
2025-06-27,6,Summer,37.288568271691474,Weekday,None,Evening,Urban,Chocolate,262,13100
2025-06-27,6,Summer,37.288568271691474,Weekday,None,Evening,Urban,Strawberry,159,7155
2025-06-27,6,Summer,37.288568271691474,Weekday,None,Evening,Urban,Butterscotch,224,12320
2025-06-27,6,Summer,37.288568271691474,Weekday,None,Evening,Urban,Coffee,178,10680
2025-06-28,6,Summer,36.73555100850091,Weekend,Christmas,Evening,Urban,Vanilla,284,11360
2025-06-28,6,Summer,36.73555100850091,Weekend,Christmas,Evening,Urban,Chocolate,307,15350
2025-06-28,6,Summer,36.73555100850091,Weekend,Christmas,Evening,Urban,Strawberry,239,10755
2025-06-28,6,Summer,36.73555100850091,Weekend,Christmas,Evening,Urban,Butterscotch,309,16995
2025-06-28,6,Summer,36.73555100850091,Weekend,Christmas,Evening,Urban,Coffee,187,11220
2025-06-29,6,Summer,31.649292224130953,Weekend,None,Afternoon,Urban,Vanilla,203,8120
2025-06-29,6,Summer,31.649292224130953,Weekend,None,Afternoon,Urban,Chocolate,222,11100
2025-06-29,6,Summer,31.649292224130953,Weekend,None,Afternoon,Urban,Strawberry,177,7965
2025-06-29,6,Summer,31.649292224130953,Weekend,None,Afternoon,Urban,Butterscotch,225,12375
2025-06-29,6,Summer,31.649292224130953,Weekend,None,Afternoon,Urban,Coffee,150,9000
2025-06-30,6,Summer,37.420534325451264,Weekday,Summer Vacation,Evening,Rural,Vanilla,192,7680
2025-06-30,6,Summer,37.420534325451264,Weekday,Summer Vacation,Evening,Rural,Chocolate,262,13100
2025-06-30,6,Summer,37.420534325451264,Weekday,Summer Vacation,Evening,Rural,Strawberry,194,8730
2025-06-30,6,Summer,37.420534325451264,Weekday,Summer Vacation,Evening,Rural,Butterscotch,232,12760
2025-06-30,6,Summer,37.420534325451264,Weekday,Summer Vacation,Evening,Rural,Coffee,192,11520
2025-07-01,7,Monsoon,27.464523962741236,Weekday,None,Night,Urban,Vanilla,100,4000
2025-07-01,7,Monsoon,27.464523962741236,Weekday,None,Night,Urban,Chocolate,100,5000
2025-07-01,7,Monsoon,27.464523962741236,Weekday,None,Night,Urban,Strawberry,84,3780
2025-07-01,7,Monsoon,27.464523962741236,Weekday,None,Night,Urban,Butterscotch,100,5500
2025-07-01,7,Monsoon,27.464523962741236,Weekday,None,Night,Urban,Coffee,94,5640
2025-07-02,7,Monsoon,27.963731886666285,Weekday,Diwali,Evening,Urban,Vanilla,170,6800
2025-07-02,7,Monsoon,27.963731886666285,Weekday,Diwali,Evening,Urban,Chocolate,209,10450
2025-07-02,7,Monsoon,27.963731886666285,Weekday,Diwali,Evening,Urban,Strawberry,145,6525
2025-07-02,7,Monsoon,27.963731886666285,Weekday,Diwali,Evening,Urban,Butterscotch,180,9900
2025-07-02,7,Monsoon,27.963731886666285,Weekday,Diwali,Evening,Urban,Coffee,154,9240
2025-07-03,7,Monsoon,32.06961961220772,Weekday,Summer Vacation,Afternoon,Rural,Vanilla,105,4200
2025-07-03,7,Monsoon,32.06961961220772,Weekday,Summer Vacation,Afternoon,Rural,Chocolate,188,9400
2025-07-03,7,Monsoon,32.06961961220772,Weekday,Summer Vacation,Afternoon,Rural,Strawberry,121,5445
2025-07-03,7,Monsoon,32.06961961220772,Weekday,Summer Vacation,Afternoon,Rural,Butterscotch,147,8085
2025-07-03,7,Monsoon,32.06961961220772,Weekday,Summer Vacation,Afternoon,Rural,Coffee,94,5640
2025-07-04,7,Monsoon,25.210837699055393,Weekday,None,Evening,Rural,Vanilla,108,4320
2025-07-04,7,Monsoon,25.210837699055393,Weekday,None,Evening,Rural,Chocolate,131,6550
2025-07-04,7,Monsoon,25.210837699055393,Weekday,None,Evening,Rural,Strawberry,60,2700
2025-07-04,7,Monsoon,25.210837699055393,Weekday,None,Evening,Rural,Butterscotch,140,7700
2025-07-04,7,Monsoon,25.210837699055393,Weekday,None,Evening,Rural,Coffee,107,6420
2025-07-05,7,Monsoon,29.91435106231406,Weekend,None,Evening,Urban,Vanilla,179,7160
2025-07-05,7,Monsoon,29.91435106231406,Weekend,None,Evening,Urban,Chocolate,158,7900
2025-07-05,7,Monsoon,29.91435106231406,Weekend,None,Evening,Urban,Strawberry,176,7920
2025-07-05,7,Monsoon,29.91435106231406,Weekend,None,Evening,Urban,Butterscotch,198,10890
2025-07-05,7,Monsoon,29.91435106231406,Weekend,None,Evening,Urban,Coffee,165,9900
2025-07-06,7,Monsoon,31.474929183467076,Weekend,None,Evening,Rural,Vanilla,173,6920
2025-07-06,7,Monsoon,31.474929183467076,Weekend,None,Evening,Rural,Chocolate,171,8550
2025-07-06,7,Monsoon,31.474929183467076,Weekend,None,Evening,Rural,Strawberry,163,7335
2025-07-06,7,Monsoon,31.474929183467076,Weekend,None,Evening,Rural,Butterscotch,195,10725
2025-07-06,7,Monsoon,31.474929183467076,Weekend,None,Evening,Rural,Coffee,139,8340
2025-07-07,7,Monsoon,28.856542036378,Weekday,Navratri,Afternoon,Urban,Vanilla,155,6200
2025-07-07,7,Monsoon,28.856542036378,Weekday,Navratri,Afternoon,Urban,Chocolate,170,8500
2025-07-07,7,Monsoon,28.856542036378,Weekday,Navratri,Afternoon,Urban,Strawberry,148,6660
2025-07-07,7,Monsoon,28.856542036378,Weekday,Navratri,Afternoon,Urban,Butterscotch,190,10450
2025-07-07,7,Monsoon,28.856542036378,Weekday,Navratri,Afternoon,Urban,Coffee,135,8100
2025-07-08,7,Monsoon,31.11485457422827,Weekday,None,Afternoon,Urban,Vanilla,122,4880
2025-07-08,7,Monsoon,31.11485457422827,Weekday,None,Afternoon,Urban,Chocolate,145,7250
2025-07-08,7,Monsoon,31.11485457422827,Weekday,None,Afternoon,Urban,Strawberry,113,5085
2025-07-08,7,Monsoon,31.11485457422827,Weekday,None,Afternoon,Urban,Butterscotch,104,5720
2025-07-08,7,Monsoon,31.11485457422827,Weekday,None,Afternoon,Urban,Coffee,112,6720
2025-07-09,7,Monsoon,28.76323984989174,Weekday,None,Night,Urban,Vanilla,131,5240
2025-07-09,7,Monsoon,28.76323984989174,Weekday,None,Night,Urban,Chocolate,140,7000
2025-07-09,7,Monsoon,28.76323984989174,Weekday,None,Night,Urban,Strawberry,123,5535
2025-07-09,7,Monsoon,28.76323984989174,Weekday,None,Night,Urban,Butterscotch,119,6545
2025-07-09,7,Monsoon,28.76323984989174,Weekday,None,Night,Urban,Coffee,100,6000
2025-07-10,7,Monsoon,29.580175799270865,Weekday,None,Evening,Urban,Vanilla,149,5960
2025-07-10,7,Monsoon,29.580175799270865,Weekday,None,Evening,Urban,Chocolate,184,9200
2025-07-10,7,Monsoon,29.580175799270865,Weekday,None,Evening,Urban,Strawberry,117,5265
2025-07-10,7,Monsoon,29.580175799270865,Weekday,None,Evening,Urban,Butterscotch,149,8195
2025-07-10,7,Monsoon,29.580175799270865,Weekday,None,Evening,Urban,Coffee,107,6420
2025-07-11,7,Monsoon,30.999262087186967,Weekday,Summer Vacation,Evening,Urban,Vanilla,201,8040
2025-07-11,7,Monsoon,30.999262087186967,Weekday,Summer Vacation,Evening,Urban,Chocolate,201,10050
2025-07-11,7,Monsoon,30.999262087186967,Weekday,Summer Vacation,Evening,Urban,Strawberry,174,7830
2025-07-11,7,Monsoon,30.999262087186967,Weekday,Summer Vacation,Evening,Urban,Butterscotch,190,10450
2025-07-11,7,Monsoon,30.999262087186967,Weekday,Summer Vacation,Evening,Urban,Coffee,146,8760
2025-07-12,7,Monsoon,28.255871349337347,Weekend,None,Afternoon,Urban,Vanilla,138,5520
2025-07-12,7,Monsoon,28.255871349337347,Weekend,None,Afternoon,Urban,Chocolate,151,7550
2025-07-12,7,Monsoon,28.255871349337347,Weekend,None,Afternoon,Urban,Strawberry,136,6120
2025-07-12,7,Monsoon,28.255871349337347,Weekend,None,Afternoon,Urban,Butterscotch,147,8085
2025-07-12,7,Monsoon,28.255871349337347,Weekend,None,Afternoon,Urban,Coffee,95,5700
2025-07-13,7,Monsoon,27.382679916684573,Weekend,None,Night,Urban,Vanilla,142,5680
2025-07-13,7,Monsoon,27.382679916684573,Weekend,None,Night,Urban,Chocolate,150,7500
2025-07-13,7,Monsoon,27.382679916684573,Weekend,None,Night,Urban,Strawberry,110,4950
2025-07-13,7,Monsoon,27.382679916684573,Weekend,None,Night,Urban,Butterscotch,126,6930
2025-07-13,7,Monsoon,27.382679916684573,Weekend,None,Night,Urban,Coffee,88,5280
2025-07-14,7,Monsoon,27.34135925127726,Weekday,Summer Vacation,Evening,Rural,Vanilla,160,6400
2025-07-14,7,Monsoon,27.34135925127726,Weekday,Summer Vacation,Evening,Rural,Chocolate,176,8800
2025-07-14,7,Monsoon,27.34135925127726,Weekday,Summer Vacation,Evening,Rural,Strawberry,146,6570
2025-07-14,7,Monsoon,27.34135925127726,Weekday,Summer Vacation,Evening,Rural,Butterscotch,170,9350
2025-07-14,7,Monsoon,27.34135925127726,Weekday,Summer Vacation,Evening,Rural,Coffee,112,6720
2025-07-15,7,Monsoon,27.58484421796297,Weekday,None,Night,Urban,Vanilla,116,4640
2025-07-15,7,Monsoon,27.58484421796297,Weekday,None,Night,Urban,Chocolate,122,6100
2025-07-15,7,Monsoon,27.58484421796297,Weekday,None,Night,Urban,Strawberry,111,4995
2025-07-15,7,Monsoon,27.58484421796297,Weekday,None,Night,Urban,Butterscotch,120,6600
2025-07-15,7,Monsoon,27.58484421796297,Weekday,None,Night,Urban,Coffee,84,5040
2025-07-16,7,Monsoon,27.372670849724894,Weekday,None,Evening,Urban,Vanilla,130,5200
2025-07-16,7,Monsoon,27.372670849724894,Weekday,None,Evening,Urban,Chocolate,163,8150
2025-07-16,7,Monsoon,27.372670849724894,Weekday,None,Evening,Urban,Strawberry,134,6030
2025-07-16,7,Monsoon,27.372670849724894,Weekday,None,Evening,Urban,Butterscotch,151,8305
2025-07-16,7,Monsoon,27.372670849724894,Weekday,None,Evening,Urban,Coffee,113,6780
2025-07-17,7,Monsoon,27.629628243178985,Weekday,None,Evening,Rural,Vanilla,117,4680
2025-07-17,7,Monsoon,27.629628243178985,Weekday,None,Evening,Rural,Chocolate,144,7200
2025-07-17,7,Monsoon,27.629628243178985,Weekday,None,Evening,Rural,Strawberry,94,4230
2025-07-17,7,Monsoon,27.629628243178985,Weekday,None,Evening,Rural,Butterscotch,119,6545
2025-07-17,7,Monsoon,27.629628243178985,Weekday,None,Evening,Rural,Coffee,103,6180
2025-07-18,7,Monsoon,31.597386581986846,Weekday,None,Evening,Rural,Vanilla,134,5360
2025-07-18,7,Monsoon,31.597386581986846,Weekday,None,Evening,Rural,Chocolate,153,7650
2025-07-18,7,Monsoon,31.597386581986846,Weekday,None,Evening,Rural,Strawberry,126,5670
2025-07-18,7,Monsoon,31.597386581986846,Weekday,None,Evening,Rural,Butterscotch,163,8965
2025-07-18,7,Monsoon,31.597386581986846,Weekday,None,Evening,Rural,Coffee,108,6480
2025-07-19,7,Monsoon,27.056565641446145,Weekend,Navratri,Evening,Urban,Vanilla,182,7280
2025-07-19,7,Monsoon,27.056565641446145,Weekend,Navratri,Evening,Urban,Chocolate,248,12400
2025-07-19,7,Monsoon,27.056565641446145,Weekend,Navratri,Evening,Urban,Strawberry,192,8640
2025-07-19,7,Monsoon,27.056565641446145,Weekend,Navratri,Evening,Urban,Butterscotch,203,11165
2025-07-19,7,Monsoon,27.056565641446145,Weekend,Navratri,Evening,Urban,Coffee,144,8640
2025-07-20,7,Monsoon,31.631643680032447,Weekend,None,Night,Rural,Vanilla,129,5160
2025-07-20,7,Monsoon,31.631643680032447,Weekend,None,Night,Rural,Chocolate,156,7800
2025-07-20,7,Monsoon,31.631643680032447,Weekend,None,Night,Rural,Strawberry,110,4950
2025-07-20,7,Monsoon,31.631643680032447,Weekend,None,Night,Rural,Butterscotch,153,8415
2025-07-20,7,Monsoon,31.631643680032447,Weekend,None,Night,Rural,Coffee,94,5640
2025-07-21,7,Monsoon,28.455811205031665,Weekday,Summer Vacation,Afternoon,Urban,Vanilla,135,5400
2025-07-21,7,Monsoon,28.455811205031665,Weekday,Summer Vacation,Afternoon,Urban,Chocolate,166,8300
2025-07-21,7,Monsoon,28.455811205031665,Weekday,Summer Vacation,Afternoon,Urban,Strawberry,127,5715
2025-07-21,7,Monsoon,28.455811205031665,Weekday,Summer Vacation,Afternoon,Urban,Butterscotch,142,7810
2025-07-21,7,Monsoon,28.455811205031665,Weekday,Summer Vacation,Afternoon,Urban,Coffee,128,7680
2025-07-22,7,Monsoon,28.83497296217721,Weekday,Summer Vacation,Morning,Urban,Vanilla,125,5000
2025-07-22,7,Monsoon,28.83497296217721,Weekday,Summer Vacation,Morning,Urban,Chocolate,205,10250
2025-07-22,7,Monsoon,28.83497296217721,Weekday,Summer Vacation,Morning,Urban,Strawberry,112,5040
2025-07-22,7,Monsoon,28.83497296217721,Weekday,Summer Vacation,Morning,Urban,Butterscotch,165,9075
2025-07-22,7,Monsoon,28.83497296217721,Weekday,Summer Vacation,Morning,Urban,Coffee,96,5760
2025-07-23,7,Monsoon,24.240371435139277,Weekday,None,Evening,Urban,Vanilla,121,4840
2025-07-23,7,Monsoon,24.240371435139277,Weekday,None,Evening,Urban,Chocolate,183,9150
2025-07-23,7,Monsoon,24.240371435139277,Weekday,None,Evening,Urban,Strawberry,99,4455
2025-07-23,7,Monsoon,24.240371435139277,Weekday,None,Evening,Urban,Butterscotch,171,9405
2025-07-23,7,Monsoon,24.240371435139277,Weekday,None,Evening,Urban,Coffee,102,6120
2025-07-24,7,Monsoon,29.070742834177278,Weekday,None,Afternoon,Urban,Vanilla,100,4000
2025-07-24,7,Monsoon,29.070742834177278,Weekday,None,Afternoon,Urban,Chocolate,146,7300
2025-07-24,7,Monsoon,29.070742834177278,Weekday,None,Afternoon,Urban,Strawberry,94,4230
2025-07-24,7,Monsoon,29.070742834177278,Weekday,None,Afternoon,Urban,Butterscotch,154,8470
2025-07-24,7,Monsoon,29.070742834177278,Weekday,None,Afternoon,Urban,Coffee,57,3420
2025-07-25,7,Monsoon,29.49651708352337,Weekday,None,Afternoon,Urban,Vanilla,119,4760
2025-07-25,7,Monsoon,29.49651708352337,Weekday,None,Afternoon,Urban,Chocolate,104,5200
2025-07-25,7,Monsoon,29.49651708352337,Weekday,None,Afternoon,Urban,Strawberry,116,5220
2025-07-25,7,Monsoon,29.49651708352337,Weekday,None,Afternoon,Urban,Butterscotch,113,6215
2025-07-25,7,Monsoon,29.49651708352337,Weekday,None,Afternoon,Urban,Coffee,79,4740
2025-07-26,7,Monsoon,30.375804165784796,Weekend,None,Evening,Rural,Vanilla,140,5600
2025-07-26,7,Monsoon,30.375804165784796,Weekend,None,Evening,Rural,Chocolate,185,9250
2025-07-26,7,Monsoon,30.375804165784796,Weekend,None,Evening,Rural,Strawberry,110,4950
2025-07-26,7,Monsoon,30.375804165784796,Weekend,None,Evening,Rural,Butterscotch,182,10010
2025-07-26,7,Monsoon,30.375804165784796,Weekend,None,Evening,Rural,Coffee,113,6780
2025-07-27,7,Monsoon,31.065992158192778,Weekend,Navratri,Afternoon,Rural,Vanilla,132,5280
2025-07-27,7,Monsoon,31.065992158192778,Weekend,Navratri,Afternoon,Rural,Chocolate,151,7550
2025-07-27,7,Monsoon,31.065992158192778,Weekend,Navratri,Afternoon,Rural,Strawberry,141,6345
2025-07-27,7,Monsoon,31.065992158192778,Weekend,Navratri,Afternoon,Rural,Butterscotch,173,9515
2025-07-27,7,Monsoon,31.065992158192778,Weekend,Navratri,Afternoon,Rural,Coffee,124,7440
2025-07-28,7,Monsoon,23.053387657414884,Weekday,None,Morning,Urban,Vanilla,80,3200
2025-07-28,7,Monsoon,23.053387657414884,Weekday,None,Morning,Urban,Chocolate,122,6100
2025-07-28,7,Monsoon,23.053387657414884,Weekday,None,Morning,Urban,Strawberry,98,4410
2025-07-28,7,Monsoon,23.053387657414884,Weekday,None,Morning,Urban,Butterscotch,125,6875
2025-07-28,7,Monsoon,23.053387657414884,Weekday,None,Morning,Urban,Coffee,90,5400
2025-07-29,7,Monsoon,28.005251700699425,Weekday,None,Evening,Rural,Vanilla,131,5240
2025-07-29,7,Monsoon,28.005251700699425,Weekday,None,Evening,Rural,Chocolate,128,6400
2025-07-29,7,Monsoon,28.005251700699425,Weekday,None,Evening,Rural,Strawberry,110,4950
2025-07-29,7,Monsoon,28.005251700699425,Weekday,None,Evening,Rural,Butterscotch,142,7810
2025-07-29,7,Monsoon,28.005251700699425,Weekday,None,Evening,Rural,Coffee,86,5160
2025-07-30,7,Monsoon,31.178544493862198,Weekday,None,Afternoon,Urban,Vanilla,129,5160
2025-07-30,7,Monsoon,31.178544493862198,Weekday,None,Afternoon,Urban,Chocolate,156,7800
2025-07-30,7,Monsoon,31.178544493862198,Weekday,None,Afternoon,Urban,Strawberry,104,4680
2025-07-30,7,Monsoon,31.178544493862198,Weekday,None,Afternoon,Urban,Butterscotch,139,7645
2025-07-30,7,Monsoon,31.178544493862198,Weekday,None,Afternoon,Urban,Coffee,82,4920
2025-07-31,7,Monsoon,28.863686739131126,Weekday,None,Evening,Rural,Vanilla,136,5440
2025-07-31,7,Monsoon,28.863686739131126,Weekday,None,Evening,Rural,Chocolate,144,7200
2025-07-31,7,Monsoon,28.863686739131126,Weekday,None,Evening,Rural,Strawberry,121,5445
2025-07-31,7,Monsoon,28.863686739131126,Weekday,None,Evening,Rural,Butterscotch,124,6820
2025-07-31,7,Monsoon,28.863686739131126,Weekday,None,Evening,Rural,Coffee,90,5400
2025-08-01,8,Monsoon,26.375022619327375,Weekday,None,Morning,Urban,Vanilla,112,4480
2025-08-01,8,Monsoon,26.375022619327375,Weekday,None,Morning,Urban,Chocolate,104,5200
2025-08-01,8,Monsoon,26.375022619327375,Weekday,None,Morning,Urban,Strawberry,115,5175
2025-08-01,8,Monsoon,26.375022619327375,Weekday,None,Morning,Urban,Butterscotch,120,6600
2025-08-01,8,Monsoon,26.375022619327375,Weekday,None,Morning,Urban,Coffee,90,5400
2025-08-02,8,Monsoon,30.111253645589745,Weekend,None,Afternoon,Rural,Vanilla,100,4000
2025-08-02,8,Monsoon,30.111253645589745,Weekend,None,Afternoon,Rural,Chocolate,131,6550
2025-08-02,8,Monsoon,30.111253645589745,Weekend,None,Afternoon,Rural,Strawberry,92,4140
2025-08-02,8,Monsoon,30.111253645589745,Weekend,None,Afternoon,Rural,Butterscotch,126,6930
2025-08-02,8,Monsoon,30.111253645589745,Weekend,None,Afternoon,Rural,Coffee,91,5460
2025-08-03,8,Monsoon,29.413355257078234,Weekend,None,Afternoon,Urban,Vanilla,136,5440
2025-08-03,8,Monsoon,29.413355257078234,Weekend,None,Afternoon,Urban,Chocolate,159,7950
2025-08-03,8,Monsoon,29.413355257078234,Weekend,None,Afternoon,Urban,Strawberry,127,5715
2025-08-03,8,Monsoon,29.413355257078234,Weekend,None,Afternoon,Urban,Butterscotch,177,9735
2025-08-03,8,Monsoon,29.413355257078234,Weekend,None,Afternoon,Urban,Coffee,93,5580
2025-08-04,8,Monsoon,26.388657305927516,Weekday,Holi,Night,Urban,Vanilla,131,5240
2025-08-04,8,Monsoon,26.388657305927516,Weekday,Holi,Night,Urban,Chocolate,184,9200
2025-08-04,8,Monsoon,26.388657305927516,Weekday,Holi,Night,Urban,Strawberry,143,6435
2025-08-04,8,Monsoon,26.388657305927516,Weekday,Holi,Night,Urban,Butterscotch,160,8800
2025-08-04,8,Monsoon,26.388657305927516,Weekday,Holi,Night,Urban,Coffee,139,8340
2025-08-05,8,Monsoon,29.433439284245765,Weekday,None,Night,Rural,Vanilla,72,2880
2025-08-05,8,Monsoon,29.433439284245765,Weekday,None,Night,Rural,Chocolate,118,5900
2025-08-05,8,Monsoon,29.433439284245765,Weekday,None,Night,Rural,Strawberry,64,2880
2025-08-05,8,Monsoon,29.433439284245765,Weekday,None,Night,Rural,Butterscotch,99,5445
2025-08-05,8,Monsoon,29.433439284245765,Weekday,None,Night,Rural,Coffee,71,4260
2025-08-06,8,Monsoon,28.033061960045,Weekday,None,Night,Urban,Vanilla,124,4960
2025-08-06,8,Monsoon,28.033061960045,Weekday,None,Night,Urban,Chocolate,139,6950
2025-08-06,8,Monsoon,28.033061960045,Weekday,None,Night,Urban,Strawberry,91,4095
2025-08-06,8,Monsoon,28.033061960045,Weekday,None,Night,Urban,Butterscotch,117,6435
2025-08-06,8,Monsoon,28.033061960045,Weekday,None,Night,Urban,Coffee,74,4440
2025-08-07,8,Monsoon,28.55064019674026,Weekday,None,Evening,Rural,Vanilla,136,5440
2025-08-07,8,Monsoon,28.55064019674026,Weekday,None,Evening,Rural,Chocolate,142,7100
2025-08-07,8,Monsoon,28.55064019674026,Weekday,None,Evening,Rural,Strawberry,110,4950
2025-08-07,8,Monsoon,28.55064019674026,Weekday,None,Evening,Rural,Butterscotch,136,7480
2025-08-07,8,Monsoon,28.55064019674026,Weekday,None,Evening,Rural,Coffee,86,5160
2025-08-08,8,Monsoon,31.94262995551989,Weekday,None,Afternoon,Rural,Vanilla,99,3960
2025-08-08,8,Monsoon,31.94262995551989,Weekday,None,Afternoon,Rural,Chocolate,126,6300
2025-08-08,8,Monsoon,31.94262995551989,Weekday,None,Afternoon,Rural,Strawberry,90,4050
2025-08-08,8,Monsoon,31.94262995551989,Weekday,None,Afternoon,Rural,Butterscotch,123,6765
2025-08-08,8,Monsoon,31.94262995551989,Weekday,None,Afternoon,Rural,Coffee,69,4140
2025-08-09,8,Monsoon,27.320783255918656,Weekend,None,Morning,Rural,Vanilla,96,3840
2025-08-09,8,Monsoon,27.320783255918656,Weekend,None,Morning,Rural,Chocolate,132,6600
2025-08-09,8,Monsoon,27.320783255918656,Weekend,None,Morning,Rural,Strawberry,91,4095
2025-08-09,8,Monsoon,27.320783255918656,Weekend,None,Morning,Rural,Butterscotch,104,5720
2025-08-09,8,Monsoon,27.320783255918656,Weekend,None,Morning,Rural,Coffee,65,3900
2025-08-10,8,Monsoon,29.83742911775159,Weekend,Diwali,Evening,Urban,Vanilla,183,7320
2025-08-10,8,Monsoon,29.83742911775159,Weekend,Diwali,Evening,Urban,Chocolate,264,13200
2025-08-10,8,Monsoon,29.83742911775159,Weekend,Diwali,Evening,Urban,Strawberry,179,8055
2025-08-10,8,Monsoon,29.83742911775159,Weekend,Diwali,Evening,Urban,Butterscotch,220,12100
2025-08-10,8,Monsoon,29.83742911775159,Weekend,Diwali,Evening,Urban,Coffee,170,10200
2025-08-11,8,Monsoon,31.948964014756513,Weekday,None,Afternoon,Urban,Vanilla,131,5240
2025-08-11,8,Monsoon,31.948964014756513,Weekday,None,Afternoon,Urban,Chocolate,156,7800
2025-08-11,8,Monsoon,31.948964014756513,Weekday,None,Afternoon,Urban,Strawberry,97,4365
2025-08-11,8,Monsoon,31.948964014756513,Weekday,None,Afternoon,Urban,Butterscotch,129,7095
2025-08-11,8,Monsoon,31.948964014756513,Weekday,None,Afternoon,Urban,Coffee,97,5820
2025-08-12,8,Monsoon,32.114780315299335,Weekday,None,Afternoon,Urban,Vanilla,110,4400
2025-08-12,8,Monsoon,32.114780315299335,Weekday,None,Afternoon,Urban,Chocolate,171,8550
2025-08-12,8,Monsoon,32.114780315299335,Weekday,None,Afternoon,Urban,Strawberry,113,5085
2025-08-12,8,Monsoon,32.114780315299335,Weekday,None,Afternoon,Urban,Butterscotch,142,7810
2025-08-12,8,Monsoon,32.114780315299335,Weekday,None,Afternoon,Urban,Coffee,100,6000
2025-08-13,8,Monsoon,23.10619156143197,Weekday,None,Night,Rural,Vanilla,98,3920
2025-08-13,8,Monsoon,23.10619156143197,Weekday,None,Night,Rural,Chocolate,104,5200
2025-08-13,8,Monsoon,23.10619156143197,Weekday,None,Night,Rural,Strawberry,57,2565
2025-08-13,8,Monsoon,23.10619156143197,Weekday,None,Night,Rural,Butterscotch,85,4675
2025-08-13,8,Monsoon,23.10619156143197,Weekday,None,Night,Rural,Coffee,37,2220
2025-08-14,8,Monsoon,27.991360062041537,Weekday,None,Morning,Rural,Vanilla,73,2920
2025-08-14,8,Monsoon,27.991360062041537,Weekday,None,Morning,Rural,Chocolate,92,4600
2025-08-14,8,Monsoon,27.991360062041537,Weekday,None,Morning,Rural,Strawberry,83,3735
2025-08-14,8,Monsoon,27.991360062041537,Weekday,None,Morning,Rural,Butterscotch,108,5940
2025-08-14,8,Monsoon,27.991360062041537,Weekday,None,Morning,Rural,Coffee,43,2580
2025-08-15,8,Monsoon,30.044041270221534,Weekday,Summer Vacation,Afternoon,Rural,Vanilla,121,4840
2025-08-15,8,Monsoon,30.044041270221534,Weekday,Summer Vacation,Afternoon,Rural,Chocolate,180,9000
2025-08-15,8,Monsoon,30.044041270221534,Weekday,Summer Vacation,Afternoon,Rural,Strawberry,112,5040
2025-08-15,8,Monsoon,30.044041270221534,Weekday,Summer Vacation,Afternoon,Rural,Butterscotch,151,8305
2025-08-15,8,Monsoon,30.044041270221534,Weekday,Summer Vacation,Afternoon,Rural,Coffee,104,6240
2025-08-16,8,Monsoon,26.289589185319134,Weekend,None,Evening,Rural,Vanilla,106,4240
2025-08-16,8,Monsoon,26.289589185319134,Weekend,None,Evening,Rural,Chocolate,166,8300
2025-08-16,8,Monsoon,26.289589185319134,Weekend,None,Evening,Rural,Strawberry,121,5445
2025-08-16,8,Monsoon,26.289589185319134,Weekend,None,Evening,Rural,Butterscotch,157,8635
2025-08-16,8,Monsoon,26.289589185319134,Weekend,None,Evening,Rural,Coffee,111,6660
2025-08-17,8,Monsoon,31.121600143611897,Weekend,None,Afternoon,Urban,Vanilla,156,6240
2025-08-17,8,Monsoon,31.121600143611897,Weekend,None,Afternoon,Urban,Chocolate,180,9000
2025-08-17,8,Monsoon,31.121600143611897,Weekend,None,Afternoon,Urban,Strawberry,102,4590
2025-08-17,8,Monsoon,31.121600143611897,Weekend,None,Afternoon,Urban,Butterscotch,168,9240
2025-08-17,8,Monsoon,31.121600143611897,Weekend,None,Afternoon,Urban,Coffee,106,6360
2025-08-18,8,Monsoon,26.54574172617996,Weekday,None,Afternoon,Urban,Vanilla,115,4600
2025-08-18,8,Monsoon,26.54574172617996,Weekday,None,Afternoon,Urban,Chocolate,123,6150
2025-08-18,8,Monsoon,26.54574172617996,Weekday,None,Afternoon,Urban,Strawberry,95,4275
2025-08-18,8,Monsoon,26.54574172617996,Weekday,None,Afternoon,Urban,Butterscotch,103,5665
2025-08-18,8,Monsoon,26.54574172617996,Weekday,None,Afternoon,Urban,Coffee,109,6540
2025-08-19,8,Monsoon,26.34943725609512,Weekday,None,Evening,Urban,Vanilla,159,6360
2025-08-19,8,Monsoon,26.34943725609512,Weekday,None,Evening,Urban,Chocolate,171,8550
2025-08-19,8,Monsoon,26.34943725609512,Weekday,None,Evening,Urban,Strawberry,113,5085
2025-08-19,8,Monsoon,26.34943725609512,Weekday,None,Evening,Urban,Butterscotch,130,7150
2025-08-19,8,Monsoon,26.34943725609512,Weekday,None,Evening,Urban,Coffee,81,4860
2025-08-20,8,Monsoon,32.70458190814177,Weekday,Navratri,Afternoon,Urban,Vanilla,158,6320
2025-08-20,8,Monsoon,32.70458190814177,Weekday,Navratri,Afternoon,Urban,Chocolate,205,10250
2025-08-20,8,Monsoon,32.70458190814177,Weekday,Navratri,Afternoon,Urban,Strawberry,173,7785
2025-08-20,8,Monsoon,32.70458190814177,Weekday,Navratri,Afternoon,Urban,Butterscotch,199,10945
2025-08-20,8,Monsoon,32.70458190814177,Weekday,Navratri,Afternoon,Urban,Coffee,115,6900
2025-08-21,8,Monsoon,25.11485885712519,Weekday,None,Evening,Urban,Vanilla,170,6800
2025-08-21,8,Monsoon,25.11485885712519,Weekday,None,Evening,Urban,Chocolate,151,7550
2025-08-21,8,Monsoon,25.11485885712519,Weekday,None,Evening,Urban,Strawberry,115,5175
2025-08-21,8,Monsoon,25.11485885712519,Weekday,None,Evening,Urban,Butterscotch,155,8525
2025-08-21,8,Monsoon,25.11485885712519,Weekday,None,Evening,Urban,Coffee,93,5580
2025-08-22,8,Monsoon,28.514542263574338,Weekday,None,Evening,Urban,Vanilla,160,6400
2025-08-22,8,Monsoon,28.514542263574338,Weekday,None,Evening,Urban,Chocolate,178,8900
2025-08-22,8,Monsoon,28.514542263574338,Weekday,None,Evening,Urban,Strawberry,144,6480
2025-08-22,8,Monsoon,28.514542263574338,Weekday,None,Evening,Urban,Butterscotch,154,8470
2025-08-22,8,Monsoon,28.514542263574338,Weekday,None,Evening,Urban,Coffee,119,7140
2025-08-23,8,Monsoon,22.2488417996448,Weekend,Summer Vacation,Night,Urban,Vanilla,145,5800
2025-08-23,8,Monsoon,22.2488417996448,Weekend,Summer Vacation,Night,Urban,Chocolate,200,10000
2025-08-23,8,Monsoon,22.2488417996448,Weekend,Summer Vacation,Night,Urban,Strawberry,126,5670
2025-08-23,8,Monsoon,22.2488417996448,Weekend,Summer Vacation,Night,Urban,Butterscotch,161,8855
2025-08-23,8,Monsoon,22.2488417996448,Weekend,Summer Vacation,Night,Urban,Coffee,132,7920
2025-08-24,8,Monsoon,27.49495577083631,Weekend,None,Morning,Urban,Vanilla,134,5360
2025-08-24,8,Monsoon,27.49495577083631,Weekend,None,Morning,Urban,Chocolate,153,7650
2025-08-24,8,Monsoon,27.49495577083631,Weekend,None,Morning,Urban,Strawberry,131,5895
2025-08-24,8,Monsoon,27.49495577083631,Weekend,None,Morning,Urban,Butterscotch,117,6435
2025-08-24,8,Monsoon,27.49495577083631,Weekend,None,Morning,Urban,Coffee,132,7920
2025-08-25,8,Monsoon,29.967682250052924,Weekday,None,Evening,Urban,Vanilla,149,5960
2025-08-25,8,Monsoon,29.967682250052924,Weekday,None,Evening,Urban,Chocolate,179,8950
2025-08-25,8,Monsoon,29.967682250052924,Weekday,None,Evening,Urban,Strawberry,124,5580
2025-08-25,8,Monsoon,29.967682250052924,Weekday,None,Evening,Urban,Butterscotch,176,9680
2025-08-25,8,Monsoon,29.967682250052924,Weekday,None,Evening,Urban,Coffee,133,7980
2025-08-26,8,Monsoon,26.558304371874947,Weekday,None,Evening,Rural,Vanilla,152,6080
2025-08-26,8,Monsoon,26.558304371874947,Weekday,None,Evening,Rural,Chocolate,145,7250
2025-08-26,8,Monsoon,26.558304371874947,Weekday,None,Evening,Rural,Strawberry,119,5355
2025-08-26,8,Monsoon,26.558304371874947,Weekday,None,Evening,Rural,Butterscotch,142,7810
2025-08-26,8,Monsoon,26.558304371874947,Weekday,None,Evening,Rural,Coffee,89,5340
2025-08-27,8,Monsoon,30.28375812295554,Weekday,Navratri,Morning,Urban,Vanilla,150,6000
2025-08-27,8,Monsoon,30.28375812295554,Weekday,Navratri,Morning,Urban,Chocolate,179,8950
2025-08-27,8,Monsoon,30.28375812295554,Weekday,Navratri,Morning,Urban,Strawberry,130,5850
2025-08-27,8,Monsoon,30.28375812295554,Weekday,Navratri,Morning,Urban,Butterscotch,199,10945
2025-08-27,8,Monsoon,30.28375812295554,Weekday,Navratri,Morning,Urban,Coffee,123,7380
2025-08-28,8,Monsoon,28.931785598020912,Weekday,None,Evening,Urban,Vanilla,151,6040
2025-08-28,8,Monsoon,28.931785598020912,Weekday,None,Evening,Urban,Chocolate,172,8600
2025-08-28,8,Monsoon,28.931785598020912,Weekday,None,Evening,Urban,Strawberry,132,5940
2025-08-28,8,Monsoon,28.931785598020912,Weekday,None,Evening,Urban,Butterscotch,166,9130
2025-08-28,8,Monsoon,28.931785598020912,Weekday,None,Evening,Urban,Coffee,108,6480
2025-08-29,8,Monsoon,29.385238295173874,Weekday,None,Night,Rural,Vanilla,90,3600
2025-08-29,8,Monsoon,29.385238295173874,Weekday,None,Night,Rural,Chocolate,112,5600
2025-08-29,8,Monsoon,29.385238295173874,Weekday,None,Night,Rural,Strawberry,57,2565
2025-08-29,8,Monsoon,29.385238295173874,Weekday,None,Night,Rural,Butterscotch,109,5995
2025-08-29,8,Monsoon,29.385238295173874,Weekday,None,Night,Rural,Coffee,67,4020
2025-08-30,8,Monsoon,32.06700168196062,Weekend,None,Morning,Urban,Vanilla,140,5600
2025-08-30,8,Monsoon,32.06700168196062,Weekend,None,Morning,Urban,Chocolate,194,9700
2025-08-30,8,Monsoon,32.06700168196062,Weekend,None,Morning,Urban,Strawberry,130,5850
2025-08-30,8,Monsoon,32.06700168196062,Weekend,None,Morning,Urban,Butterscotch,164,9020
2025-08-30,8,Monsoon,32.06700168196062,Weekend,None,Morning,Urban,Coffee,115,6900
2025-08-31,8,Monsoon,31.4747395871272,Weekend,None,Evening,Urban,Vanilla,170,6800
2025-08-31,8,Monsoon,31.4747395871272,Weekend,None,Evening,Urban,Chocolate,209,10450
2025-08-31,8,Monsoon,31.4747395871272,Weekend,None,Evening,Urban,Strawberry,127,5715
2025-08-31,8,Monsoon,31.4747395871272,Weekend,None,Evening,Urban,Butterscotch,173,9515
2025-08-31,8,Monsoon,31.4747395871272,Weekend,None,Evening,Urban,Coffee,135,8100
2025-09-01,9,Monsoon,26.729875308965426,Weekday,None,Afternoon,Urban,Vanilla,102,4080
2025-09-01,9,Monsoon,26.729875308965426,Weekday,None,Afternoon,Urban,Chocolate,136,6800
2025-09-01,9,Monsoon,26.729875308965426,Weekday,None,Afternoon,Urban,Strawberry,119,5355
2025-09-01,9,Monsoon,26.729875308965426,Weekday,None,Afternoon,Urban,Butterscotch,125,6875
2025-09-01,9,Monsoon,26.729875308965426,Weekday,None,Afternoon,Urban,Coffee,100,6000
2025-09-02,9,Monsoon,31.18912490922759,Weekday,Navratri,Evening,Urban,Vanilla,207,8280
2025-09-02,9,Monsoon,31.18912490922759,Weekday,Navratri,Evening,Urban,Chocolate,231,11550
2025-09-02,9,Monsoon,31.18912490922759,Weekday,Navratri,Evening,Urban,Strawberry,177,7965
2025-09-02,9,Monsoon,31.18912490922759,Weekday,Navratri,Evening,Urban,Butterscotch,219,12045
2025-09-02,9,Monsoon,31.18912490922759,Weekday,Navratri,Evening,Urban,Coffee,139,8340
2025-09-03,9,Monsoon,30.424670533626735,Weekday,None,Evening,Urban,Vanilla,159,6360
2025-09-03,9,Monsoon,30.424670533626735,Weekday,None,Evening,Urban,Chocolate,187,9350
2025-09-03,9,Monsoon,30.424670533626735,Weekday,None,Evening,Urban,Strawberry,121,5445
2025-09-03,9,Monsoon,30.424670533626735,Weekday,None,Evening,Urban,Butterscotch,198,10890
2025-09-03,9,Monsoon,30.424670533626735,Weekday,None,Evening,Urban,Coffee,115,6900
2025-09-04,9,Monsoon,28.38356814367834,Weekday,None,Afternoon,Urban,Vanilla,109,4360
2025-09-04,9,Monsoon,28.38356814367834,Weekday,None,Afternoon,Urban,Chocolate,162,8100
2025-09-04,9,Monsoon,28.38356814367834,Weekday,None,Afternoon,Urban,Strawberry,86,3870
2025-09-04,9,Monsoon,28.38356814367834,Weekday,None,Afternoon,Urban,Butterscotch,148,8140
2025-09-04,9,Monsoon,28.38356814367834,Weekday,None,Afternoon,Urban,Coffee,87,5220
2025-09-05,9,Monsoon,27.692491014844247,Weekday,Navratri,Night,Urban,Vanilla,153,6120
2025-09-05,9,Monsoon,27.692491014844247,Weekday,Navratri,Night,Urban,Chocolate,195,9750
2025-09-05,9,Monsoon,27.692491014844247,Weekday,Navratri,Night,Urban,Strawberry,160,7200
2025-09-05,9,Monsoon,27.692491014844247,Weekday,Navratri,Night,Urban,Butterscotch,136,7480
2025-09-05,9,Monsoon,27.692491014844247,Weekday,Navratri,Night,Urban,Coffee,100,6000
2025-09-06,9,Monsoon,27.39255267821063,Weekend,Summer Vacation,Morning,Urban,Vanilla,160,6400
2025-09-06,9,Monsoon,27.39255267821063,Weekend,Summer Vacation,Morning,Urban,Chocolate,188,9400
2025-09-06,9,Monsoon,27.39255267821063,Weekend,Summer Vacation,Morning,Urban,Strawberry,134,6030
2025-09-06,9,Monsoon,27.39255267821063,Weekend,Summer Vacation,Morning,Urban,Butterscotch,185,10175
2025-09-06,9,Monsoon,27.39255267821063,Weekend,Summer Vacation,Morning,Urban,Coffee,141,8460
2025-09-07,9,Monsoon,25.074939010958158,Weekend,None,Morning,Urban,Vanilla,118,4720
2025-09-07,9,Monsoon,25.074939010958158,Weekend,None,Morning,Urban,Chocolate,146,7300
2025-09-07,9,Monsoon,25.074939010958158,Weekend,None,Morning,Urban,Strawberry,95,4275
2025-09-07,9,Monsoon,25.074939010958158,Weekend,None,Morning,Urban,Butterscotch,130,7150
2025-09-07,9,Monsoon,25.074939010958158,Weekend,None,Morning,Urban,Coffee,83,4980
2025-09-08,9,Monsoon,28.748361296903333,Weekday,Christmas,Afternoon,Urban,Vanilla,135,5400
2025-09-08,9,Monsoon,28.748361296903333,Weekday,Christmas,Afternoon,Urban,Chocolate,186,9300
2025-09-08,9,Monsoon,28.748361296903333,Weekday,Christmas,Afternoon,Urban,Strawberry,135,6075
2025-09-08,9,Monsoon,28.748361296903333,Weekday,Christmas,Afternoon,Urban,Butterscotch,178,9790
2025-09-08,9,Monsoon,28.748361296903333,Weekday,Christmas,Afternoon,Urban,Coffee,115,6900
2025-09-09,9,Monsoon,30.237769635730185,Weekday,None,Morning,Rural,Vanilla,112,4480
2025-09-09,9,Monsoon,30.237769635730185,Weekday,None,Morning,Rural,Chocolate,120,6000
2025-09-09,9,Monsoon,30.237769635730185,Weekday,None,Morning,Rural,Strawberry,96,4320
2025-09-09,9,Monsoon,30.237769635730185,Weekday,None,Morning,Rural,Butterscotch,107,5885
2025-09-09,9,Monsoon,30.237769635730185,Weekday,None,Morning,Rural,Coffee,100,6000
2025-09-10,9,Monsoon,29.91927463614963,Weekday,None,Morning,Urban,Vanilla,133,5320
2025-09-10,9,Monsoon,29.91927463614963,Weekday,None,Morning,Urban,Chocolate,118,5900
2025-09-10,9,Monsoon,29.91927463614963,Weekday,None,Morning,Urban,Strawberry,118,5310
2025-09-10,9,Monsoon,29.91927463614963,Weekday,None,Morning,Urban,Butterscotch,135,7425
2025-09-10,9,Monsoon,29.91927463614963,Weekday,None,Morning,Urban,Coffee,91,5460
2025-09-11,9,Monsoon,29.782380317652503,Weekday,None,Afternoon,Urban,Vanilla,125,5000
2025-09-11,9,Monsoon,29.782380317652503,Weekday,None,Afternoon,Urban,Chocolate,146,7300
2025-09-11,9,Monsoon,29.782380317652503,Weekday,None,Afternoon,Urban,Strawberry,96,4320
2025-09-11,9,Monsoon,29.782380317652503,Weekday,None,Afternoon,Urban,Butterscotch,181,9955
2025-09-11,9,Monsoon,29.782380317652503,Weekday,None,Afternoon,Urban,Coffee,103,6180
2025-09-12,9,Monsoon,28.843338302139685,Weekday,None,Evening,Urban,Vanilla,138,5520
2025-09-12,9,Monsoon,28.843338302139685,Weekday,None,Evening,Urban,Chocolate,194,9700
2025-09-12,9,Monsoon,28.843338302139685,Weekday,None,Evening,Urban,Strawberry,138,6210
2025-09-12,9,Monsoon,28.843338302139685,Weekday,None,Evening,Urban,Butterscotch,187,10285
2025-09-12,9,Monsoon,28.843338302139685,Weekday,None,Evening,Urban,Coffee,86,5160
2025-09-13,9,Monsoon,29.925574773056617,Weekend,None,Evening,Urban,Vanilla,188,7520
2025-09-13,9,Monsoon,29.925574773056617,Weekend,None,Evening,Urban,Chocolate,214,10700
2025-09-13,9,Monsoon,29.925574773056617,Weekend,None,Evening,Urban,Strawberry,174,7830
2025-09-13,9,Monsoon,29.925574773056617,Weekend,None,Evening,Urban,Butterscotch,187,10285
2025-09-13,9,Monsoon,29.925574773056617,Weekend,None,Evening,Urban,Coffee,145,8700
2025-09-14,9,Monsoon,27.638448867349638,Weekend,None,Evening,Urban,Vanilla,167,6680
2025-09-14,9,Monsoon,27.638448867349638,Weekend,None,Evening,Urban,Chocolate,196,9800
2025-09-14,9,Monsoon,27.638448867349638,Weekend,None,Evening,Urban,Strawberry,138,6210
2025-09-14,9,Monsoon,27.638448867349638,Weekend,None,Evening,Urban,Butterscotch,199,10945
2025-09-14,9,Monsoon,27.638448867349638,Weekend,None,Evening,Urban,Coffee,117,7020
2025-09-15,9,Monsoon,32.93889076266396,Weekday,None,Afternoon,Urban,Vanilla,117,4680
2025-09-15,9,Monsoon,32.93889076266396,Weekday,None,Afternoon,Urban,Chocolate,158,7900
2025-09-15,9,Monsoon,32.93889076266396,Weekday,None,Afternoon,Urban,Strawberry,112,5040
2025-09-15,9,Monsoon,32.93889076266396,Weekday,None,Afternoon,Urban,Butterscotch,125,6875
2025-09-15,9,Monsoon,32.93889076266396,Weekday,None,Afternoon,Urban,Coffee,77,4620
2025-09-16,9,Monsoon,28.983278425457087,Weekday,None,Night,Urban,Vanilla,131,5240
2025-09-16,9,Monsoon,28.983278425457087,Weekday,None,Night,Urban,Chocolate,138,6900
2025-09-16,9,Monsoon,28.983278425457087,Weekday,None,Night,Urban,Strawberry,86,3870
2025-09-16,9,Monsoon,28.983278425457087,Weekday,None,Night,Urban,Butterscotch,127,6985
2025-09-16,9,Monsoon,28.983278425457087,Weekday,None,Night,Urban,Coffee,98,5880
2025-09-17,9,Monsoon,26.631558212212376,Weekday,None,Evening,Urban,Vanilla,132,5280
2025-09-17,9,Monsoon,26.631558212212376,Weekday,None,Evening,Urban,Chocolate,176,8800
2025-09-17,9,Monsoon,26.631558212212376,Weekday,None,Evening,Urban,Strawberry,121,5445
2025-09-17,9,Monsoon,26.631558212212376,Weekday,None,Evening,Urban,Butterscotch,133,7315
2025-09-17,9,Monsoon,26.631558212212376,Weekday,None,Evening,Urban,Coffee,118,7080
2025-09-18,9,Monsoon,30.050338626524336,Weekday,None,Night,Rural,Vanilla,59,2360
2025-09-18,9,Monsoon,30.050338626524336,Weekday,None,Night,Rural,Chocolate,110,5500
2025-09-18,9,Monsoon,30.050338626524336,Weekday,None,Night,Rural,Strawberry,86,3870
2025-09-18,9,Monsoon,30.050338626524336,Weekday,None,Night,Rural,Butterscotch,93,5115
2025-09-18,9,Monsoon,30.050338626524336,Weekday,None,Night,Rural,Coffee,73,4380
2025-09-19,9,Monsoon,28.02092665601887,Weekday,None,Afternoon,Rural,Vanilla,87,3480
2025-09-19,9,Monsoon,28.02092665601887,Weekday,None,Afternoon,Rural,Chocolate,112,5600
2025-09-19,9,Monsoon,28.02092665601887,Weekday,None,Afternoon,Rural,Strawberry,88,3960
2025-09-19,9,Monsoon,28.02092665601887,Weekday,None,Afternoon,Rural,Butterscotch,86,4730
2025-09-19,9,Monsoon,28.02092665601887,Weekday,None,Afternoon,Rural,Coffee,94,5640
2025-09-20,9,Monsoon,28.3707971051159,Weekend,None,Evening,Urban,Vanilla,188,7520
2025-09-20,9,Monsoon,28.3707971051159,Weekend,None,Evening,Urban,Chocolate,190,9500
2025-09-20,9,Monsoon,28.3707971051159,Weekend,None,Evening,Urban,Strawberry,149,6705
2025-09-20,9,Monsoon,28.3707971051159,Weekend,None,Evening,Urban,Butterscotch,196,10780
2025-09-20,9,Monsoon,28.3707971051159,Weekend,None,Evening,Urban,Coffee,130,7800
2025-09-21,9,Monsoon,30.182695163817282,Weekend,None,Night,Urban,Vanilla,137,5480
2025-09-21,9,Monsoon,30.182695163817282,Weekend,None,Night,Urban,Chocolate,165,8250
2025-09-21,9,Monsoon,30.182695163817282,Weekend,None,Night,Urban,Strawberry,121,5445
2025-09-21,9,Monsoon,30.182695163817282,Weekend,None,Night,Urban,Butterscotch,137,7535
2025-09-21,9,Monsoon,30.182695163817282,Weekend,None,Night,Urban,Coffee,106,6360
2025-09-22,9,Monsoon,22.357770888821722,Weekday,None,Afternoon,Rural,Vanilla,63,2520
2025-09-22,9,Monsoon,22.357770888821722,Weekday,None,Afternoon,Rural,Chocolate,86,4300
2025-09-22,9,Monsoon,22.357770888821722,Weekday,None,Afternoon,Rural,Strawberry,42,1890
2025-09-22,9,Monsoon,22.357770888821722,Weekday,None,Afternoon,Rural,Butterscotch,62,3410
2025-09-22,9,Monsoon,22.357770888821722,Weekday,None,Afternoon,Rural,Coffee,32,1920
2025-09-23,9,Monsoon,31.154987622292328,Weekday,None,Evening,Urban,Vanilla,146,5840
2025-09-23,9,Monsoon,31.154987622292328,Weekday,None,Evening,Urban,Chocolate,183,9150
2025-09-23,9,Monsoon,31.154987622292328,Weekday,None,Evening,Urban,Strawberry,127,5715
2025-09-23,9,Monsoon,31.154987622292328,Weekday,None,Evening,Urban,Butterscotch,160,8800
2025-09-23,9,Monsoon,31.154987622292328,Weekday,None,Evening,Urban,Coffee,129,7740
2025-09-24,9,Monsoon,26.22927896311101,Weekday,None,Afternoon,Rural,Vanilla,92,3680
2025-09-24,9,Monsoon,26.22927896311101,Weekday,None,Afternoon,Rural,Chocolate,82,4100
2025-09-24,9,Monsoon,26.22927896311101,Weekday,None,Afternoon,Rural,Strawberry,81,3645
2025-09-24,9,Monsoon,26.22927896311101,Weekday,None,Afternoon,Rural,Butterscotch,82,4510
2025-09-24,9,Monsoon,26.22927896311101,Weekday,None,Afternoon,Rural,Coffee,42,2520
2025-09-25,9,Monsoon,29.738599028075416,Weekday,None,Evening,Urban,Vanilla,116,4640
2025-09-25,9,Monsoon,29.738599028075416,Weekday,None,Evening,Urban,Chocolate,167,8350
2025-09-25,9,Monsoon,29.738599028075416,Weekday,None,Evening,Urban,Strawberry,128,5760
2025-09-25,9,Monsoon,29.738599028075416,Weekday,None,Evening,Urban,Butterscotch,172,9460
2025-09-25,9,Monsoon,29.738599028075416,Weekday,None,Evening,Urban,Coffee,125,7500
2025-09-26,9,Monsoon,27.845315968583332,Weekday,None,Evening,Urban,Vanilla,120,4800
2025-09-26,9,Monsoon,27.845315968583332,Weekday,None,Evening,Urban,Chocolate,171,8550
2025-09-26,9,Monsoon,27.845315968583332,Weekday,None,Evening,Urban,Strawberry,118,5310
2025-09-26,9,Monsoon,27.845315968583332,Weekday,None,Evening,Urban,Butterscotch,155,8525
2025-09-26,9,Monsoon,27.845315968583332,Weekday,None,Evening,Urban,Coffee,133,7980
2025-09-27,9,Monsoon,29.523236869092404,Weekend,None,Afternoon,Urban,Vanilla,144,5760
2025-09-27,9,Monsoon,29.523236869092404,Weekend,None,Afternoon,Urban,Chocolate,183,9150
2025-09-27,9,Monsoon,29.523236869092404,Weekend,None,Afternoon,Urban,Strawberry,126,5670
2025-09-27,9,Monsoon,29.523236869092404,Weekend,None,Afternoon,Urban,Butterscotch,133,7315
2025-09-27,9,Monsoon,29.523236869092404,Weekend,None,Afternoon,Urban,Coffee,92,5520
2025-09-28,9,Monsoon,29.030246523169108,Weekend,None,Afternoon,Urban,Vanilla,142,5680
2025-09-28,9,Monsoon,29.030246523169108,Weekend,None,Afternoon,Urban,Chocolate,163,8150
2025-09-28,9,Monsoon,29.030246523169108,Weekend,None,Afternoon,Urban,Strawberry,114,5130
2025-09-28,9,Monsoon,29.030246523169108,Weekend,None,Afternoon,Urban,Butterscotch,172,9460
2025-09-28,9,Monsoon,29.030246523169108,Weekend,None,Afternoon,Urban,Coffee,103,6180
2025-09-29,9,Monsoon,29.70174106918543,Weekday,None,Evening,Urban,Vanilla,130,5200
2025-09-29,9,Monsoon,29.70174106918543,Weekday,None,Evening,Urban,Chocolate,182,9100
2025-09-29,9,Monsoon,29.70174106918543,Weekday,None,Evening,Urban,Strawberry,153,6885
2025-09-29,9,Monsoon,29.70174106918543,Weekday,None,Evening,Urban,Butterscotch,182,10010
2025-09-29,9,Monsoon,29.70174106918543,Weekday,None,Evening,Urban,Coffee,118,7080
2025-09-30,9,Monsoon,28.049030517621116,Weekday,None,Afternoon,Urban,Vanilla,104,4160
2025-09-30,9,Monsoon,28.049030517621116,Weekday,None,Afternoon,Urban,Chocolate,143,7150
2025-09-30,9,Monsoon,28.049030517621116,Weekday,None,Afternoon,Urban,Strawberry,110,4950
2025-09-30,9,Monsoon,28.049030517621116,Weekday,None,Afternoon,Urban,Butterscotch,129,7095
2025-09-30,9,Monsoon,28.049030517621116,Weekday,None,Afternoon,Urban,Coffee,125,7500
2025-10-01,10,Winter,19.587192851413995,Weekday,None,Evening,Rural,Vanilla,116,4640
2025-10-01,10,Winter,19.587192851413995,Weekday,None,Evening,Rural,Chocolate,127,6350
2025-10-01,10,Winter,19.587192851413995,Weekday,None,Evening,Rural,Strawberry,85,3825
2025-10-01,10,Winter,19.587192851413995,Weekday,None,Evening,Rural,Butterscotch,93,5115
2025-10-01,10,Winter,19.587192851413995,Weekday,None,Evening,Rural,Coffee,54,3240
2025-10-02,10,Winter,21.879888377436703,Weekday,None,Afternoon,Rural,Vanilla,93,3720
2025-10-02,10,Winter,21.879888377436703,Weekday,None,Afternoon,Rural,Chocolate,83,4150
2025-10-02,10,Winter,21.879888377436703,Weekday,None,Afternoon,Rural,Strawberry,78,3510
2025-10-02,10,Winter,21.879888377436703,Weekday,None,Afternoon,Rural,Butterscotch,46,2530
2025-10-02,10,Winter,21.879888377436703,Weekday,None,Afternoon,Rural,Coffee,59,3540
2025-10-03,10,Winter,24.677131404654723,Weekday,None,Night,Urban,Vanilla,84,3360
2025-10-03,10,Winter,24.677131404654723,Weekday,None,Night,Urban,Chocolate,133,6650
2025-10-03,10,Winter,24.677131404654723,Weekday,None,Night,Urban,Strawberry,79,3555
2025-10-03,10,Winter,24.677131404654723,Weekday,None,Night,Urban,Butterscotch,96,5280
2025-10-03,10,Winter,24.677131404654723,Weekday,None,Night,Urban,Coffee,89,5340
2025-10-04,10,Winter,20.10930377906068,Weekend,None,Evening,Urban,Vanilla,116,4640
2025-10-04,10,Winter,20.10930377906068,Weekend,None,Evening,Urban,Chocolate,179,8950
2025-10-04,10,Winter,20.10930377906068,Weekend,None,Evening,Urban,Strawberry,138,6210
2025-10-04,10,Winter,20.10930377906068,Weekend,None,Evening,Urban,Butterscotch,173,9515
2025-10-04,10,Winter,20.10930377906068,Weekend,None,Evening,Urban,Coffee,120,7200
2025-10-05,10,Winter,24.364211204808882,Weekend,None,Evening,Urban,Vanilla,147,5880
2025-10-05,10,Winter,24.364211204808882,Weekend,None,Evening,Urban,Chocolate,187,9350
2025-10-05,10,Winter,24.364211204808882,Weekend,None,Evening,Urban,Strawberry,115,5175
2025-10-05,10,Winter,24.364211204808882,Weekend,None,Evening,Urban,Butterscotch,190,10450
2025-10-05,10,Winter,24.364211204808882,Weekend,None,Evening,Urban,Coffee,108,6480
2025-10-06,10,Winter,25.759174630731742,Weekday,None,Evening,Urban,Vanilla,135,5400
2025-10-06,10,Winter,25.759174630731742,Weekday,None,Evening,Urban,Chocolate,155,7750
2025-10-06,10,Winter,25.759174630731742,Weekday,None,Evening,Urban,Strawberry,139,6255
2025-10-06,10,Winter,25.759174630731742,Weekday,None,Evening,Urban,Butterscotch,134,7370
2025-10-06,10,Winter,25.759174630731742,Weekday,None,Evening,Urban,Coffee,111,6660
2025-10-07,10,Winter,18.526352704250233,Weekday,None,Evening,Urban,Vanilla,117,4680
2025-10-07,10,Winter,18.526352704250233,Weekday,None,Evening,Urban,Chocolate,154,7700
2025-10-07,10,Winter,18.526352704250233,Weekday,None,Evening,Urban,Strawberry,103,4635
2025-10-07,10,Winter,18.526352704250233,Weekday,None,Evening,Urban,Butterscotch,129,7095
2025-10-07,10,Winter,18.526352704250233,Weekday,None,Evening,Urban,Coffee,88,5280
2025-10-08,10,Winter,23.70962912793857,Weekday,None,Night,Urban,Vanilla,90,3600
2025-10-08,10,Winter,23.70962912793857,Weekday,None,Night,Urban,Chocolate,124,6200
2025-10-08,10,Winter,23.70962912793857,Weekday,None,Night,Urban,Strawberry,86,3870
2025-10-08,10,Winter,23.70962912793857,Weekday,None,Night,Urban,Butterscotch,104,5720
2025-10-08,10,Winter,23.70962912793857,Weekday,None,Night,Urban,Coffee,65,3900
2025-10-09,10,Winter,25.28983955038616,Weekday,None,Evening,Urban,Vanilla,129,5160
2025-10-09,10,Winter,25.28983955038616,Weekday,None,Evening,Urban,Chocolate,153,7650
2025-10-09,10,Winter,25.28983955038616,Weekday,None,Evening,Urban,Strawberry,108,4860
2025-10-09,10,Winter,25.28983955038616,Weekday,None,Evening,Urban,Butterscotch,144,7920
2025-10-09,10,Winter,25.28983955038616,Weekday,None,Evening,Urban,Coffee,94,5640
2025-10-10,10,Winter,23.69349461214249,Weekday,None,Morning,Rural,Vanilla,58,2320
2025-10-10,10,Winter,23.69349461214249,Weekday,None,Morning,Rural,Chocolate,103,5150
2025-10-10,10,Winter,23.69349461214249,Weekday,None,Morning,Rural,Strawberry,70,3150
2025-10-10,10,Winter,23.69349461214249,Weekday,None,Morning,Rural,Butterscotch,129,7095
2025-10-10,10,Winter,23.69349461214249,Weekday,None,Morning,Rural,Coffee,67,4020
2025-10-11,10,Winter,16.793537394497065,Weekend,Holi,Afternoon,Urban,Vanilla,132,5280
2025-10-11,10,Winter,16.793537394497065,Weekend,Holi,Afternoon,Urban,Chocolate,134,6700
2025-10-11,10,Winter,16.793537394497065,Weekend,Holi,Afternoon,Urban,Strawberry,129,5805
2025-10-11,10,Winter,16.793537394497065,Weekend,Holi,Afternoon,Urban,Butterscotch,132,7260
2025-10-11,10,Winter,16.793537394497065,Weekend,Holi,Afternoon,Urban,Coffee,109,6540
2025-10-12,10,Winter,20.367176701226384,Weekend,None,Morning,Urban,Vanilla,94,3760
2025-10-12,10,Winter,20.367176701226384,Weekend,None,Morning,Urban,Chocolate,137,6850
2025-10-12,10,Winter,20.367176701226384,Weekend,None,Morning,Urban,Strawberry,97,4365
2025-10-12,10,Winter,20.367176701226384,Weekend,None,Morning,Urban,Butterscotch,125,6875
2025-10-12,10,Winter,20.367176701226384,Weekend,None,Morning,Urban,Coffee,105,6300
2025-10-13,10,Winter,24.305846313000885,Weekday,Summer Vacation,Night,Rural,Vanilla,113,4520
2025-10-13,10,Winter,24.305846313000885,Weekday,Summer Vacation,Night,Rural,Chocolate,142,7100
2025-10-13,10,Winter,24.305846313000885,Weekday,Summer Vacation,Night,Rural,Strawberry,87,3915
2025-10-13,10,Winter,24.305846313000885,Weekday,Summer Vacation,Night,Rural,Butterscotch,118,6490
2025-10-13,10,Winter,24.305846313000885,Weekday,Summer Vacation,Night,Rural,Coffee,90,5400
2025-10-14,10,Winter,20.951725148092876,Weekday,None,Evening,Rural,Vanilla,111,4440
2025-10-14,10,Winter,20.951725148092876,Weekday,None,Evening,Rural,Chocolate,102,5100
2025-10-14,10,Winter,20.951725148092876,Weekday,None,Evening,Rural,Strawberry,85,3825
2025-10-14,10,Winter,20.951725148092876,Weekday,None,Evening,Rural,Butterscotch,85,4675
2025-10-14,10,Winter,20.951725148092876,Weekday,None,Evening,Rural,Coffee,44,2640
2025-10-15,10,Winter,19.1528791263533,Weekday,None,Afternoon,Rural,Vanilla,64,2560
2025-10-15,10,Winter,19.1528791263533,Weekday,None,Afternoon,Rural,Chocolate,112,5600
2025-10-15,10,Winter,19.1528791263533,Weekday,None,Afternoon,Rural,Strawberry,83,3735
2025-10-15,10,Winter,19.1528791263533,Weekday,None,Afternoon,Rural,Butterscotch,91,5005
2025-10-15,10,Winter,19.1528791263533,Weekday,None,Afternoon,Rural,Coffee,45,2700
2025-10-16,10,Winter,29.278534011525323,Weekday,None,Morning,Rural,Vanilla,98,3920
2025-10-16,10,Winter,29.278534011525323,Weekday,None,Morning,Rural,Chocolate,122,6100
2025-10-16,10,Winter,29.278534011525323,Weekday,None,Morning,Rural,Strawberry,81,3645
2025-10-16,10,Winter,29.278534011525323,Weekday,None,Morning,Rural,Butterscotch,93,5115
2025-10-16,10,Winter,29.278534011525323,Weekday,None,Morning,Rural,Coffee,42,2520
2025-10-17,10,Winter,21.750684074750183,Weekday,None,Evening,Urban,Vanilla,141,5640
2025-10-17,10,Winter,21.750684074750183,Weekday,None,Evening,Urban,Chocolate,167,8350
2025-10-17,10,Winter,21.750684074750183,Weekday,None,Evening,Urban,Strawberry,111,4995
2025-10-17,10,Winter,21.750684074750183,Weekday,None,Evening,Urban,Butterscotch,140,7700
2025-10-17,10,Winter,21.750684074750183,Weekday,None,Evening,Urban,Coffee,114,6840
2025-10-18,10,Winter,26.47349921284054,Weekend,Navratri,Evening,Rural,Vanilla,164,6560
2025-10-18,10,Winter,26.47349921284054,Weekend,Navratri,Evening,Rural,Chocolate,202,10100
2025-10-18,10,Winter,26.47349921284054,Weekend,Navratri,Evening,Rural,Strawberry,164,7380
2025-10-18,10,Winter,26.47349921284054,Weekend,Navratri,Evening,Rural,Butterscotch,206,11330
2025-10-18,10,Winter,26.47349921284054,Weekend,Navratri,Evening,Rural,Coffee,114,6840
2025-10-19,10,Winter,18.77596720605068,Weekend,Summer Vacation,Afternoon,Rural,Vanilla,126,5040
2025-10-19,10,Winter,18.77596720605068,Weekend,Summer Vacation,Afternoon,Rural,Chocolate,162,8100
2025-10-19,10,Winter,18.77596720605068,Weekend,Summer Vacation,Afternoon,Rural,Strawberry,95,4275
2025-10-19,10,Winter,18.77596720605068,Weekend,Summer Vacation,Afternoon,Rural,Butterscotch,129,7095
2025-10-19,10,Winter,18.77596720605068,Weekend,Summer Vacation,Afternoon,Rural,Coffee,81,4860
2025-10-20,10,Winter,24.52832209029708,Weekday,None,Night,Urban,Vanilla,95,3800
2025-10-20,10,Winter,24.52832209029708,Weekday,None,Night,Urban,Chocolate,129,6450
2025-10-20,10,Winter,24.52832209029708,Weekday,None,Night,Urban,Strawberry,36,1620
2025-10-20,10,Winter,24.52832209029708,Weekday,None,Night,Urban,Butterscotch,121,6655
2025-10-20,10,Winter,24.52832209029708,Weekday,None,Night,Urban,Coffee,61,3660
2025-10-21,10,Winter,16.396846005520956,Weekday,None,Morning,Urban,Vanilla,49,1960
2025-10-21,10,Winter,16.396846005520956,Weekday,None,Morning,Urban,Chocolate,78,3900
2025-10-21,10,Winter,16.396846005520956,Weekday,None,Morning,Urban,Strawberry,56,2520
2025-10-21,10,Winter,16.396846005520956,Weekday,None,Morning,Urban,Butterscotch,72,3960
2025-10-21,10,Winter,16.396846005520956,Weekday,None,Morning,Urban,Coffee,59,3540
2025-10-22,10,Winter,27.85578726855227,Weekday,None,Evening,Urban,Vanilla,144,5760
2025-10-22,10,Winter,27.85578726855227,Weekday,None,Evening,Urban,Chocolate,192,9600
2025-10-22,10,Winter,27.85578726855227,Weekday,None,Evening,Urban,Strawberry,130,5850
2025-10-22,10,Winter,27.85578726855227,Weekday,None,Evening,Urban,Butterscotch,183,10065
2025-10-22,10,Winter,27.85578726855227,Weekday,None,Evening,Urban,Coffee,105,6300
2025-10-23,10,Winter,16.134234522725283,Weekday,None,Afternoon,Rural,Vanilla,30,1200
2025-10-23,10,Winter,16.134234522725283,Weekday,None,Afternoon,Rural,Chocolate,54,2700
2025-10-23,10,Winter,16.134234522725283,Weekday,None,Afternoon,Rural,Strawberry,29,1305
2025-10-23,10,Winter,16.134234522725283,Weekday,None,Afternoon,Rural,Butterscotch,65,3575
2025-10-23,10,Winter,16.134234522725283,Weekday,None,Afternoon,Rural,Coffee,20,1200
2025-10-24,10,Winter,23.811199048570664,Weekday,None,Night,Urban,Vanilla,110,4400
2025-10-24,10,Winter,23.811199048570664,Weekday,None,Night,Urban,Chocolate,138,6900
2025-10-24,10,Winter,23.811199048570664,Weekday,None,Night,Urban,Strawberry,86,3870
2025-10-24,10,Winter,23.811199048570664,Weekday,None,Night,Urban,Butterscotch,125,6875
2025-10-24,10,Winter,23.811199048570664,Weekday,None,Night,Urban,Coffee,93,5580
2025-10-25,10,Winter,21.56336507908069,Weekend,None,Evening,Rural,Vanilla,98,3920
2025-10-25,10,Winter,21.56336507908069,Weekend,None,Evening,Rural,Chocolate,160,8000
2025-10-25,10,Winter,21.56336507908069,Weekend,None,Evening,Rural,Strawberry,112,5040
2025-10-25,10,Winter,21.56336507908069,Weekend,None,Evening,Rural,Butterscotch,140,7700
2025-10-25,10,Winter,21.56336507908069,Weekend,None,Evening,Rural,Coffee,70,4200
2025-10-26,10,Winter,23.11316121464609,Weekend,None,Morning,Rural,Vanilla,83,3320
2025-10-26,10,Winter,23.11316121464609,Weekend,None,Morning,Rural,Chocolate,98,4900
2025-10-26,10,Winter,23.11316121464609,Weekend,None,Morning,Rural,Strawberry,81,3645
2025-10-26,10,Winter,23.11316121464609,Weekend,None,Morning,Rural,Butterscotch,84,4620
2025-10-26,10,Winter,23.11316121464609,Weekend,None,Morning,Rural,Coffee,70,4200
2025-10-27,10,Winter,16.58133035398031,Weekday,None,Evening,Rural,Vanilla,64,2560
2025-10-27,10,Winter,16.58133035398031,Weekday,None,Evening,Rural,Chocolate,94,4700
2025-10-27,10,Winter,16.58133035398031,Weekday,None,Evening,Rural,Strawberry,84,3780
2025-10-27,10,Winter,16.58133035398031,Weekday,None,Evening,Rural,Butterscotch,77,4235
2025-10-27,10,Winter,16.58133035398031,Weekday,None,Evening,Rural,Coffee,104,6240
2025-10-28,10,Winter,24.809140403849867,Weekday,None,Morning,Urban,Vanilla,101,4040
2025-10-28,10,Winter,24.809140403849867,Weekday,None,Morning,Urban,Chocolate,128,6400
2025-10-28,10,Winter,24.809140403849867,Weekday,None,Morning,Urban,Strawberry,102,4590
2025-10-28,10,Winter,24.809140403849867,Weekday,None,Morning,Urban,Butterscotch,101,5555
2025-10-28,10,Winter,24.809140403849867,Weekday,None,Morning,Urban,Coffee,82,4920
2025-10-29,10,Winter,22.196454578371636,Weekday,None,Morning,Urban,Vanilla,85,3400
2025-10-29,10,Winter,22.196454578371636,Weekday,None,Morning,Urban,Chocolate,114,5700
2025-10-29,10,Winter,22.196454578371636,Weekday,None,Morning,Urban,Strawberry,85,3825
2025-10-29,10,Winter,22.196454578371636,Weekday,None,Morning,Urban,Butterscotch,119,6545
2025-10-29,10,Winter,22.196454578371636,Weekday,None,Morning,Urban,Coffee,86,5160
2025-10-30,10,Winter,23.256734834118358,Weekday,None,Morning,Urban,Vanilla,54,2160
2025-10-30,10,Winter,23.256734834118358,Weekday,None,Morning,Urban,Chocolate,144,7200
2025-10-30,10,Winter,23.256734834118358,Weekday,None,Morning,Urban,Strawberry,94,4230
2025-10-30,10,Winter,23.256734834118358,Weekday,None,Morning,Urban,Butterscotch,86,4730
2025-10-30,10,Winter,23.256734834118358,Weekday,None,Morning,Urban,Coffee,102,6120
2025-10-31,10,Winter,22.824440383592464,Weekday,None,Evening,Urban,Vanilla,122,4880
2025-10-31,10,Winter,22.824440383592464,Weekday,None,Evening,Urban,Chocolate,160,8000
2025-10-31,10,Winter,22.824440383592464,Weekday,None,Evening,Urban,Strawberry,119,5355
2025-10-31,10,Winter,22.824440383592464,Weekday,None,Evening,Urban,Butterscotch,142,7810
2025-10-31,10,Winter,22.824440383592464,Weekday,None,Evening,Urban,Coffee,115,6900
2025-11-01,11,Winter,16.78694140526397,Weekend,Summer Vacation,Evening,Rural,Vanilla,141,5640
2025-11-01,11,Winter,16.78694140526397,Weekend,Summer Vacation,Evening,Rural,Chocolate,152,7600
2025-11-01,11,Winter,16.78694140526397,Weekend,Summer Vacation,Evening,Rural,Strawberry,123,5535
2025-11-01,11,Winter,16.78694140526397,Weekend,Summer Vacation,Evening,Rural,Butterscotch,197,10835
2025-11-01,11,Winter,16.78694140526397,Weekend,Summer Vacation,Evening,Rural,Coffee,114,6840
2025-11-02,11,Winter,20.33893745222769,Weekend,None,Evening,Rural,Vanilla,112,4480
2025-11-02,11,Winter,20.33893745222769,Weekend,None,Evening,Rural,Chocolate,158,7900
2025-11-02,11,Winter,20.33893745222769,Weekend,None,Evening,Rural,Strawberry,94,4230
2025-11-02,11,Winter,20.33893745222769,Weekend,None,Evening,Rural,Butterscotch,106,5830
2025-11-02,11,Winter,20.33893745222769,Weekend,None,Evening,Rural,Coffee,91,5460
2025-11-03,11,Winter,20.95749910088227,Weekday,Holi,Night,Urban,Vanilla,115,4600
2025-11-03,11,Winter,20.95749910088227,Weekday,Holi,Night,Urban,Chocolate,127,6350
2025-11-03,11,Winter,20.95749910088227,Weekday,Holi,Night,Urban,Strawberry,83,3735
2025-11-03,11,Winter,20.95749910088227,Weekday,Holi,Night,Urban,Butterscotch,150,8250
2025-11-03,11,Winter,20.95749910088227,Weekday,Holi,Night,Urban,Coffee,76,4560
2025-11-04,11,Winter,23.21789649754906,Weekday,None,Evening,Urban,Vanilla,122,4880
2025-11-04,11,Winter,23.21789649754906,Weekday,None,Evening,Urban,Chocolate,132,6600
2025-11-04,11,Winter,23.21789649754906,Weekday,None,Evening,Urban,Strawberry,139,6255
2025-11-04,11,Winter,23.21789649754906,Weekday,None,Evening,Urban,Butterscotch,166,9130
2025-11-04,11,Winter,23.21789649754906,Weekday,None,Evening,Urban,Coffee,104,6240
2025-11-05,11,Winter,25.968778481006595,Weekday,None,Afternoon,Urban,Vanilla,99,3960
2025-11-05,11,Winter,25.968778481006595,Weekday,None,Afternoon,Urban,Chocolate,107,5350
2025-11-05,11,Winter,25.968778481006595,Weekday,None,Afternoon,Urban,Strawberry,96,4320
2025-11-05,11,Winter,25.968778481006595,Weekday,None,Afternoon,Urban,Butterscotch,143,7865
2025-11-05,11,Winter,25.968778481006595,Weekday,None,Afternoon,Urban,Coffee,119,7140
2025-11-06,11,Winter,23.950694528348638,Weekday,None,Afternoon,Rural,Vanilla,62,2480
2025-11-06,11,Winter,23.950694528348638,Weekday,None,Afternoon,Rural,Chocolate,87,4350
2025-11-06,11,Winter,23.950694528348638,Weekday,None,Afternoon,Rural,Strawberry,92,4140
2025-11-06,11,Winter,23.950694528348638,Weekday,None,Afternoon,Rural,Butterscotch,94,5170
2025-11-06,11,Winter,23.950694528348638,Weekday,None,Afternoon,Rural,Coffee,72,4320
2025-11-07,11,Winter,24.669570855356483,Weekday,None,Evening,Rural,Vanilla,115,4600
2025-11-07,11,Winter,24.669570855356483,Weekday,None,Evening,Rural,Chocolate,152,7600
2025-11-07,11,Winter,24.669570855356483,Weekday,None,Evening,Rural,Strawberry,89,4005
2025-11-07,11,Winter,24.669570855356483,Weekday,None,Evening,Rural,Butterscotch,104,5720
2025-11-07,11,Winter,24.669570855356483,Weekday,None,Evening,Rural,Coffee,94,5640
2025-11-08,11,Winter,22.40032983713194,Weekend,None,Evening,Urban,Vanilla,142,5680
2025-11-08,11,Winter,22.40032983713194,Weekend,None,Evening,Urban,Chocolate,164,8200
2025-11-08,11,Winter,22.40032983713194,Weekend,None,Evening,Urban,Strawberry,134,6030
2025-11-08,11,Winter,22.40032983713194,Weekend,None,Evening,Urban,Butterscotch,153,8415
2025-11-08,11,Winter,22.40032983713194,Weekend,None,Evening,Urban,Coffee,108,6480
2025-11-09,11,Winter,23.299552201814627,Weekend,Navratri,Afternoon,Urban,Vanilla,130,5200
2025-11-09,11,Winter,23.299552201814627,Weekend,Navratri,Afternoon,Urban,Chocolate,202,10100
2025-11-09,11,Winter,23.299552201814627,Weekend,Navratri,Afternoon,Urban,Strawberry,137,6165
2025-11-09,11,Winter,23.299552201814627,Weekend,Navratri,Afternoon,Urban,Butterscotch,170,9350
2025-11-09,11,Winter,23.299552201814627,Weekend,Navratri,Afternoon,Urban,Coffee,141,8460
2025-11-10,11,Winter,19.27187425741276,Weekday,None,Afternoon,Urban,Vanilla,96,3840
2025-11-10,11,Winter,19.27187425741276,Weekday,None,Afternoon,Urban,Chocolate,106,5300
2025-11-10,11,Winter,19.27187425741276,Weekday,None,Afternoon,Urban,Strawberry,77,3465
2025-11-10,11,Winter,19.27187425741276,Weekday,None,Afternoon,Urban,Butterscotch,112,6160
2025-11-10,11,Winter,19.27187425741276,Weekday,None,Afternoon,Urban,Coffee,50,3000
2025-11-11,11,Winter,15.15028409615488,Weekday,Holi,Night,Urban,Vanilla,107,4280
2025-11-11,11,Winter,15.15028409615488,Weekday,Holi,Night,Urban,Chocolate,135,6750
2025-11-11,11,Winter,15.15028409615488,Weekday,Holi,Night,Urban,Strawberry,110,4950
2025-11-11,11,Winter,15.15028409615488,Weekday,Holi,Night,Urban,Butterscotch,114,6270
2025-11-11,11,Winter,15.15028409615488,Weekday,Holi,Night,Urban,Coffee,106,6360
2025-11-12,11,Winter,25.28395244773082,Weekday,Diwali,Evening,Urban,Vanilla,169,6760
2025-11-12,11,Winter,25.28395244773082,Weekday,Diwali,Evening,Urban,Chocolate,211,10550
2025-11-12,11,Winter,25.28395244773082,Weekday,Diwali,Evening,Urban,Strawberry,138,6210
2025-11-12,11,Winter,25.28395244773082,Weekday,Diwali,Evening,Urban,Butterscotch,197,10835
2025-11-12,11,Winter,25.28395244773082,Weekday,Diwali,Evening,Urban,Coffee,161,9660
2025-11-13,11,Winter,21.48155994431978,Weekday,None,Evening,Urban,Vanilla,107,4280
2025-11-13,11,Winter,21.48155994431978,Weekday,None,Evening,Urban,Chocolate,148,7400
2025-11-13,11,Winter,21.48155994431978,Weekday,None,Evening,Urban,Strawberry,112,5040
2025-11-13,11,Winter,21.48155994431978,Weekday,None,Evening,Urban,Butterscotch,135,7425
2025-11-13,11,Winter,21.48155994431978,Weekday,None,Evening,Urban,Coffee,114,6840
2025-11-14,11,Winter,20.14303115665641,Weekday,None,Afternoon,Urban,Vanilla,96,3840
2025-11-14,11,Winter,20.14303115665641,Weekday,None,Afternoon,Urban,Chocolate,105,5250
2025-11-14,11,Winter,20.14303115665641,Weekday,None,Afternoon,Urban,Strawberry,76,3420
2025-11-14,11,Winter,20.14303115665641,Weekday,None,Afternoon,Urban,Butterscotch,103,5665
2025-11-14,11,Winter,20.14303115665641,Weekday,None,Afternoon,Urban,Coffee,62,3720
2025-11-15,11,Winter,22.250036052925275,Weekend,None,Night,Urban,Vanilla,111,4440
2025-11-15,11,Winter,22.250036052925275,Weekend,None,Night,Urban,Chocolate,148,7400
2025-11-15,11,Winter,22.250036052925275,Weekend,None,Night,Urban,Strawberry,85,3825
2025-11-15,11,Winter,22.250036052925275,Weekend,None,Night,Urban,Butterscotch,119,6545
2025-11-15,11,Winter,22.250036052925275,Weekend,None,Night,Urban,Coffee,93,5580
2025-11-16,11,Winter,20.204055585401992,Weekend,None,Evening,Urban,Vanilla,137,5480
2025-11-16,11,Winter,20.204055585401992,Weekend,None,Evening,Urban,Chocolate,155,7750
2025-11-16,11,Winter,20.204055585401992,Weekend,None,Evening,Urban,Strawberry,122,5490
2025-11-16,11,Winter,20.204055585401992,Weekend,None,Evening,Urban,Butterscotch,148,8140
2025-11-16,11,Winter,20.204055585401992,Weekend,None,Evening,Urban,Coffee,108,6480
2025-11-17,11,Winter,21.006282073364815,Weekday,None,Afternoon,Urban,Vanilla,97,3880
2025-11-17,11,Winter,21.006282073364815,Weekday,None,Afternoon,Urban,Chocolate,101,5050
2025-11-17,11,Winter,21.006282073364815,Weekday,None,Afternoon,Urban,Strawberry,115,5175
2025-11-17,11,Winter,21.006282073364815,Weekday,None,Afternoon,Urban,Butterscotch,125,6875
2025-11-17,11,Winter,21.006282073364815,Weekday,None,Afternoon,Urban,Coffee,49,2940
2025-11-18,11,Winter,16.2105732613268,Weekday,Diwali,Evening,Urban,Vanilla,142,5680
2025-11-18,11,Winter,16.2105732613268,Weekday,Diwali,Evening,Urban,Chocolate,162,8100
2025-11-18,11,Winter,16.2105732613268,Weekday,Diwali,Evening,Urban,Strawberry,128,5760
2025-11-18,11,Winter,16.2105732613268,Weekday,Diwali,Evening,Urban,Butterscotch,161,8855
2025-11-18,11,Winter,16.2105732613268,Weekday,Diwali,Evening,Urban,Coffee,95,5700
2025-11-19,11,Winter,21.595029316068818,Weekday,None,Morning,Urban,Vanilla,84,3360
2025-11-19,11,Winter,21.595029316068818,Weekday,None,Morning,Urban,Chocolate,119,5950
2025-11-19,11,Winter,21.595029316068818,Weekday,None,Morning,Urban,Strawberry,89,4005
2025-11-19,11,Winter,21.595029316068818,Weekday,None,Morning,Urban,Butterscotch,111,6105
2025-11-19,11,Winter,21.595029316068818,Weekday,None,Morning,Urban,Coffee,90,5400
2025-11-20,11,Winter,26.16937773928548,Weekday,None,Evening,Urban,Vanilla,167,6680
2025-11-20,11,Winter,26.16937773928548,Weekday,None,Evening,Urban,Chocolate,157,7850
2025-11-20,11,Winter,26.16937773928548,Weekday,None,Evening,Urban,Strawberry,112,5040
2025-11-20,11,Winter,26.16937773928548,Weekday,None,Evening,Urban,Butterscotch,144,7920
2025-11-20,11,Winter,26.16937773928548,Weekday,None,Evening,Urban,Coffee,143,8580
2025-11-21,11,Winter,20.802230062162113,Weekday,None,Night,Urban,Vanilla,106,4240
2025-11-21,11,Winter,20.802230062162113,Weekday,None,Night,Urban,Chocolate,96,4800
2025-11-21,11,Winter,20.802230062162113,Weekday,None,Night,Urban,Strawberry,69,3105
2025-11-21,11,Winter,20.802230062162113,Weekday,None,Night,Urban,Butterscotch,110,6050
2025-11-21,11,Winter,20.802230062162113,Weekday,None,Night,Urban,Coffee,86,5160
2025-11-22,11,Winter,27.097436744569606,Weekend,None,Evening,Rural,Vanilla,125,5000
2025-11-22,11,Winter,27.097436744569606,Weekend,None,Evening,Rural,Chocolate,175,8750
2025-11-22,11,Winter,27.097436744569606,Weekend,None,Evening,Rural,Strawberry,129,5805
2025-11-22,11,Winter,27.097436744569606,Weekend,None,Evening,Rural,Butterscotch,180,9900
2025-11-22,11,Winter,27.097436744569606,Weekend,None,Evening,Rural,Coffee,109,6540
2025-11-23,11,Winter,23.73178710160276,Weekend,None,Afternoon,Urban,Vanilla,99,3960
2025-11-23,11,Winter,23.73178710160276,Weekend,None,Afternoon,Urban,Chocolate,107,5350
2025-11-23,11,Winter,23.73178710160276,Weekend,None,Afternoon,Urban,Strawberry,131,5895
2025-11-23,11,Winter,23.73178710160276,Weekend,None,Afternoon,Urban,Butterscotch,104,5720
2025-11-23,11,Winter,23.73178710160276,Weekend,None,Afternoon,Urban,Coffee,95,5700
2025-11-24,11,Winter,23.061852383130947,Weekday,Christmas,Afternoon,Rural,Vanilla,89,3560
2025-11-24,11,Winter,23.061852383130947,Weekday,Christmas,Afternoon,Rural,Chocolate,118,5900
2025-11-24,11,Winter,23.061852383130947,Weekday,Christmas,Afternoon,Rural,Strawberry,114,5130
2025-11-24,11,Winter,23.061852383130947,Weekday,Christmas,Afternoon,Rural,Butterscotch,120,6600
2025-11-24,11,Winter,23.061852383130947,Weekday,Christmas,Afternoon,Rural,Coffee,87,5220
2025-11-25,11,Winter,18.391985476684024,Weekday,Summer Vacation,Morning,Urban,Vanilla,105,4200
2025-11-25,11,Winter,18.391985476684024,Weekday,Summer Vacation,Morning,Urban,Chocolate,152,7600
2025-11-25,11,Winter,18.391985476684024,Weekday,Summer Vacation,Morning,Urban,Strawberry,98,4410
2025-11-25,11,Winter,18.391985476684024,Weekday,Summer Vacation,Morning,Urban,Butterscotch,127,6985
2025-11-25,11,Winter,18.391985476684024,Weekday,Summer Vacation,Morning,Urban,Coffee,96,5760
2025-11-26,11,Winter,19.62115749104171,Weekday,None,Afternoon,Urban,Vanilla,115,4600
2025-11-26,11,Winter,19.62115749104171,Weekday,None,Afternoon,Urban,Chocolate,92,4600
2025-11-26,11,Winter,19.62115749104171,Weekday,None,Afternoon,Urban,Strawberry,67,3015
2025-11-26,11,Winter,19.62115749104171,Weekday,None,Afternoon,Urban,Butterscotch,87,4785
2025-11-26,11,Winter,19.62115749104171,Weekday,None,Afternoon,Urban,Coffee,50,3000
2025-11-27,11,Winter,22.610446010356863,Weekday,None,Evening,Urban,Vanilla,106,4240
2025-11-27,11,Winter,22.610446010356863,Weekday,None,Evening,Urban,Chocolate,152,7600
2025-11-27,11,Winter,22.610446010356863,Weekday,None,Evening,Urban,Strawberry,94,4230
2025-11-27,11,Winter,22.610446010356863,Weekday,None,Evening,Urban,Butterscotch,160,8800
2025-11-27,11,Winter,22.610446010356863,Weekday,None,Evening,Urban,Coffee,95,5700
2025-11-28,11,Winter,20.43720291915465,Weekday,None,Night,Urban,Vanilla,96,3840
2025-11-28,11,Winter,20.43720291915465,Weekday,None,Night,Urban,Chocolate,147,7350
2025-11-28,11,Winter,20.43720291915465,Weekday,None,Night,Urban,Strawberry,107,4815
2025-11-28,11,Winter,20.43720291915465,Weekday,None,Night,Urban,Butterscotch,92,5060
2025-11-28,11,Winter,20.43720291915465,Weekday,None,Night,Urban,Coffee,51,3060
2025-11-29,11,Winter,20.78154575027859,Weekend,Summer Vacation,Night,Rural,Vanilla,108,4320
2025-11-29,11,Winter,20.78154575027859,Weekend,Summer Vacation,Night,Rural,Chocolate,157,7850
2025-11-29,11,Winter,20.78154575027859,Weekend,Summer Vacation,Night,Rural,Strawberry,113,5085
2025-11-29,11,Winter,20.78154575027859,Weekend,Summer Vacation,Night,Rural,Butterscotch,120,6600
2025-11-29,11,Winter,20.78154575027859,Weekend,Summer Vacation,Night,Rural,Coffee,96,5760
2025-11-30,11,Winter,15.428191250796587,Weekend,Diwali,Afternoon,Urban,Vanilla,120,4800
2025-11-30,11,Winter,15.428191250796587,Weekend,Diwali,Afternoon,Urban,Chocolate,157,7850
2025-11-30,11,Winter,15.428191250796587,Weekend,Diwali,Afternoon,Urban,Strawberry,120,5400
2025-11-30,11,Winter,15.428191250796587,Weekend,Diwali,Afternoon,Urban,Butterscotch,153,8415
2025-11-30,11,Winter,15.428191250796587,Weekend,Diwali,Afternoon,Urban,Coffee,104,6240
2025-12-01,12,Winter,20.895825153568957,Weekday,None,Afternoon,Rural,Vanilla,61,2440
2025-12-01,12,Winter,20.895825153568957,Weekday,None,Afternoon,Rural,Chocolate,60,3000
2025-12-01,12,Winter,20.895825153568957,Weekday,None,Afternoon,Rural,Strawberry,62,2790
2025-12-01,12,Winter,20.895825153568957,Weekday,None,Afternoon,Rural,Butterscotch,84,4620
2025-12-01,12,Winter,20.895825153568957,Weekday,None,Afternoon,Rural,Coffee,73,4380
2025-12-02,12,Winter,23.493190328676977,Weekday,None,Evening,Urban,Vanilla,122,4880
2025-12-02,12,Winter,23.493190328676977,Weekday,None,Evening,Urban,Chocolate,139,6950
2025-12-02,12,Winter,23.493190328676977,Weekday,None,Evening,Urban,Strawberry,154,6930
2025-12-02,12,Winter,23.493190328676977,Weekday,None,Evening,Urban,Butterscotch,122,6710
2025-12-02,12,Winter,23.493190328676977,Weekday,None,Evening,Urban,Coffee,118,7080
2025-12-03,12,Winter,23.293851450658895,Weekday,Diwali,Morning,Urban,Vanilla,117,4680
2025-12-03,12,Winter,23.293851450658895,Weekday,Diwali,Morning,Urban,Chocolate,137,6850
2025-12-03,12,Winter,23.293851450658895,Weekday,Diwali,Morning,Urban,Strawberry,140,6300
2025-12-03,12,Winter,23.293851450658895,Weekday,Diwali,Morning,Urban,Butterscotch,138,7590
2025-12-03,12,Winter,23.293851450658895,Weekday,Diwali,Morning,Urban,Coffee,128,7680
2025-12-04,12,Winter,14.328885105038655,Weekday,None,Afternoon,Urban,Vanilla,67,2680
2025-12-04,12,Winter,14.328885105038655,Weekday,None,Afternoon,Urban,Chocolate,86,4300
2025-12-04,12,Winter,14.328885105038655,Weekday,None,Afternoon,Urban,Strawberry,77,3465
2025-12-04,12,Winter,14.328885105038655,Weekday,None,Afternoon,Urban,Butterscotch,105,5775
2025-12-04,12,Winter,14.328885105038655,Weekday,None,Afternoon,Urban,Coffee,62,3720
2025-12-05,12,Winter,23.965234052891578,Weekday,None,Night,Rural,Vanilla,81,3240
2025-12-05,12,Winter,23.965234052891578,Weekday,None,Night,Rural,Chocolate,100,5000
2025-12-05,12,Winter,23.965234052891578,Weekday,None,Night,Rural,Strawberry,82,3690
2025-12-05,12,Winter,23.965234052891578,Weekday,None,Night,Rural,Butterscotch,68,3740
2025-12-05,12,Winter,23.965234052891578,Weekday,None,Night,Rural,Coffee,79,4740
2025-12-06,12,Winter,22.628039007686287,Weekend,None,Evening,Urban,Vanilla,150,6000
2025-12-06,12,Winter,22.628039007686287,Weekend,None,Evening,Urban,Chocolate,177,8850
2025-12-06,12,Winter,22.628039007686287,Weekend,None,Evening,Urban,Strawberry,137,6165
2025-12-06,12,Winter,22.628039007686287,Weekend,None,Evening,Urban,Butterscotch,154,8470
2025-12-06,12,Winter,22.628039007686287,Weekend,None,Evening,Urban,Coffee,98,5880
2025-12-07,12,Winter,20.187910343575687,Weekend,None,Night,Urban,Vanilla,113,4520
2025-12-07,12,Winter,20.187910343575687,Weekend,None,Night,Urban,Chocolate,119,5950
2025-12-07,12,Winter,20.187910343575687,Weekend,None,Night,Urban,Strawberry,107,4815
2025-12-07,12,Winter,20.187910343575687,Weekend,None,Night,Urban,Butterscotch,133,7315
2025-12-07,12,Winter,20.187910343575687,Weekend,None,Night,Urban,Coffee,76,4560
2025-12-08,12,Winter,26.161750767900347,Weekday,None,Morning,Rural,Vanilla,89,3560
2025-12-08,12,Winter,26.161750767900347,Weekday,None,Morning,Rural,Chocolate,104,5200
2025-12-08,12,Winter,26.161750767900347,Weekday,None,Morning,Rural,Strawberry,52,2340
2025-12-08,12,Winter,26.161750767900347,Weekday,None,Morning,Rural,Butterscotch,76,4180
2025-12-08,12,Winter,26.161750767900347,Weekday,None,Morning,Rural,Coffee,73,4380
2025-12-09,12,Winter,21.967182844119744,Weekday,None,Night,Urban,Vanilla,102,4080
2025-12-09,12,Winter,21.967182844119744,Weekday,None,Night,Urban,Chocolate,118,5900
2025-12-09,12,Winter,21.967182844119744,Weekday,None,Night,Urban,Strawberry,114,5130
2025-12-09,12,Winter,21.967182844119744,Weekday,None,Night,Urban,Butterscotch,102,5610
2025-12-09,12,Winter,21.967182844119744,Weekday,None,Night,Urban,Coffee,50,3000
2025-12-10,12,Winter,22.643585708491756,Weekday,Diwali,Afternoon,Urban,Vanilla,126,5040
2025-12-10,12,Winter,22.643585708491756,Weekday,Diwali,Afternoon,Urban,Chocolate,171,8550
2025-12-10,12,Winter,22.643585708491756,Weekday,Diwali,Afternoon,Urban,Strawberry,127,5715
2025-12-10,12,Winter,22.643585708491756,Weekday,Diwali,Afternoon,Urban,Butterscotch,164,9020
2025-12-10,12,Winter,22.643585708491756,Weekday,Diwali,Afternoon,Urban,Coffee,76,4560
2025-12-11,12,Winter,23.76441385402798,Weekday,None,Evening,Urban,Vanilla,111,4440
2025-12-11,12,Winter,23.76441385402798,Weekday,None,Evening,Urban,Chocolate,154,7700
2025-12-11,12,Winter,23.76441385402798,Weekday,None,Evening,Urban,Strawberry,128,5760
2025-12-11,12,Winter,23.76441385402798,Weekday,None,Evening,Urban,Butterscotch,152,8360
2025-12-11,12,Winter,23.76441385402798,Weekday,None,Evening,Urban,Coffee,126,7560
2025-12-12,12,Winter,21.498666616303968,Weekday,Holi,Night,Urban,Vanilla,140,5600
2025-12-12,12,Winter,21.498666616303968,Weekday,Holi,Night,Urban,Chocolate,153,7650
2025-12-12,12,Winter,21.498666616303968,Weekday,Holi,Night,Urban,Strawberry,133,5985
2025-12-12,12,Winter,21.498666616303968,Weekday,Holi,Night,Urban,Butterscotch,149,8195
2025-12-12,12,Winter,21.498666616303968,Weekday,Holi,Night,Urban,Coffee,86,5160
2025-12-13,12,Winter,21.57905131585852,Weekend,None,Evening,Urban,Vanilla,175,7000
2025-12-13,12,Winter,21.57905131585852,Weekend,None,Evening,Urban,Chocolate,185,9250
2025-12-13,12,Winter,21.57905131585852,Weekend,None,Evening,Urban,Strawberry,138,6210
2025-12-13,12,Winter,21.57905131585852,Weekend,None,Evening,Urban,Butterscotch,162,8910
2025-12-13,12,Winter,21.57905131585852,Weekend,None,Evening,Urban,Coffee,113,6780
2025-12-14,12,Winter,18.414674319219383,Weekend,None,Evening,Urban,Vanilla,145,5800
2025-12-14,12,Winter,18.414674319219383,Weekend,None,Evening,Urban,Chocolate,166,8300
2025-12-14,12,Winter,18.414674319219383,Weekend,None,Evening,Urban,Strawberry,117,5265
2025-12-14,12,Winter,18.414674319219383,Weekend,None,Evening,Urban,Butterscotch,162,8910
2025-12-14,12,Winter,18.414674319219383,Weekend,None,Evening,Urban,Coffee,99,5940
2025-12-15,12,Winter,21.593196280297352,Weekday,None,Evening,Urban,Vanilla,136,5440
2025-12-15,12,Winter,21.593196280297352,Weekday,None,Evening,Urban,Chocolate,164,8200
2025-12-15,12,Winter,21.593196280297352,Weekday,None,Evening,Urban,Strawberry,134,6030
2025-12-15,12,Winter,21.593196280297352,Weekday,None,Evening,Urban,Butterscotch,140,7700
2025-12-15,12,Winter,21.593196280297352,Weekday,None,Evening,Urban,Coffee,96,5760
2025-12-16,12,Winter,24.529920023298864,Weekday,None,Afternoon,Urban,Vanilla,90,3600
2025-12-16,12,Winter,24.529920023298864,Weekday,None,Afternoon,Urban,Chocolate,129,6450
2025-12-16,12,Winter,24.529920023298864,Weekday,None,Afternoon,Urban,Strawberry,117,5265
2025-12-16,12,Winter,24.529920023298864,Weekday,None,Afternoon,Urban,Butterscotch,108,5940
2025-12-16,12,Winter,24.529920023298864,Weekday,None,Afternoon,Urban,Coffee,93,5580
2025-12-17,12,Winter,25.220020530590638,Weekday,None,Afternoon,Urban,Vanilla,117,4680
2025-12-17,12,Winter,25.220020530590638,Weekday,None,Afternoon,Urban,Chocolate,106,5300
2025-12-17,12,Winter,25.220020530590638,Weekday,None,Afternoon,Urban,Strawberry,78,3510
2025-12-17,12,Winter,25.220020530590638,Weekday,None,Afternoon,Urban,Butterscotch,100,5500
2025-12-17,12,Winter,25.220020530590638,Weekday,None,Afternoon,Urban,Coffee,94,5640
2025-12-18,12,Winter,23.011146072534235,Weekday,Navratri,Evening,Urban,Vanilla,166,6640
2025-12-18,12,Winter,23.011146072534235,Weekday,Navratri,Evening,Urban,Chocolate,190,9500
2025-12-18,12,Winter,23.011146072534235,Weekday,Navratri,Evening,Urban,Strawberry,158,7110
2025-12-18,12,Winter,23.011146072534235,Weekday,Navratri,Evening,Urban,Butterscotch,183,10065
2025-12-18,12,Winter,23.011146072534235,Weekday,Navratri,Evening,Urban,Coffee,132,7920
2025-12-19,12,Winter,26.67504988042593,Weekday,None,Morning,Urban,Vanilla,119,4760
2025-12-19,12,Winter,26.67504988042593,Weekday,None,Morning,Urban,Chocolate,132,6600
2025-12-19,12,Winter,26.67504988042593,Weekday,None,Morning,Urban,Strawberry,80,3600
2025-12-19,12,Winter,26.67504988042593,Weekday,None,Morning,Urban,Butterscotch,106,5830
2025-12-19,12,Winter,26.67504988042593,Weekday,None,Morning,Urban,Coffee,122,7320
2025-12-20,12,Winter,20.73963106818432,Weekend,None,Afternoon,Urban,Vanilla,81,3240
2025-12-20,12,Winter,20.73963106818432,Weekend,None,Afternoon,Urban,Chocolate,111,5550
2025-12-20,12,Winter,20.73963106818432,Weekend,None,Afternoon,Urban,Strawberry,106,4770
2025-12-20,12,Winter,20.73963106818432,Weekend,None,Afternoon,Urban,Butterscotch,123,6765
2025-12-20,12,Winter,20.73963106818432,Weekend,None,Afternoon,Urban,Coffee,94,5640
2025-12-21,12,Winter,21.68634583429442,Weekend,None,Morning,Rural,Vanilla,69,2760
2025-12-21,12,Winter,21.68634583429442,Weekend,None,Morning,Rural,Chocolate,89,4450
2025-12-21,12,Winter,21.68634583429442,Weekend,None,Morning,Rural,Strawberry,83,3735
2025-12-21,12,Winter,21.68634583429442,Weekend,None,Morning,Rural,Butterscotch,92,5060
2025-12-21,12,Winter,21.68634583429442,Weekend,None,Morning,Rural,Coffee,89,5340
2025-12-22,12,Winter,24.564364004239142,Weekday,None,Night,Urban,Vanilla,95,3800
2025-12-22,12,Winter,24.564364004239142,Weekday,None,Night,Urban,Chocolate,135,6750
2025-12-22,12,Winter,24.564364004239142,Weekday,None,Night,Urban,Strawberry,100,4500
2025-12-22,12,Winter,24.564364004239142,Weekday,None,Night,Urban,Butterscotch,104,5720
2025-12-22,12,Winter,24.564364004239142,Weekday,None,Night,Urban,Coffee,85,5100
2025-12-23,12,Winter,19.454866588353585,Weekday,None,Evening,Rural,Vanilla,93,3720
2025-12-23,12,Winter,19.454866588353585,Weekday,None,Evening,Rural,Chocolate,118,5900
2025-12-23,12,Winter,19.454866588353585,Weekday,None,Evening,Rural,Strawberry,65,2925
2025-12-23,12,Winter,19.454866588353585,Weekday,None,Evening,Rural,Butterscotch,110,6050
2025-12-23,12,Winter,19.454866588353585,Weekday,None,Evening,Rural,Coffee,55,3300
2025-12-24,12,Winter,24.88528054460605,Weekday,Navratri,Night,Rural,Vanilla,129,5160
2025-12-24,12,Winter,24.88528054460605,Weekday,Navratri,Night,Rural,Chocolate,157,7850
2025-12-24,12,Winter,24.88528054460605,Weekday,Navratri,Night,Rural,Strawberry,86,3870
2025-12-24,12,Winter,24.88528054460605,Weekday,Navratri,Night,Rural,Butterscotch,105,5775
2025-12-24,12,Winter,24.88528054460605,Weekday,Navratri,Night,Rural,Coffee,91,5460
2025-12-25,12,Winter,15.51651368928487,Weekday,None,Evening,Urban,Vanilla,125,5000
2025-12-25,12,Winter,15.51651368928487,Weekday,None,Evening,Urban,Chocolate,112,5600
2025-12-25,12,Winter,15.51651368928487,Weekday,None,Evening,Urban,Strawberry,117,5265
2025-12-25,12,Winter,15.51651368928487,Weekday,None,Evening,Urban,Butterscotch,119,6545
2025-12-25,12,Winter,15.51651368928487,Weekday,None,Evening,Urban,Coffee,92,5520
2025-12-26,12,Winter,23.368118765151085,Weekday,Summer Vacation,Evening,Urban,Vanilla,173,6920
2025-12-26,12,Winter,23.368118765151085,Weekday,Summer Vacation,Evening,Urban,Chocolate,212,10600
2025-12-26,12,Winter,23.368118765151085,Weekday,Summer Vacation,Evening,Urban,Strawberry,137,6165
2025-12-26,12,Winter,23.368118765151085,Weekday,Summer Vacation,Evening,Urban,Butterscotch,186,10230
2025-12-26,12,Winter,23.368118765151085,Weekday,Summer Vacation,Evening,Urban,Coffee,140,8400
2025-12-27,12,Winter,19.41842839605628,Weekend,None,Afternoon,Urban,Vanilla,107,4280
2025-12-27,12,Winter,19.41842839605628,Weekend,None,Afternoon,Urban,Chocolate,131,6550
2025-12-27,12,Winter,19.41842839605628,Weekend,None,Afternoon,Urban,Strawberry,115,5175
2025-12-27,12,Winter,19.41842839605628,Weekend,None,Afternoon,Urban,Butterscotch,123,6765
2025-12-27,12,Winter,19.41842839605628,Weekend,None,Afternoon,Urban,Coffee,81,4860
2025-12-28,12,Winter,22.721342515420034,Weekend,None,Morning,Urban,Vanilla,145,5800
2025-12-28,12,Winter,22.721342515420034,Weekend,None,Morning,Urban,Chocolate,148,7400
2025-12-28,12,Winter,22.721342515420034,Weekend,None,Morning,Urban,Strawberry,102,4590
2025-12-28,12,Winter,22.721342515420034,Weekend,None,Morning,Urban,Butterscotch,143,7865
2025-12-28,12,Winter,22.721342515420034,Weekend,None,Morning,Urban,Coffee,75,4500
2025-12-29,12,Winter,29.105003627201313,Weekday,Holi,Afternoon,Urban,Vanilla,165,6600
2025-12-29,12,Winter,29.105003627201313,Weekday,Holi,Afternoon,Urban,Chocolate,195,9750
2025-12-29,12,Winter,29.105003627201313,Weekday,Holi,Afternoon,Urban,Strawberry,149,6705
2025-12-29,12,Winter,29.105003627201313,Weekday,Holi,Afternoon,Urban,Butterscotch,184,10120
2025-12-29,12,Winter,29.105003627201313,Weekday,Holi,Afternoon,Urban,Coffee,142,8520
2025-12-30,12,Winter,21.88050701414806,Weekday,Navratri,Morning,Urban,Vanilla,151,6040
2025-12-30,12,Winter,21.88050701414806,Weekday,Navratri,Morning,Urban,Chocolate,173,8650
2025-12-30,12,Winter,21.88050701414806,Weekday,Navratri,Morning,Urban,Strawberry,109,4905
2025-12-30,12,Winter,21.88050701414806,Weekday,Navratri,Morning,Urban,Butterscotch,121,6655
2025-12-30,12,Winter,21.88050701414806,Weekday,Navratri,Morning,Urban,Coffee,106,6360
2025-12-31,12,Winter,20.185843400093567,Weekday,None,Afternoon,Urban,Vanilla,100,4000
2025-12-31,12,Winter,20.185843400093567,Weekday,None,Afternoon,Urban,Chocolate,95,4750
2025-12-31,12,Winter,20.185843400093567,Weekday,None,Afternoon,Urban,Strawberry,74,3330
2025-12-31,12,Winter,20.185843400093567,Weekday,None,Afternoon,Urban,Butterscotch,115,6325
2025-12-31,12,Winter,20.185843400093567,Weekday,None,Afternoon,Urban,Coffee,70,4200
